id,title,full_name,partner_name,sex,dob,passport_no,expiry_date,email
1,,Debra Rolfo,,F,30/08/1986,FWU51482295,14/08/1980,sbroek0@si.edu
2,Mr,Aldridge Brownlow,Lotte Linnock,M,21/11/2009,Y6061918,30/07/1983,llinnock1@bravesites.com
3,Honorable,Loren Droogan,Ashlee Greenmon,M,3/04/2004,D18877282,6/07/2006,agreenmon2@goodreads.com
4,,Reece Gencke,,F,3/10/1986,LA38476447,15/12/1989,abarensen3@paginegialle.it
5,Rev,Cassandre Giacomasso,Alexia Skey,F,15/10/2002,RY27543799,22/01/1989,askey4@prweb.com
6,Mrs,Claybourne Ayton,Jae Fance,F,24/08/2009,A06574320,27/04/1994,jfance5@nbcnews.com
7,Dr,Jamima Stonner,Bess Kettle,M,29/04/2001,W91392202,5/10/1991,bkettle6@jiathis.com
8,Dr,Barbette Solman,Leena Fominov,F,19/09/1992,JFO543464,30/04/2003,lfominov7@skype.com
9,,Aubine Kinnen,,M,3/04/1989,S8649454,26/09/2004,ynoli8@state.gov
10,Mr,Hersch Tanslie,Malinda Brane,M,5/10/1991,R0430359,5/09/1994,mbrane9@tumblr.com
11,Rev,Kendrick Woodes,Madel Morant,F,12/06/1996,VUX719243,17/03/2008,mmoranta@icio.us
12,Rev,Stoddard Desporte,Jonie Trendle,M,25/11/1990,WVT66348061,14/04/1986,jtrendleb@ibm.com
13,Dr,Denice Cron,Waldon Jenkinson,M,7/10/1985,QA722019,20/03/1983,wjenkinsonc@google.nl
14,,Jobyna Mc Harg,,M,4/05/2006,BH53913600,13/05/2007,cgoulstond@mapquest.com
15,Ms,Jaquelyn Emptage,Gilbertina Presshaugh,M,17/02/1990,I674976,24/02/1981,gpresshaughe@t.co
16,,Reeba Videler,,F,27/10/2003,R8335246,28/01/1990,bbickerdickef@list-manage.com
17,Mrs,Rowe St. Clair,Ive Hallbord,F,7/04/1997,ORP89262147,24/11/1982,ihallbordg@ftc.gov
18,,Amanda Edwins,,M,23/08/2009,PJ431678,16/07/1997,sklimowiczh@unicef.org
19,Honorable,Melly Diess,Marlon Tackell,M,21/08/2001,YWF1570050,11/09/2002,mtackelli@ning.com
20,Mr,Abdul Collcott,Loy Drew-Clifton,M,5/10/1988,E504541,27/05/1987,ldrewcliftonj@google.com.hk
21,Mr,Lura Danko,Russ Manna,F,22/02/1984,AQV9318015,8/02/1990,rmannak@trellian.com
22,Honorable,Dody Lepard,Ebba Barten,F,9/05/2006,VFJ43769806,15/07/1989,ebartenl@constantcontact.com
23,Mr,Cynthie Schimaschke,Stephine Souttar,F,17/02/2001,NK30984026,14/08/2000,ssouttarm@goodreads.com
24,Rev,Vladamir Bentham,Elroy Giraudat,F,6/02/1987,CW12144900,31/01/1999,egiraudatn@photobucket.com
25,Dr,Glennis Guerre,Gavan Habbershon,M,22/03/2009,KR767702,14/11/1997,ghabbershono@theguardian.com
26,Rev,Mitchell Hazeldine,Trixie Kaliszewski,M,13/11/1996,RUP72908973,29/09/1991,tkaliszewskip@cocolog-nifty.com
27,Mr,Mohammed Ree,Mariya Cartmale,M,15/01/1989,L4072191,22/09/2006,mcartmaleq@sfgate.com
28,,Daryn Longfield,,F,17/12/1988,QI172617,12/10/2008,vadelsbergr@ycombinator.com
29,Mrs,Forrester Stoke,Sorcha Blees,F,30/11/1993,CL871184,10/05/1993,sbleess@parallels.com
30,Mrs,Felecia Coatman,Caddric Roggers,M,11/12/1999,DP272551,13/04/1988,croggerst@washingtonpost.com
31,,Ber Camerana,,F,3/08/2001,VW5271275,8/10/2004,coenu@home.pl
32,Mrs,Linette Pinnocke,Eveline Starling,M,21/07/1997,ID41460745,3/06/1995,estarlingv@tripod.com
33,Honorable,Gaile Sentance,Gradey Pickhaver,F,30/04/2002,HD59546681,14/07/1992,gpickhaverw@marketwatch.com
34,,Pace Attlee,,F,11/05/2007,HQ279491,8/03/2002,dpetrollox@about.me
35,Ms,Adlai Dealtry,Marina Lidgate,M,7/10/2008,CWE27949593,3/11/1991,mlidgatey@census.gov
36,Mrs,Dominick Linton,Marv Brommage,M,30/03/1988,T790998,25/08/2009,mbrommagez@sphinn.com
37,Honorable,Marja Heninghem,Stevena Lees,F,23/11/2004,S8152909,13/12/2004,slees10@mapquest.com
38,Ms,Adriena Hugle,Winonah Shotboult,F,13/11/2009,BEG5924180,22/03/1994,wshotboult11@google.co.uk
39,Mrs,Tymothy Bulluck,Brion Spilsbury,M,7/07/1987,FA28512727,19/08/2003,bspilsbury12@google.com.br
40,Dr,Florian Pardoe,Neely Hustler,M,14/05/2005,Y9598018,13/04/1988,nhustler13@canalblog.com
41,Mrs,Gibb Slaymaker,Gabbi Jephcott,M,19/01/2000,KAW03647620,14/08/1992,gjephcott14@foxnews.com
42,Mrs,Georgine Welldrake,Merrily Staden,F,12/12/1998,H902533,2/12/1989,mstaden15@g.co
43,Mr,Micky Presley,Janean Keeler,F,23/08/2003,Y48919850,6/09/2007,jkeeler16@quantcast.com
44,Honorable,Hiram Bertomieu,Broddie Wrought,M,3/11/1985,V1849219,16/12/1992,bwrought17@telegraph.co.uk
45,Honorable,Guinna Ducham,Kevina Skrines,F,26/01/1982,IC84358730,25/03/2006,kskrines18@dot.gov
46,Ms,Albie Caudell,Jecho Deshon,M,28/07/1989,A13799698,11/09/2007,jdeshon19@domainmarket.com
47,Dr,Constantine Seakings,Claribel Osgar,M,12/04/1989,ZY012015,5/06/1997,cosgar1a@ihg.com
48,Rev,Dody Calender,Quillan Curteis,F,4/06/1981,D90027382,13/03/1997,qcurteis1b@cnn.com
49,Mrs,Cthrine Hargerie,Kelley Besantie,M,27/09/2005,RT81013721,7/11/2009,kbesantie1c@paginegialle.it
50,Mr,Thadeus Praundl,Jehu Tother,M,2/03/1994,WT366567,26/05/1982,jtother1d@cam.ac.uk
51,Honorable,Aldin Stredder,Leshia Callard,F,3/09/1991,O2990029,24/10/1991,lcallard1e@usa.gov
52,Rev,Spencer MacEveley,Rolland Pengelley,M,27/11/2006,NG355562,1/07/2003,rpengelley1f@boston.com
53,Ms,Kellina Muat,Jackelyn Dod,M,28/08/2003,V346956,21/01/1998,jdod1g@youtube.com
54,,Aksel Kull,,M,28/01/1981,XN019203,25/04/1995,gpetrushanko1h@free.fr
55,Mr,Hedy Gratrex,Frederigo MacKeague,M,15/05/1981,LF368756,6/07/2002,fmackeague1i@studiopress.com
56,Ms,Archer Peinke,Travus Whitty,F,20/09/1980,IW8596850,4/02/1997,twhitty1j@rakuten.co.jp
57,Rev,Juana De Avenell,Anette Marshfield,F,7/05/1994,RSN5029481,19/10/2001,amarshfield1k@ox.ac.uk
58,Mrs,Anne Boulder,Carilyn Greschik,M,13/06/1980,HDQ40895553,27/05/2000,cgreschik1l@nhs.uk
59,Honorable,Morgana Feldhammer,Douglas Reach,M,28/05/1987,TR065609,21/01/2003,dreach1m@cnbc.com
60,Mr,Roland Duran,Prissie Southerill,M,15/01/2006,TLA714782,27/08/1988,psoutherill1n@noaa.gov
61,Dr,Adolpho Guice,Theodor Kettlesting,M,12/01/1992,B08649496,11/02/2000,tkettlesting1o@tiny.cc
62,Mrs,Miquela Gooderidge,Nessi Paye,F,13/03/2002,PH268883,20/08/1980,npaye1p@comsenz.com
63,,Wells Bertot,,M,11/09/2001,T77813907,22/09/2002,kpickford1q@illinois.edu
64,Rev,Guenna Elsey,Lolita Fontenot,F,17/05/1993,DL27290618,13/02/2006,lfontenot1r@epa.gov
65,Mrs,Dacia Dmitrovic,Prescott Colnett,F,19/11/2008,SO8297604,15/01/2008,pcolnett1s@foxnews.com
66,Mrs,Dyna Hook,Alida Black,F,21/09/1993,AQ4542964,24/02/1988,ablack1t@gnu.org
67,,Ambur Shireff,,M,17/01/1989,X805955,23/02/1997,arecher1u@smh.com.au
68,Mr,Farrel Graffin,Koressa Iannazzi,M,12/06/1983,FI923426,13/06/1991,kiannazzi1v@ibm.com
69,,Artus Lidgerton,,F,18/04/1995,G557508,29/12/1995,mlayborn1w@chicagotribune.com
70,Rev,Corty Water,Jade Camier,M,5/06/1997,GZI27986025,31/07/1993,jcamier1x@youtube.com
71,Honorable,Susi Crumly,Rochette Conyers,M,30/03/2009,R4846558,12/09/2007,rconyers1y@edublogs.org
72,Ms,Phillie Jarred,Charin Louth,F,24/04/1988,ND97886860,18/09/2008,clouth1z@smh.com.au
73,Mrs,Muire Anster,Gerti Daverin,M,12/05/1981,I93210362,15/05/1996,gdaverin20@aol.com
74,,Moises Erlam,,F,30/03/2006,D8222357,15/09/1994,mmorrilly21@army.mil
75,Rev,Amanda Yarwood,Pierson McCritichie,M,22/01/2007,AS59379496,13/01/1998,pmccritichie22@csmonitor.com
76,Ms,Elijah Standbridge,Ansley Arend,F,21/01/1982,L0006082,16/02/2008,aarend23@hao123.com
77,Honorable,Dennison Muff,Dotty Polino,M,1/07/1998,W496490,24/06/2000,dpolino24@gmpg.org
78,,Ira Howard,,F,8/02/1986,OME8004444,22/02/1981,apopelay25@cbsnews.com
79,Mr,Austina Canny,Harbert Youel,F,22/11/1987,TG8252610,13/04/1994,hyouel26@google.fr
80,,Bernadette Budden,,M,12/04/1992,YKV283298,25/07/1982,asaura27@sohu.com
81,,Monika Lascell,,M,7/10/2005,IYJ98686722,26/10/1984,eeggle28@time.com
82,Mr,Renee Clemson,Sibyl Oty,F,7/12/2005,G3502327,1/10/1985,soty29@cnn.com
83,Dr,Midge Orbell,Elonore Adaway,M,1/10/1987,AVR08190478,21/05/1998,eadaway2a@t-online.de
84,Ms,Corey Yitzhok,Hazel Gytesham,M,8/04/2007,D94707948,14/08/2004,hgytesham2b@cbsnews.com
85,Mrs,Cesare Leband,Crysta Morais,F,5/06/2003,BG718152,25/06/2000,cmorais2c@sogou.com
86,Mr,Grata Skully,Gardner Lysaght,F,11/07/2003,L7952529,24/09/1984,glysaght2d@zimbio.com
87,Mrs,Daniella Motton,Carie Tewkesberrie,M,24/11/2005,MHA72274331,5/02/1996,ctewkesberrie2e@ning.com
88,Dr,Nollie Ashplant,Vivienne Hryskiewicz,M,11/01/2002,BO1416260,15/08/2005,vhryskiewicz2f@tinypic.com
89,,Valerye Corneliussen,,F,28/08/1995,WMJ768678,17/02/2010,crosenkrantz2g@canalblog.com
90,Dr,Sawyer McKim,Osmund Cunrado,F,31/05/1989,LK95821416,17/03/1981,ocunrado2h@goo.gl
91,Ms,Roseline Jerrems,Clovis Hunston,F,3/10/1994,VX87209867,28/01/1993,chunston2i@home.pl
92,Honorable,Tabatha Ashenhurst,Grannie Ring,F,24/10/1989,EIF0925175,11/08/1999,gring2j@wp.com
93,,Carlin Keri,,F,15/09/1998,K675296,13/06/1988,hmcilvenny2k@diigo.com
94,,Carrissa Mepsted,,F,23/02/2002,KJQ5930843,7/04/1993,kpedlingham2l@jalbum.net
95,Honorable,Gustie Anniwell,Ruthie Rosewell,F,18/01/1996,S810071,25/02/2005,rrosewell2m@ucoz.com
96,Mrs,Rosamund Di Napoli,Meg Islip,M,14/04/1997,VO351516,24/04/1990,mislip2n@ask.com
97,Ms,Kari Zanetto,Veda O'Cannon,M,18/12/2007,GSQ64120674,20/02/1993,vocannon2o@yahoo.co.jp
98,Honorable,Melloney Boules,Marcus McQuillen,M,10/11/2006,UM8190701,10/09/1986,mmcquillen2p@merriam-webster.com
99,Mrs,Merrick Beckmann,Carola Harome,M,22/03/1994,GVJ336120,1/01/1981,charome2q@is.gd
100,,Robena Ringrose,,M,19/08/2005,ZT41738713,25/03/1981,mstubbes2r@zdnet.com
101,Ms,Laurie Donnersberg,Roley Proske,M,17/10/1999,B293499,17/04/1984,rproske2s@illinois.edu
102,Honorable,Cristiano Drable,Dew MacGiffin,M,10/08/1998,H5173198,7/11/1984,dmacgiffin2t@etsy.com
103,Mrs,Barbabra Primmer,Shari Rosiello,M,14/01/1989,S857520,28/09/1988,srosiello2u@pinterest.com
104,Mrs,Belicia Potkins,Genia Poe,F,12/10/1984,MBS4851807,28/02/2000,gpoe2v@utexas.edu
105,Rev,Wilbur Shrimpling,Foss Portwaine,M,31/03/2006,E86817056,30/08/2004,fportwaine2w@xrea.com
106,Ms,Jessica Tenniswood,Regan Hagger,F,22/01/2006,MQB08168802,31/10/1981,rhagger2x@cnbc.com
107,Dr,Courtnay Dockreay,Flinn Minci,F,4/04/1983,QK072710,6/06/2009,fminci2y@wikipedia.org
108,Mr,Dotti Kentwell,Paxon Gamil,F,21/02/1993,DB1241358,2/04/2008,pgamil2z@auda.org.au
109,Dr,Dorisa Dallman,Townie Langtree,M,5/11/1996,FIA4561812,19/05/1986,tlangtree30@yellowpages.com
110,,Constantina Roscamps,,M,12/11/2008,WGU03050749,25/10/1996,dsidery31@angelfire.com
111,,Kacey De Maria,,F,19/04/2000,PUM380620,2/07/1988,itunna32@nationalgeographic.com
112,Mr,Chris Denny,Kania Thurbon,M,14/09/1984,O5047698,2/07/2000,kthurbon33@spotify.com
113,,Mariel Mathevet,,M,8/11/2004,X853484,18/04/1993,dmewburn34@oaic.gov.au
114,Rev,Vachel Llewelly,Appolonia Trowbridge,F,21/12/1982,L1228637,30/05/1989,atrowbridge35@ucoz.ru
115,Mr,Grace Bampton,Amalia Palfree,F,26/12/1981,RXE6917335,11/02/1983,apalfree36@craigslist.org
116,,Rhonda Burtwhistle,,M,26/07/1983,AK8023253,26/03/1985,zlowless37@weather.com
117,Mr,Jenelle Collocott,Dani Andover,F,29/10/1980,G8294874,15/05/1992,dandover38@pagesperso-orange.fr
118,Mrs,Merrily Forsard,Agnes Leadley,F,29/11/1999,LO8552530,27/06/1981,aleadley39@xing.com
119,,Shena Jahn,,F,12/06/1986,UC395022,16/10/1995,sgitting3a@godaddy.com
120,,Jobye Coakley,,M,20/03/1998,RO632535,4/01/1993,rmatton3b@delicious.com
121,Dr,Ronalda Pilger,Obie Mashro,M,10/10/1993,XK1964480,18/10/2005,omashro3c@w3.org
122,Rev,Dorelle Mennithorp,Abramo Bubear,M,14/05/2009,JPF721288,30/08/2002,abubear3d@slate.com
123,Ms,Nicolina Bridgnell,Austin Dron,F,8/05/1992,PCK7793501,27/08/2007,adron3e@nytimes.com
124,Mr,Druci Mattack,Bree Everil,F,3/01/1988,WYC144095,30/07/2005,beveril3f@tripadvisor.com
125,,Ernie Dix,,F,12/01/1988,Z10217084,3/08/1984,coxterby3g@omniture.com
126,Dr,Hebert Spore,Nilson Whorlow,F,4/09/1987,OXZ13482127,27/08/1990,nwhorlow3h@devhub.com
127,,Jocelin Gerkens,,F,27/04/1989,TSD6832726,24/10/1992,lcraythorn3i@linkedin.com
128,,Ebony Addis,,F,4/07/1996,S51105954,28/06/2007,owisson3j@harvard.edu
129,Mr,Mallory Siley,Lexine Langman,F,8/08/1993,DMH032034,29/09/1995,llangman3k@vinaora.com
130,Ms,Leesa Worsalls,Devan Smalles,F,9/07/1982,J3712795,25/08/1991,dsmalles3l@behance.net
131,Mr,Luciano Bulteel,Hayward Whatmough,M,17/02/2010,K910712,31/01/1988,hwhatmough3m@bloglines.com
132,Mrs,Kristina Pead,Mechelle Meaney,M,14/03/1999,Y4912649,9/08/1995,mmeaney3n@furl.net
133,Ms,Gusty McGaffey,Cletis Rawnsley,F,11/09/2006,GCJ06574321,25/03/1988,crawnsley3o@slashdot.org
134,Dr,Brent Bemrose,Josie Glasard,F,6/02/2003,O7381398,26/02/1996,jglasard3p@barnesandnoble.com
135,Rev,Gard Raoult,Sigvard Drane,M,22/03/2004,NZ368519,26/07/2004,sdrane3q@wordpress.org
136,,Salvatore Lockley,,M,19/03/1997,PDB6941242,18/10/1994,vbuckney3r@oaic.gov.au
137,Honorable,Leeland Sinderson,Phyllida Hurling,M,26/10/2004,M2018077,21/02/1997,phurling3s@europa.eu
138,,Kean Sleford,,F,1/11/1988,XS45593260,24/03/2009,ftennick3t@sphinn.com
139,Rev,Ole Assur,Darell Bracco,M,27/01/1998,R70207777,22/02/2004,dbracco3u@nih.gov
140,Ms,Carey Marquez,Aurelea Garretts,M,8/04/2005,WQK48721188,7/12/1997,agarretts3v@tripadvisor.com
141,Ms,Hazel Ebhardt,Aldridge Burgher,M,7/02/2010,CN84664007,17/02/2006,aburgher3w@ucoz.ru
142,Mr,Darelle Galpin,Gertie Muselli,M,2/06/2001,SY6567781,27/08/1986,gmuselli3x@patch.com
143,Mr,Rockey Thorp,Charo Holtom,M,28/04/2000,NG818640,4/01/2003,choltom3y@webeden.co.uk
144,Mrs,Jermain Barthrop,Shaylynn Gillison,M,2/03/2006,HF215462,24/06/1999,sgillison3z@google.com
145,Mr,Daniela Erdis,Shauna Portt,F,9/08/1982,G303906,12/03/1997,sportt40@desdev.cn
146,Dr,Irving Symson,Zahara Gaddes,F,15/08/1988,YA6225274,13/01/1994,zgaddes41@nifty.com
147,,Brena Abrashkin,,F,24/12/1989,E2363977,15/02/1984,pnorthen42@multiply.com
148,Mr,Robinetta Borles,Maryl Phalp,F,13/01/2003,KT20530714,20/06/1987,mphalp43@purevolume.com
149,Rev,Erena Rushmare,Ronna Sammars,M,19/07/1998,GW9517090,11/02/2005,rsammars44@slideshare.net
150,Rev,Tobi Gashion,Nealon Kybert,F,7/06/1998,T492344,6/07/2007,nkybert45@mail.ru
151,Mr,Chester Congdon,Alica Braham,F,14/09/2007,TD515431,26/05/1984,abraham46@shop-pro.jp
152,Dr,Ilsa Mars,Lucias Jenkin,M,29/07/1991,N09053016,11/10/1985,ljenkin47@globo.com
153,Mrs,Karl Greenless,Sofie Willgress,F,13/11/1988,A248643,25/04/2004,swillgress48@plala.or.jp
154,Dr,Putnam Slader,Rachele Halbard,M,9/08/1989,X85319427,21/06/1996,rhalbard49@tinyurl.com
155,Honorable,Jamil Yakubovich,Rod Placide,F,29/08/1994,O6613874,9/01/1984,rplacide4a@moonfruit.com
156,Dr,Levon Copcote,Elmer Gasnoll,F,22/02/1986,FOS6347546,9/09/2009,egasnoll4b@sbwire.com
157,Mrs,Edward Dowgill,Novelia Joerning,M,3/10/1993,YQ1521340,26/05/2000,njoerning4c@about.com
158,,Jayson Sante,,F,27/11/2002,DMA1712239,21/11/1981,sfarbrother4d@homestead.com
159,Ms,Belia Creeboe,Byran Whitehead,M,27/05/2008,KY4016641,27/07/1986,bwhitehead4e@about.com
160,Mrs,Genovera Mitchell,Othelia Rama,M,24/09/2003,ZSG54525800,7/06/2000,orama4f@shareasale.com
161,Rev,Dniren Ghirardi,Yvonne Downing,F,23/11/1981,D0919536,9/10/1992,ydowning4g@accuweather.com
162,Ms,Caty Sidey,Enoch Scolli,M,23/12/1984,R4861865,5/06/1980,escolli4h@gov.uk
163,,Adaline Yates,,M,3/09/1980,D813062,19/06/2002,jlowsely4i@phpbb.com
164,Ms,Caesar Mc Trusty,Jervis Wem,F,5/04/2005,BEY234007,19/04/2006,jwem4j@example.com
165,Honorable,Kort Lineham,Lynde Gamlyn,M,13/04/1996,CTG480296,2/02/1989,lgamlyn4k@marketwatch.com
166,,Filmore Alpe,,M,9/06/1989,YJL2701790,18/01/1981,cboxhill4l@dedecms.com
167,Honorable,Janot Goaley,Parsifal Bittany,M,21/10/1981,EN53769391,18/05/1995,pbittany4m@over-blog.com
168,Mr,Ileane Saunton,Jeanne Champ,F,2/01/1988,I9432288,8/01/1997,jchamp4n@about.me
169,Rev,Nadine Braune,Miguelita Stoddard,M,20/10/1997,OI6196618,2/12/1984,mstoddard4o@arstechnica.com
170,Ms,Justino Cicco,Bess Fitzhenry,M,5/11/1983,JFB10898683,7/07/1992,bfitzhenry4p@imageshack.us
171,Rev,Brendon Murison,Bartlett Le Marchant,M,1/09/1996,DBJ2576531,6/03/1989,ble4q@comsenz.com
172,Dr,Barde Skill,Holly Schoolfield,F,28/08/1983,CBT43370806,21/12/1994,hschoolfield4r@infoseek.co.jp
173,Mrs,Hubert Eyden,Rosmunda Gierth,M,29/04/2008,SK84090443,3/02/1995,rgierth4s@twitter.com
174,Ms,Harmony Jays,Isabel Goodbarne,M,2/03/1981,YAC56105794,16/02/1985,igoodbarne4t@nydailynews.com
175,Dr,Alic Gummery,Marillin Rubenovic,F,30/09/1992,AXJ77815887,24/03/2001,mrubenovic4u@oakley.com
176,Rev,Carla Slipper,Sterne Venny,M,19/04/2001,XZP62147612,12/09/1995,svenny4v@epa.gov
177,,Leeland Ianitti,,M,20/08/2007,P747847,18/11/2002,erignold4w@studiopress.com
178,,Chrisy Defau,,F,31/12/1992,UMZ496176,13/12/2009,dmathevet4x@chicagotribune.com
179,Ms,Boothe Morrallee,Ethel Oen,M,4/03/2005,MQ56488548,19/11/1990,eoen4y@ftc.gov
180,Dr,Catrina Creffield,Wilie McGurk,F,20/04/1985,YX560381,22/12/1993,wmcgurk4z@newyorker.com
181,,Isa Ferenczi,,M,3/07/2006,D435130,1/05/1984,dhibling50@independent.co.uk
182,,Gaynor Kellie,,F,11/06/1993,MNO1190663,27/02/1982,sgrayshan51@cbslocal.com
183,Mrs,Stanislas Biddles,Woodman Straker,F,15/09/1998,ML20366384,9/02/1983,wstraker52@diigo.com
184,,Roy Greave,,M,26/06/1985,CEK877621,22/09/1988,sdraysay53@woothemes.com
185,Mr,Sashenka Gaukroger,Ashia Emes,F,3/02/2002,WLU16138755,28/11/1981,aemes54@ow.ly
186,Mrs,Gal Beinisch,Sydelle Cool,F,9/08/1991,Z8761496,14/08/2007,scool55@flavors.me
187,,Eb Saw,,M,20/11/1986,CG39443805,26/09/2000,lbart56@senate.gov
188,Mrs,Christiane Gunnell,May Benedidick,F,3/03/1982,VW9199567,8/02/1988,mbenedidick57@gizmodo.com
189,Rev,Shara Erat,Joey Pendrick,M,10/11/1998,VAK893887,25/10/1984,jpendrick58@newyorker.com
190,,Alair Louiset,,F,11/04/2008,PEM4162569,20/02/1987,chamon59@usa.gov
191,Mr,Oberon Hallock,Bank Feragh,M,12/02/2004,G10666845,15/07/1991,bferagh5a@yelp.com
192,Mr,Sterling Karslake,Lianne Vescovini,F,15/12/1988,J487037,18/01/2007,lvescovini5b@godaddy.com
193,Ms,Ethel Beadon,Steffane Windross,F,4/01/1994,IP27183017,6/08/1994,swindross5c@jugem.jp
194,Mrs,Amalee Seiller,Barry Bento,F,24/02/1998,F19452262,10/03/1998,bbento5d@ebay.co.uk
195,Rev,Rosanna Celli,Giacomo Melmore,M,16/03/1989,O674794,4/12/2009,gmelmore5e@home.pl
196,Mrs,Tibold Kleinber,Erv Cess,M,13/04/2010,M91740313,28/10/1990,ecess5f@nps.gov
197,Mr,Addy Orris,Miles Kelemen,F,10/03/1998,HX34607880,4/01/1986,mkelemen5g@godaddy.com
198,Dr,Connie Le Pine,Ferne Dewett,F,8/05/1984,KHY075314,4/07/1996,fdewett5h@istockphoto.com
199,Rev,Lelah Romushkin,Natala Blaschek,M,9/11/1980,NO869378,21/11/2006,nblaschek5i@weebly.com
200,,Krystle Gavrielli,,F,11/10/2003,KBP557073,9/06/1996,idaymond5j@yellowpages.com
201,Mrs,Elinore Cruse,Putnam Peltzer,F,5/02/1984,VSP342766,29/12/1993,ppeltzer5k@marriott.com
202,Dr,Culley Hawkin,Alfi Ingon,M,30/04/1991,UB901942,9/02/1984,aingon5l@dedecms.com
203,Mr,Estevan Wharfe,Templeton Trout,F,5/11/1983,XD7606080,27/11/1980,ttrout5m@salon.com
204,Honorable,Elmer Hegden,Alene Cleeve,F,20/07/2007,S646796,1/02/2009,acleeve5n@newsvine.com
205,Ms,Pail Cure,Cahra Surgenor,F,5/09/2006,LY014307,18/12/1995,csurgenor5o@hibu.com
206,Ms,Woody Wheeler,Cyrille McArthur,M,25/09/2007,QR397040,20/08/1980,cmcarthur5p@ca.gov
207,,Alecia Caban,,F,18/08/2007,D779704,7/10/2008,bdudill5q@goo.gl
208,Ms,Gizela McClure,Madelyn Melross,M,22/05/2001,GLA247370,15/01/1984,mmelross5r@phoca.cz
209,Honorable,Demetre Mauditt,Karil Dunbleton,F,17/04/1993,EB84517541,10/04/1987,kdunbleton5s@unesco.org
210,,Rahel Grenshields,,F,23/01/2006,TSU13878001,21/08/1999,ilebarre5t@flavors.me
211,Ms,Gregorius Sitlington,Abbi Brushfield,F,5/10/1995,GDF16751922,7/06/2005,abrushfield5u@paypal.com
212,Dr,Amandie Styles,Powell Gask,M,5/06/1997,WEC82477266,9/06/2008,pgask5v@twitter.com
213,Rev,Scot Alf,Morty Childerley,F,5/12/2002,EFJ011395,17/12/2006,mchilderley5w@apache.org
214,Rev,Karmen Maxwaile,Murdock Fussen,M,9/03/1997,Y395088,18/11/1983,mfussen5x@domainmarket.com
215,Dr,Terrijo Iianon,Elisha Goudy,F,16/02/2002,ZDQ17186317,15/04/1996,egoudy5y@mlb.com
216,Dr,Cody Deerr,Dulci Arnecke,M,24/06/1988,JVY750846,9/10/1992,darnecke5z@usgs.gov
217,Honorable,Rois Dudek,Marleen Girardy,F,12/05/2001,QM675117,20/01/1995,mgirardy60@dmoz.org
218,,Teodoro Garvie,,M,24/06/2006,TY7495062,4/02/2009,pdilucia61@miibeian.gov.cn
219,Mr,Judy Broddle,Ilario Markwelley,M,11/06/1984,MIF593773,26/08/2006,imarkwelley62@guardian.co.uk
220,Ms,Tymon Bottell,Amabel Dey,F,25/03/2002,AX4163220,1/02/2007,adey63@cdbaby.com
221,Honorable,Stacee Pillman,Cathe Kinver,M,2/08/2008,YZA730499,25/10/1991,ckinver64@newsvine.com
222,Dr,Sammy Merrigan,Shelbi Wisedale,F,6/01/1988,J5969090,28/03/1987,swisedale65@unesco.org
223,,Clare Bremeyer,,F,22/05/1987,PF339692,28/09/1983,tdeathridge66@foxnews.com
224,Honorable,Susette Haldenby,Lynnette Bracknell,M,20/06/1981,PBW198273,1/02/1986,lbracknell67@w3.org
225,Mrs,Cleo Grisedale,Mathilde Flook,F,31/05/1980,XJ38360733,14/10/1993,mflook68@ihg.com
226,Rev,Willamina Biggar,Katalin Ausiello,M,27/12/1999,OH3171391,3/08/1985,kausiello69@weibo.com
227,,Brianna Dorken,,F,26/09/1998,WTH916307,5/10/2007,jbackhouse6a@wordpress.com
228,Mrs,Teador McCotter,Gretel Stampe,M,24/07/1985,U4467263,22/04/2010,gstampe6b@google.cn
229,,Gerianna Danilewicz,,M,17/11/1999,PG21220921,5/03/1995,epigden6c@howstuffworks.com
230,Dr,Erastus McComish,Amby Mildenhall,M,5/05/1981,NFX064051,31/08/2002,amildenhall6d@foxnews.com
231,,Stacee Howels,,M,18/10/1997,Y0725206,24/11/1981,hhankey6e@aol.com
232,Mr,Vernen Deal,Jacinta Greener,F,10/09/2003,BPD2325229,19/08/1981,jgreener6f@home.pl
233,Mr,Kizzee Hiddy,Hobard Dodgshon,M,27/06/1988,M2484063,19/10/2008,hdodgshon6g@eventbrite.com
234,Mr,Kylila Lyon,Bethina Paddemore,M,28/06/1981,JHX5174115,6/11/1994,bpaddemore6h@oakley.com
235,Rev,Cele Prantl,Rodrigo Gullis,F,2/12/2007,AEH38870122,7/01/2002,rgullis6i@phoca.cz
236,Mrs,Marcille Jendrusch,Efren Baddeley,F,30/10/2006,GW126402,25/07/2005,ebaddeley6j@blogger.com
237,Honorable,Brande Allmann,Roxana Haugen,M,6/10/2001,GZY58707657,30/05/2001,rhaugen6k@squidoo.com
238,Mr,Duncan Pregel,Martie Ballin,M,12/12/1995,FY6001301,21/02/1989,mballin6l@microsoft.com
239,Mrs,Henrik Bodsworth,Franky Liversley,M,27/05/2006,VLS0642822,11/01/2002,fliversley6m@ihg.com
240,Rev,Philly Cramond,Krishna Garshore,F,11/09/2003,VN423670,11/08/2005,kgarshore6n@sogou.com
241,Mr,Perice Cissell,Hilary Blacklock,M,9/07/1982,OK1258191,2/09/1992,hblacklock6o@statcounter.com
242,Honorable,Oliviero Tulloch,Sabrina Winear,M,6/08/1986,B46829474,29/04/1995,swinear6p@theguardian.com
243,Dr,Harry Pluck,Thaxter Inold,F,29/07/1993,IS81070674,12/07/1980,tinold6q@tripadvisor.com
244,Mrs,Hanni Aitken,Giovanna MacClinton,M,6/07/1985,W800892,28/07/1982,gmacclinton6r@ow.ly
245,,Janina Corlett,,F,23/09/1998,FOB747718,28/04/1987,mandrys6s@gmpg.org
246,Honorable,Gerhardt Sukbhans,Laura Dabell,F,10/06/2008,ZE96536739,4/04/2001,ldabell6t@amazonaws.com
247,Ms,Lawton Matej,Wendye Hadye,F,10/08/1996,MJ058416,28/09/1999,whadye6u@livejournal.com
248,Mrs,Chris Castangia,Kleon Iwanowicz,M,22/02/1996,EG2877842,3/11/1999,kiwanowicz6v@ihg.com
249,Rev,Lizzie Grahl,Kiersten Lapre,M,4/03/1985,DU39739439,2/06/1983,klapre6w@google.com.hk
250,Mrs,Tabor Bumpus,Stevie Daens,M,16/01/2008,CTD1479524,8/09/1992,sdaens6x@livejournal.com
251,Dr,Artus Castane,Sascha Murford,F,5/08/2000,UMI3430223,17/01/1986,smurford6y@nba.com
252,Mr,Lind Crammy,Arturo Jagiello,F,10/05/2010,M14765430,15/10/1983,ajagiello6z@google.ru
253,Dr,Allyn Poolton,Cornelia Abreheart,F,29/08/1983,I05672978,2/08/1999,cabreheart70@hatena.ne.jp
254,Mr,Dari Oxbury,Torie Gregol,M,26/10/1987,HCP696641,3/11/2007,tgregol71@go.com
255,Mrs,Bowie Bloys,Tiffie Fishe,M,16/05/1997,UYG1158409,10/01/2009,tfishe72@tripod.com
256,Dr,Erina Kelsow,Petrina Larkins,F,8/04/2004,VB00291084,16/02/2000,plarkins73@youtube.com
257,Mr,Heinrik Goble,Ginnifer Chasmer,F,31/03/1986,VB4144287,11/06/2004,gchasmer74@multiply.com
258,Mrs,Caresa Godleman,Bertram Gingedale,F,10/09/1989,OD0249465,10/03/1994,bgingedale75@ebay.co.uk
259,Mr,Chery De Hooch,Philis Gouth,M,30/10/2007,MAH12490063,27/08/1999,pgouth76@chron.com
260,Mrs,Cliff Spridgeon,Ulrick Iliffe,M,12/02/1984,UQA3351306,24/05/1998,uiliffe77@i2i.jp
261,,Katerine Connick,,M,27/11/1984,WJQ2988755,29/04/1997,gferens78@usnews.com
262,Mrs,Moreen Carwardine,Diahann Gwinnett,F,22/08/1986,ZY6447082,14/09/1992,dgwinnett79@rambler.ru
263,Rev,Leigh Alfonsini,Foss Agastina,F,25/01/1986,XY82281073,9/12/1999,fagastina7a@edublogs.org
264,Ms,Vonnie Haskayne,Neron Jendrys,M,12/10/1983,UW1994680,25/01/1997,njendrys7b@linkedin.com
265,Ms,Lesya Permain,Jacquenette McIlory,M,18/07/1992,M278190,3/09/1989,jmcilory7c@cnn.com
266,Rev,Pearle Pinchbeck,Hillel Morch,F,19/01/2000,JU49258808,3/04/1992,hmorch7d@noaa.gov
267,Mr,Lira Sjollema,Bernarr Scruby,F,23/04/1990,VSI85413248,19/09/1992,bscruby7e@addtoany.com
268,Mr,Karalynn Alenikov,Ursula Boorer,F,22/08/1985,GBT278415,8/02/1982,uboorer7f@people.com.cn
269,Mr,Tootsie Linsey,Carolyn Geelan,M,11/08/1994,CBE13496253,22/07/1991,cgeelan7g@google.nl
270,,Nicko Breffit,,M,25/07/1998,JY518434,15/01/1997,bthreadgould7h@dailymotion.com
271,,Pancho Renshaw,,M,8/11/1994,S177804,24/09/1989,fmacari7i@bbb.org
272,Mr,Link Knoller,Doroteya Walsom,M,14/08/2008,OP6331413,16/10/1997,dwalsom7j@yahoo.com
273,Mr,Wanda Broun,Karin Di Biagio,M,11/10/1994,L993659,25/08/1988,kdi7k@amazon.co.uk
274,Rev,Ettore Perago,Junie Andren,M,22/10/2001,E119361,11/05/1988,jandren7l@soundcloud.com
275,Honorable,Cord Rarity,Clem Spradbery,F,27/05/1981,X62225641,9/08/2004,cspradbery7m@mozilla.com
276,,Abdul Eyckelbeck,,F,17/06/2002,M49121348,9/07/1981,nschult7n@hatena.ne.jp
277,Mrs,Reinhold Fyrth,Agace Pollak,M,23/09/2000,OZ450058,7/10/2004,apollak7o@tiny.cc
278,Honorable,Juditha Wallsam,Bryanty Ughelli,M,7/02/1984,OQS792985,4/07/1981,bughelli7p@amazon.de
279,Mr,Kaila Haskew,Ravid Artiss,F,6/05/1986,IAZ676396,7/05/2009,rartiss7q@nytimes.com
280,Ms,Ciel Sexton,Nat Alwood,F,4/04/2000,XMY16278974,29/08/1991,nalwood7r@cornell.edu
281,Dr,Eldin Kitchenman,Felita Catherall,M,26/03/1990,N292891,4/03/2008,fcatherall7s@intel.com
282,,Woodman Tripet,,F,28/05/1995,YRT694211,3/05/1987,mdrayton7t@prweb.com
283,Dr,Lynnea Colbridge,Bax Cranidge,M,12/05/1983,LBI348021,3/06/1994,bcranidge7u@google.es
284,Mr,Eva O'Noland,Tara Milberry,F,8/04/1997,X487005,2/10/2007,tmilberry7v@newsvine.com
285,Mr,Jacklyn Burner,Kathryn Alyukin,F,7/04/2007,I67571656,21/02/1985,kalyukin7w@slashdot.org
286,Mrs,Isa Kantor,Garald Kilroy,M,20/06/2004,C489185,5/12/1988,gkilroy7x@nyu.edu
287,,Euell Ropking,,M,13/04/2010,WJI0728896,16/04/2009,ebasterfield7y@wordpress.org
288,Mr,Jandy Naldrett,Micheil Chetham,M,6/04/1985,OLZ6691964,21/01/1998,mchetham7z@narod.ru
289,Mrs,Dee Cusworth,Emlyn Reimer,M,21/11/1983,BEN3396226,6/01/2008,ereimer80@irs.gov
290,Ms,Chiquia Perren,Dory Kerfoot,M,3/04/1999,E55707139,24/03/1986,dkerfoot81@usda.gov
291,Rev,Ted Jarred,Elysia Gallandre,F,26/05/2005,SR43614310,16/08/2000,egallandre82@abc.net.au
292,,Lezley Laxon,,M,27/12/1989,S2553398,12/07/2007,cbattany83@hugedomains.com
293,Mr,Orella Hurdis,Rivi McQuirk,F,27/03/1985,RXW705967,4/02/1992,rmcquirk84@wiley.com
294,Mr,Allissa Varnham,Sharon Tuxill,M,12/12/2003,WP134740,11/12/1983,stuxill85@cdc.gov
295,,Philippine Wilsher,,M,29/03/1981,CO38312822,14/07/1986,bskip86@yelp.com
296,Mr,Oona Bain,Peyter Kefford,F,1/06/1998,NM750691,12/06/2001,pkefford87@moonfruit.com
297,,Henka Verheijden,,F,7/03/1990,GD041510,31/10/1991,mmardle88@comcast.net
298,Ms,Bobette Harborow,Wylma Calderonello,M,3/10/2003,YRH047316,23/12/2006,wcalderonello89@ucoz.ru
299,Honorable,Helga Critzen,Florie Penkman,M,8/12/1989,NDH08908440,23/03/1991,fpenkman8a@skyrock.com
300,Dr,Melamie Baldery,Gardener Drillingcourt,M,14/03/1999,FBM783204,14/06/1996,gdrillingcourt8b@printfriendly.com
301,,Rycca Midghall,,F,28/09/1983,B399231,28/05/1982,mbabbage8c@earthlink.net
302,Mrs,Doe Cradock,Lorettalorna Castelletto,M,16/03/1986,RF1734991,22/06/1996,lcastelletto8d@ed.gov
303,Ms,Monti Smaling,Elias Szymaniak,F,19/09/1984,JTU19431657,23/07/1997,eszymaniak8e@furl.net
304,Ms,Lynnett Burlay,Blondelle Chicchetto,M,15/12/1989,OAE353354,28/06/2004,bchicchetto8f@sun.com
305,Honorable,Merwin Kellitt,Phillida Golby,M,31/07/1999,VSE25992916,22/06/1991,pgolby8g@discuz.net
306,Rev,Noble Scothern,Janine O'Halleghane,F,8/08/1981,HS3862716,18/01/2005,johalleghane8h@clickbank.net
307,Mrs,Brenda Pirouet,Shea Dunsford,F,11/08/2001,AT5265092,3/04/2006,sdunsford8i@barnesandnoble.com
308,,Ban McGrowther,,M,11/10/1993,VBH59348994,6/04/1991,ocraigheid8j@edublogs.org
309,Mrs,Dore Mannion,Glennis Devonald,M,25/04/2009,DK6031089,25/04/1995,gdevonald8k@jugem.jp
310,Mr,Lyndy Bridgeland,Susannah Lacelett,M,14/06/1992,AY12593224,11/04/2007,slacelett8l@globo.com
311,Ms,Cesar Northeast,Arlee Crone,F,5/03/2005,Y9127501,22/10/1998,acrone8m@unicef.org
312,Mr,Marlyn Geydon,Eilis Smale,F,2/08/1995,BGP867376,19/03/2001,esmale8n@prlog.org
313,Rev,Christina Follan,Bail Gieves,M,7/04/2008,I5986352,21/01/2005,bgieves8o@fastcompany.com
314,Mrs,Gaylor Curton,Celinka Amoore,M,3/04/1987,H024154,17/10/2003,camoore8p@joomla.org
315,Mrs,Christos Ovesen,Dani Caveau,F,1/04/1994,LQ0429392,20/05/1996,dcaveau8q@businesswire.com
316,Ms,Munroe Figgins,Gena Salle,F,8/04/1984,NKU4715179,20/04/1981,gsalle8r@bbb.org
317,,Edsel Cornils,,F,25/12/1988,WQM8579956,5/04/1996,rhammerson8s@wikia.com
318,Dr,Magdaia Le Count,Moises Blayney,F,23/07/2006,EM1573731,24/07/1986,mblayney8t@hatena.ne.jp
319,Dr,Pearl Way,Ali Maffezzoli,F,7/06/2008,R7195465,16/05/2002,amaffezzoli8u@ucsd.edu
320,Mr,Juliana Sebrook,Meara Nuzzi,F,9/07/1989,Z5018833,31/12/1992,mnuzzi8v@hp.com
321,Honorable,Webster Shave,Leroy Dohrmann,M,5/01/1983,FPX57720173,28/01/2000,ldohrmann8w@ebay.com
322,Dr,Gabi Favela,Siward Kocher,F,20/11/2005,AE666451,29/09/1981,skocher8x@netscape.com
323,Dr,Masha Thistleton,Bord Vargas,M,10/01/1998,DXM772540,31/12/1993,bvargas8y@dot.gov
324,Rev,Brennen Chalcraft,Lettie Flute,M,28/09/1984,YMR0774223,14/07/1989,lflute8z@ebay.com
325,Ms,Evyn Ortner,Gawain Furlonge,M,6/07/2005,BKQ8220959,14/05/2009,gfurlonge90@drupal.org
326,Honorable,Dedra Tortis,Abigael Edgett,F,20/12/1984,SQE5350757,20/11/1997,aedgett91@icio.us
327,Dr,Trever Heinsen,Teodoor Berthel,F,26/04/1994,U299832,6/01/2000,tberthel92@bravesites.com
328,Mrs,Vivianne Blankman,Rick Shelmardine,M,8/01/1997,R77180134,10/07/2001,rshelmardine93@wikispaces.com
329,Dr,Deborah Whyteman,Heidie Jewett,M,7/07/2006,CBK0534762,5/01/1990,hjewett94@baidu.com
330,Dr,Jessee Blaze,Malvin Jorry,M,19/10/1996,OA814934,26/01/2009,mjorry95@europa.eu
331,,Roberto Avrahamy,,M,10/05/1981,VI66474016,8/09/1992,djenicke96@vinaora.com
332,Honorable,Hedvig Bush,Devina Sedgebeer,F,2/03/2010,TC506763,15/04/1989,dsedgebeer97@webnode.com
333,Mr,Janot Maskill,Osmond Pryn,F,17/07/1997,VO6463732,18/03/2000,opryn98@usda.gov
334,Mr,Penny Kunzel,Heriberto Hale,M,22/07/1988,T8908469,11/08/2002,hhale99@sakura.ne.jp
335,,Killian Cristofaro,,F,17/11/1989,KX5661361,23/10/2007,spegler9a@jugem.jp
336,Rev,Desi Fairney,Arleta Roskrug,M,8/02/2006,PUS58880871,27/10/1991,aroskrug9b@msu.edu
337,Mr,Harriett Scown,Cornelle Feldfisher,M,1/07/1997,XLU9422413,14/11/1992,cfeldfisher9c@sogou.com
338,Rev,Pandora Furzey,Jarret Maskrey,F,29/07/1991,V45779043,15/07/2002,jmaskrey9d@google.es
339,Ms,Tammie Sivyer,Dorena Luff,M,28/08/1983,OU0851347,21/06/1986,dluff9e@about.me
340,Ms,Rurik Pitts,Randa Ballston,F,8/01/1994,RD436539,20/12/1999,rballston9f@va.gov
341,Rev,Catriona Windibank,Amandy Rasch,M,30/05/2007,UPC277580,28/05/1994,arasch9g@google.cn
342,Honorable,Eolanda Bollini,Sander Frain,F,28/07/2006,QC90295874,8/09/1993,sfrain9h@un.org
343,Mr,Floyd Padfield,Berny Becke,M,28/07/2009,T88579898,12/07/1992,bbecke9i@twitter.com
344,Dr,Jorge Massenhove,Guido de Chastelain,M,3/11/2009,P11393705,14/01/1981,gde9j@goo.gl
345,,Germain Olivia,,F,24/05/2006,L4016718,14/10/1980,ibranston9k@gizmodo.com
346,Mrs,Karly Dyson,Quinn Shadrach,M,4/10/2001,A69518895,22/05/1990,qshadrach9l@scribd.com
347,Honorable,Kelila Apthorpe,Herta Teape,M,9/04/2000,IS9044098,28/07/1996,hteape9m@nifty.com
348,Dr,Noelle Lebbern,Gloriane Tassel,M,24/02/2000,RU846939,10/07/2006,gtassel9n@imageshack.us
349,Mr,Ingelbert Rowler,Waneta Stark,F,30/06/1980,K3846752,21/02/1989,wstark9o@github.io
350,Mrs,Cherri Mulvy,Jorrie Pahlsson,F,14/08/1989,B00991216,17/05/2000,jpahlsson9p@sina.com.cn
351,,Dorry Dryburgh,,F,9/07/1987,RX54508531,3/01/1993,ezollner9q@stumbleupon.com
352,Ms,Giraud Berthome,Gunther Vasenkov,F,20/06/2007,QBZ7372536,14/07/1998,gvasenkov9r@liveinternet.ru
353,Mrs,Allan Minster,Lynnet Swett,F,8/05/1985,FM83844779,28/11/2009,lswett9s@biglobe.ne.jp
354,Dr,Hardy Hovie,Steward McInteer,M,13/12/1994,MU33528002,11/02/1991,smcinteer9t@elegantthemes.com
355,Mrs,Kris Velasquez,Hubey Gotcher,M,22/10/2004,LSB097634,15/10/1997,hgotcher9u@salon.com
356,Ms,Eric Dulling,Germain Gerrit,F,19/07/1993,PBQ9220086,25/03/2010,ggerrit9v@google.nl
357,Mrs,Berny Asp,Laney Indruch,F,24/03/1988,HFY9864335,9/03/1981,lindruch9w@domainmarket.com
358,Mr,Ettore Radcliffe,Roderigo Eames,F,9/01/2006,DA59770026,6/05/1992,reames9x@gravatar.com
359,Rev,Syman Latham,Enos Deshorts,M,14/08/1994,U7715591,24/09/2005,edeshorts9y@shop-pro.jp
360,Rev,Jandy Curman,Cicely Cox,M,16/08/1996,PJ1297562,4/07/2006,ccox9z@yellowpages.com
361,Mr,Moyna Macenzy,Clair Baselio,M,14/10/1998,NZB041304,22/04/1987,cbaselioa0@last.fm
362,Ms,Bella Radwell,Trude Mixter,M,9/05/1999,R04676664,25/04/1999,tmixtera1@linkedin.com
363,Mr,Linzy Haug,Glennie Sives,M,10/03/1984,JCL82610589,27/01/1989,gsivesa2@eepurl.com
364,Honorable,Leandra Davidzon,Merill Sims,F,8/05/2008,BRL51300287,14/04/1995,msimsa3@liveinternet.ru
365,Ms,Merrile How to preserve,Davin Villalta,M,29/05/2008,EV838038,9/04/2003,dvillaltaa4@joomla.org
366,Mrs,Kipper Cokly,Kandy Robison,M,11/02/2007,B287546,24/01/1995,krobisona5@statcounter.com
367,Honorable,Luz Raisbeck,Lianna Aronowitz,M,20/05/1995,DUX0163948,18/10/1990,laronowitza6@wsj.com
368,Mrs,Alexi Lawrie,Teressa Fraanchyonok,M,20/03/2005,K848681,16/12/1995,tfraanchyonoka7@canalblog.com
369,Mrs,Decca Worshall,Tremain Worner,F,14/12/2008,SOW1707096,2/06/2006,twornera8@skyrock.com
370,Ms,Magdalena Davey,Thane Ebbrell,M,20/01/1990,XT2462206,17/01/1999,tebbrella9@gov.uk
371,Rev,Lyssa Boor,Euell Meaders,F,11/01/1987,KE8907363,19/04/2008,emeadersaa@bravesites.com
372,,Amata Rops,,M,22/04/1983,R2405219,19/10/1990,rwhaymandab@usda.gov
373,,Daniela Stiegar,,M,21/12/1981,NFT9169458,28/12/1981,rmunehayac@hostgator.com
374,Honorable,Mariejeanne Whitcombe,Cirillo Wiggam,F,4/10/1981,GZ0297801,21/04/2004,cwiggamad@addtoany.com
375,Mrs,Justen Oxborrow,Emmey Hempel,M,28/08/1991,WZC37736960,12/01/1992,ehempelae@nps.gov
376,Mr,Ricca Mattaus,Hamilton Karby,F,22/05/1999,Z2899482,14/09/2008,hkarbyaf@slate.com
377,Mr,Gare Imason,Hillard Lukianovich,M,25/07/2000,EQJ0371860,30/10/2001,hlukianovichag@loc.gov
378,,Adoree De La Cote,,M,8/03/2001,SHT47664869,15/08/1982,lmcilroyah@ucoz.ru
379,Honorable,Goldina Tourner,Elly Stilliard,F,9/11/1984,XMH39739089,23/07/1995,estilliardai@aol.com
380,Rev,Carolus Dannel,Myra Climpson,M,6/01/1990,CTV169667,6/12/1997,mclimpsonaj@sfgate.com
381,Dr,Ric Shoobridge,Uriel Casaletto,M,5/05/1989,Q68533783,28/04/1989,ucasalettoak@freewebs.com
382,Honorable,Maridel Guidotti,Meghan Pulbrook,M,23/12/2009,XFE760159,23/07/1999,mpulbrookal@usgs.gov
383,Mr,Guss MacCollom,Meghann Nunnery,F,17/12/1986,I13992650,5/02/2010,mnunneryam@guardian.co.uk
384,,Corella Asser,,F,29/08/1992,HK9502878,12/10/2004,tchidlowan@tamu.edu
385,Mr,Lorri Redolfi,Hephzibah Stidson,F,16/04/1984,IND91933930,7/08/1997,hstidsonao@toplist.cz
386,Mr,Starlene Saben,Kippy Beumant,M,7/03/1982,XQ340663,14/01/1991,kbeumantap@noaa.gov
387,Honorable,Norine Arnould,Linc Purdie,M,20/04/1993,DE7913817,20/02/1988,lpurdieaq@ihg.com
388,Mrs,Tammi Pallasch,Merle Searl,F,5/06/2008,QN399010,3/09/2003,msearlar@pbs.org
389,Ms,Kliment Maxsted,Jocelyn Kesby,F,15/09/1992,N4008918,11/04/1988,jkesbyas@nymag.com
390,,Lorrie Hablet,,F,11/06/1987,EW38045061,22/11/2005,bmacmaykinat@google.com.hk
391,Mr,Thornie Ditty,Donovan Scading,M,13/11/2007,NH93696437,13/09/1980,dscadingau@zdnet.com
392,Rev,Lenka Lowdes,Jenine Neath,F,12/10/2008,DQE870558,2/09/1993,jneathav@yahoo.co.jp
393,Mrs,Amalie Shalliker,Zackariah Czadla,M,10/10/2000,ISZ99349860,5/01/1986,zczadlaaw@drupal.org
394,Dr,Friederike Ranstead,Cacilia Dallmann,F,4/03/1994,D99024916,22/07/1998,cdallmannax@hexun.com
395,,Sosanna Challender,,M,25/07/1983,Z2067647,11/01/1985,fhamblinay@smh.com.au
396,,Allie Osgodby,,M,20/06/1989,RW283531,4/12/2004,ldentaz@51.la
397,Dr,Wilma Durnill,Caril Ungerer,M,8/07/1980,EW37941661,7/01/1996,cungererb0@youtu.be
398,Mr,Eugen Defries,Silvain Tukely,F,21/07/1993,GW94247942,31/05/1990,stukelyb1@edublogs.org
399,Honorable,Karin Randles,Polly Nance,F,10/05/1994,G83139539,25/01/1989,pnanceb2@squarespace.com
400,Dr,Toby Kenner,Edward Hallbord,M,14/12/1997,D61322086,22/02/1993,ehallbordb3@webeden.co.uk
401,Ms,Llewellyn Junes,Erl Bourdice,M,27/07/1989,VUT053129,18/08/2009,ebourdiceb4@bluehost.com
402,Rev,Chadwick Ilyukhov,Kessia Ackeroyd,M,4/07/1998,MQ166643,20/12/1992,kackeroydb5@1und1.de
403,,Kipper Kinsett,,F,25/05/2001,RFI63125567,2/09/1993,emivalb6@mail.ru
404,Honorable,Reinhold Nourse,Carter Wolfart,M,9/09/2004,LGY7591248,12/06/1994,cwolfartb7@cbslocal.com
405,Mrs,Cornelius Loody,Noelle Delagnes,F,8/09/1983,BFL190577,2/09/2009,ndelagnesb8@jigsy.com
406,Honorable,Jerrine Antyshev,Audie Northey,F,21/04/1998,CDI104272,23/06/1991,anortheyb9@github.io
407,,Avrom Kilian,,F,22/10/2007,I4560287,12/04/1986,trevelleba@umn.edu
408,Dr,Pren Bridgstock,Shela Haucke,F,8/09/2006,SYT7506598,24/11/2003,shauckebb@examiner.com
409,Ms,Larine Linguard,Trstram di Rocca,F,7/04/2006,GF209430,2/06/2001,tdibc@wunderground.com
410,Honorable,Alfreda Gurnee,Marybeth Yellop,F,3/05/1990,HPR2028973,24/12/1988,myellopbd@toplist.cz
411,Honorable,Rasla Garforth,Madeline Baack,F,28/04/1988,D02948049,17/09/1984,mbaackbe@slate.com
412,Mrs,Raimund Lequeux,Vanessa Pregel,F,17/04/1995,D1403503,20/09/1992,vpregelbf@cbc.ca
413,Dr,Clement Figliovanni,Sandy Jerisch,M,21/10/2001,O079526,29/12/1982,sjerischbg@bbc.co.uk
414,Rev,Ange De Haven,Lane Alderwick,M,5/02/1985,UWG060174,20/12/1986,lalderwickbh@admin.ch
415,Honorable,Merry Kyndred,Culley Garroch,M,31/01/2003,ATF5119305,14/02/1989,cgarrochbi@flavors.me
416,,Martita Brigshaw,,F,17/10/1981,F134561,8/03/1994,lbunneybj@seesaa.net
417,Rev,Dorey Oxford,Wolfgang Lewcock,M,1/06/1981,UQ35909392,16/01/2005,wlewcockbk@mysql.com
418,Ms,Antone Henric,Rani Woolley,F,26/02/2009,TPF203573,29/02/2008,rwoolleybl@economist.com
419,Ms,Stearne Milhench,Michaella Goburn,F,1/10/2008,Q206490,26/08/1988,mgoburnbm@zimbio.com
420,Mrs,Revkah McCawley,Malanie Iacovuzzi,F,13/05/1983,FT777168,23/06/2001,miacovuzzibn@boston.com
421,Mr,Alex Top,Catarina Wormald,F,9/08/1984,K0614180,2/03/1993,cwormaldbo@usda.gov
422,,Dunstan Dunrige,,M,31/08/1998,EH494413,25/03/1992,vtalmanbp@ow.ly
423,Rev,Mignonne Handke,Carmon Casse,M,19/04/2009,RXK84663717,17/05/1997,ccassebq@imgur.com
424,Ms,Regan Rangall,Basilius Brambell,M,8/12/1983,X93848164,21/06/2006,bbrambellbr@fastcompany.com
425,Mrs,Monika Boothby,Stanwood Toretta,F,18/12/1991,E78267666,15/03/1989,storettabs@technorati.com
426,Honorable,Adolf McGrayle,Ab Colloby,M,17/02/2009,J54415217,30/09/2006,acollobybt@toplist.cz
427,,Darell Lindelof,,F,7/06/2007,TS13289537,17/05/2008,pvitlerbu@cdbaby.com
428,Ms,Carver Mawdsley,Mariele Cousens,M,26/05/1995,HRW25422021,18/06/1992,mcousensbv@cyberchimps.com
429,,Rudd Rowbury,,M,23/12/1994,LKX336224,12/11/1990,jspauntonbw@ebay.com
430,Rev,Celisse Roblin,Gabie Lumpkin,M,2/06/1987,GPV217149,27/06/1985,glumpkinbx@blogtalkradio.com
431,Rev,Mitchell Hegges,Timmy Kruschev,F,12/03/1982,I708861,3/01/2009,tkruschevby@alexa.com
432,Rev,Leslie Sibbering,Heloise Gwillym,F,5/05/1999,VOB75099287,12/03/1996,hgwillymbz@infoseek.co.jp
433,Dr,Terrye Bettaney,Domeniga Allan,M,25/03/1988,J01166592,17/05/1993,dallanc0@themeforest.net
434,Honorable,Kippie Dunkerton,Sybil Dunklee,M,19/12/1989,NS3971178,20/08/2008,sdunkleec1@topsy.com
435,Mrs,Bernice Keemer,Son Reymers,F,30/11/1985,ZHF39532525,25/05/2006,sreymersc2@vistaprint.com
436,Ms,Peggi Coch,Dasha Dibdale,M,18/06/1999,I081722,12/03/2007,ddibdalec3@ezinearticles.com
437,Ms,Ilsa Searchwell,Marla Tong,F,18/12/1991,W07517451,7/08/2005,mtongc4@goo.ne.jp
438,Mr,Harriet Pain,Lew Borge,M,3/05/2010,Q5529635,30/07/1996,lborgec5@gov.uk
439,Honorable,Freddie Punchard,Ed Heamus,M,12/02/2005,Q1938271,13/02/1993,eheamusc6@admin.ch
440,,Lavinia Focke,,M,26/01/2004,MC2999104,22/08/1983,fcapenerc7@nsw.gov.au
441,Ms,Dillie Dovermann,Deerdre Elnaugh,M,18/12/1996,PAQ6221366,27/12/2008,delnaughc8@bloomberg.com
442,Ms,Jen Clink,Noemi Aleixo,F,24/09/1999,CXG32747423,12/05/1990,naleixoc9@twitpic.com
443,Mrs,Roland Rabjohns,Mord Croisier,F,15/06/1990,E4177784,31/07/1999,mcroisierca@mit.edu
444,Mr,Doloritas Crawshaw,Louisa Grioli,F,13/09/1990,CFX23315176,25/09/1985,lgriolicb@accuweather.com
445,Dr,Bibbye Mungin,Mariya Taillant,F,26/12/1999,XW823959,18/03/2001,mtaillantcc@ed.gov
446,Honorable,Demetrius Ribou,Nanette Dewane,F,21/05/2000,LH546610,22/04/1983,ndewanecd@tmall.com
447,Rev,Sindee Brixey,Abigale Palliser,F,17/05/1982,Y736823,29/10/1980,apalliserce@wikipedia.org
448,,Dominik Van Oord,,F,25/01/1996,SPF49289616,23/08/1992,ctrundlecf@gov.uk
449,,Jessika Serraillier,,F,1/02/1999,S6063691,17/12/2004,lahmedcg@tmall.com
450,Honorable,Ive Cuphus,Lexie Kareman,M,22/08/1981,IYH946162,4/12/1984,lkaremanch@ucoz.ru
451,,Inga Lismer,,M,20/01/1982,DVF15909916,11/04/1997,achampneysci@github.com
452,Dr,Lise Closs,Merrie Lodge,F,4/08/2002,QFH894897,17/11/2007,mlodgecj@baidu.com
453,,Ayn Bartalini,,F,21/03/2000,BIN0710683,29/10/2007,gdeweyck@addtoany.com
454,Dr,Ofelia Akrigg,Drucie Shirer,F,27/05/1989,GK061407,23/06/1997,dshirercl@facebook.com
455,Dr,Koo Moorwood,Goldia Eastmond,M,30/04/2003,JZ92626073,22/11/2008,geastmondcm@sohu.com
456,,Gabriellia Hanny,,F,10/08/1991,FTV40647954,12/01/1997,jmallabycn@g.co
457,,Wanda Soitoux,,F,6/03/2003,GPA178709,10/02/1982,nmcleeseco@blogs.com
458,Rev,Mayer Geeraert,Brittany Ebbage,F,17/10/1987,WTX310225,5/11/1993,bebbagecp@boston.com
459,Honorable,Jorry Lipyeat,Tillie Mattheis,F,22/02/1984,ECB715042,27/08/1993,tmattheiscq@1und1.de
460,Mrs,Kelcie Tebbut,Giustino Boyton,F,20/04/1999,NG1954592,13/12/1983,gboytoncr@networkadvertising.org
461,Dr,Willi Mazzei,Rochell Braithwait,M,19/06/1980,PG865141,2/12/2005,rbraithwaitcs@instagram.com
462,Rev,Siusan Eat,Abraham Dimitrijevic,F,7/02/2005,C448445,13/08/1990,adimitrijevicct@ezinearticles.com
463,,Ruby Wyman,,M,3/11/2005,T4641799,31/03/1992,jdrillingcourtcu@exblog.jp
464,Dr,Jeanne Rabbitt,Keefe Gemeau,F,21/01/1984,GC432291,11/10/2008,kgemeaucv@dedecms.com
465,Ms,Gwyn Reen,Sven Alldread,M,26/09/1996,V29657644,4/07/2002,salldreadcw@economist.com
466,Honorable,Linet Marchbank,Jaynell Glassopp,F,9/12/1992,RS86098535,20/09/2002,jglassoppcx@meetup.com
467,,Kit Fernant,,M,25/06/1989,DJM027287,14/01/1987,redgelercy@4shared.com
468,Mr,Ki Spybey,Cassi Iacomo,M,6/10/1999,U491584,20/03/1990,ciacomocz@ovh.net
469,Ms,Raymond Fitchew,Cele Hembling,M,18/01/1990,R0795253,23/07/1982,chemblingd0@msu.edu
470,Dr,Merry Tudge,Doralyn Sheather,M,29/03/2000,ZY22291797,29/04/1981,dsheatherd1@constantcontact.com
471,Mr,Lisabeth Mohring,Shalne Stonnell,F,11/08/1990,F4978070,19/03/2006,sstonnelld2@spotify.com
472,Mr,Kylynn Somerville,Leroi Bridel,M,13/11/1983,Z599326,9/12/1998,lbrideld3@unc.edu
473,Ms,Shem Chillistone,Nanice Conford,F,14/06/2005,SO26486787,13/02/2007,nconfordd4@fc2.com
474,Rev,Emmet Hedden,Garald McEvon,F,26/03/1989,H29514509,9/12/1980,gmcevond5@latimes.com
475,Dr,Niles Daines,Kristina Aylett,M,11/05/1981,CH8154825,31/01/1994,kaylettd6@merriam-webster.com
476,Ms,Renado Junkison,Irita Kerrigan,M,24/02/1981,LV13368158,5/11/1983,ikerrigand7@unicef.org
477,Ms,Umberto Adcock,Hillary Brunsden,F,26/01/2006,IEX199723,9/08/2005,hbrunsdend8@addtoany.com
478,Mrs,Delores Ingarfill,Algernon Hinckesman,F,3/02/1997,RK41854621,2/05/2004,ahinckesmand9@live.com
479,Mrs,Yorgos Frankton,Waylan Jan,M,3/01/2010,FD2011211,2/03/1985,wjanda@jigsy.com
480,Ms,Neda Scrigmour,Juliette Poupard,M,2/04/1987,IPR123912,27/11/1996,jpouparddb@jiathis.com
481,Mrs,Glory Garwill,Kirk Normaville,F,29/05/1995,V360342,19/04/1986,knormavilledc@irs.gov
482,Ms,Cobby Tringham,Claresta Adair,M,13/09/1997,Q4926714,3/03/1995,cadairdd@blinklist.com
483,Rev,Costa Repper,Maud Braven,M,19/03/2007,FLE73409813,5/09/1986,mbravende@theatlantic.com
484,Mr,Boy Tother,Hollie Dumberrill,M,30/06/2006,DY859081,14/02/2008,hdumberrilldf@g.co
485,Mrs,Bianka McCready,Bronny Rebbeck,F,20/11/1984,UAX3956544,11/11/1988,brebbeckdg@nymag.com
486,Ms,Kahlil Longforth,Earle Peacham,M,26/09/1980,J8945493,20/09/1986,epeachamdh@biblegateway.com
487,Ms,Peirce Borgne,Lester Zarfat,F,9/06/1987,EG8377570,22/05/1993,lzarfatdi@harvard.edu
488,Ms,Suki Petrolli,Carolann Hardson,M,3/08/2001,UNS92221100,29/05/1998,chardsondj@theglobeandmail.com
489,Mr,Jessi Mozzini,Quintina Uzielli,M,24/02/1986,IJO594495,29/10/2006,quziellidk@yahoo.com
490,Dr,Vinny Maddigan,Oran Huckstepp,F,8/07/1991,FXR63416880,21/02/1987,ohucksteppdl@wp.com
491,,Abra Obert,,F,2/09/1996,OH0264095,4/10/1987,vbakewelldm@house.gov
492,,Francoise Bento,,F,22/12/2005,BO5656343,2/08/1989,rjossedn@howstuffworks.com
493,Mrs,Dall Swyer-Sexey,Christos Fist,F,27/01/1987,CK84313287,2/10/1996,cfistdo@tamu.edu
494,,Karleen Scholfield,,F,3/08/2006,POQ908773,8/10/1996,pquinetdp@nature.com
495,Rev,Alys Corre,Gayla McCully,M,31/07/2009,N2725399,6/05/2009,gmccullydq@thetimes.co.uk
496,Dr,Blayne Upston,Jerrine Brason,F,24/03/1981,GS06002460,6/03/1997,jbrasondr@goodreads.com
497,Honorable,Otto Doyle,Merv Ennion,M,24/02/1993,L27382482,14/11/1997,mennionds@yellowpages.com
498,Mr,Skelly Jaine,Honoria Boyes,F,11/03/1981,TNJ216878,18/10/1990,hboyesdt@hubpages.com
499,Honorable,Chad Dimblebee,Antonino Bishell,M,26/11/1987,G995464,5/12/2002,abishelldu@technorati.com
500,Mrs,Genni Prestedge,Madelle Maulin,M,7/05/2007,IDX231877,3/02/2000,mmaulindv@opera.com
501,,Bamby McGarel,,F,26/12/1996,NVQ155412,22/03/1994,ggladtbachdw@ca.gov
502,,Jobi Clell,,M,5/02/1995,T0429290,25/09/1987,spierceydx@google.ru
503,,Sharlene Henbury,,F,12/04/2001,N00417038,19/03/1990,drodiedy@weather.com
504,Ms,Shandeigh Lauridsen,Conrado Poultney,F,9/08/2004,ZC00849862,29/10/1996,cpoultneydz@bloomberg.com
505,Ms,Odey Rosebotham,Samaria O'Heffernan,F,19/09/2003,FIR51609367,3/11/2009,soheffernane0@drupal.org
506,Rev,Elana Grunnill,Rockwell McInally,F,24/02/2008,E78315538,26/02/1981,rmcinallye1@mapy.cz
507,Ms,Alicia Spillett,Jayme Wafer,M,11/05/1989,O626048,12/08/1995,jwafere2@mac.com
508,,Zacherie D'Elias,,M,7/01/2008,QE49769491,7/12/1999,lbrauntere3@mlb.com
509,Mr,Gorden Lackinton,Keen Egger,M,12/12/1983,MNS190464,13/03/2009,keggere4@yandex.ru
510,,Lonnie Pothbury,,M,10/11/2000,K05300755,27/06/1994,pyakunikove5@google.com.hk
511,Ms,Christyna Bortolussi,Abbe Wackley,F,20/04/1995,J294080,24/12/1986,awackleye6@facebook.com
512,Honorable,Malina Gaines,Shayna Chaffer,M,13/12/1982,SMC7461387,31/01/2009,schaffere7@etsy.com
513,Dr,Brenda Gallymore,Helene Huncote,M,30/11/1989,AT87009659,6/06/2006,hhuncotee8@timesonline.co.uk
514,Honorable,Deedee Sharper,Cordey Danzelman,F,15/02/1990,WB6902629,21/07/1981,cdanzelmane9@printfriendly.com
515,Dr,Reid Goulthorp,Rabbi Shewen,F,11/02/2009,IRW47068249,4/07/1988,rshewenea@huffingtonpost.com
516,Honorable,Baudoin Regenhardt,Tasia Linnitt,M,20/09/1991,E87763751,18/07/1993,tlinnitteb@slashdot.org
517,Dr,Cletus Skitteral,Ailene Cherry,M,14/05/1988,EM62486735,31/12/2008,acherryec@de.vu
518,Ms,Bryn Levine,Harmonie Aicken,F,5/01/2010,DPQ7718547,21/05/1999,haickened@pen.io
519,Rev,Sansone Godrich,Wallas Frankema,F,8/12/1980,TWP5395008,2/09/1994,wfrankemaee@jiathis.com
520,Rev,Fawnia Wrathmell,Linoel Stacey,F,26/06/1986,PY941813,24/08/1993,lstaceyef@bbc.co.uk
521,,Davidde Coldridge,,M,2/11/1985,D2265169,16/12/1996,dwappleseg@nydailynews.com
522,Rev,Jerry Bohlens,Yvette Chevolleau,M,5/04/1990,LM187636,17/10/2002,ychevolleaueh@samsung.com
523,Dr,Wake MacCracken,Petronia Gyves,F,31/07/2000,HJB27364984,29/07/1999,pgyvesei@xinhuanet.com
524,Dr,Binni Denial,Tory Lardier,F,5/09/1992,EU40000328,25/08/2009,tlardierej@yahoo.com
525,Mrs,Rebbecca Fetherby,Odie Lamanby,M,9/01/2001,T3509627,15/08/1994,olamanbyek@nifty.com
526,Ms,Grady Pepi,Aimee Crookshank,F,4/06/1989,X16307258,18/05/1995,acrookshankel@skyrock.com
527,Rev,Star Foltin,Allie Money,F,15/07/1986,AX03163923,10/01/2010,amoneyem@issuu.com
528,Ms,Lynda Leggate,Shannen Barff,M,20/04/1991,ABN46729472,14/06/1980,sbarffen@topsy.com
529,Dr,Reinhold Vergine,Quinn Pedwell,M,13/11/1991,FR42479501,3/11/2006,qpedwelleo@amazon.com
530,Ms,Kelila Legon,Rudd Follen,M,8/02/1998,LOJ67326041,18/09/1997,rfollenep@cmu.edu
531,Honorable,Dory Youll,Constancy Twopenny,M,7/03/2004,BG6106224,3/09/2004,ctwopennyeq@alexa.com
532,Mr,Fax Barcke,Andriette Rushsorth,F,8/04/1999,M8141835,10/10/2004,arushsorther@stumbleupon.com
533,,Haley Emig,,F,8/07/1986,I78597694,20/07/2003,mrickcordes@ehow.com
534,Dr,Jennine MacCoveney,Egor Gallienne,F,15/02/1983,FJ65104314,16/07/1995,egallienneet@merriam-webster.com
535,Rev,Kenton Dreigher,Hew Dugmore,F,25/04/1989,YEL506443,22/07/2003,hdugmoreeu@simplemachines.org
536,,Udall Gretham,,F,18/02/1998,CLE31897480,23/06/2007,gjessev@time.com
537,Dr,Grant Janoch,Essie Cripps,F,19/12/1992,PEZ68633326,10/12/1980,ecrippsew@nih.gov
538,Honorable,Adiana Burford,Carmela Faulds,F,29/11/1985,FSR66306301,4/06/2005,cfauldsex@google.fr
539,Honorable,Donni O'Hone,Porter Caller,M,14/03/2010,XE56686654,29/01/1984,pcallerey@npr.org
540,Ms,Lola Statersfield,Uriel Deverill,M,6/11/2000,R4242002,5/03/1989,udeverillez@blogger.com
541,Mr,Buckie Chambers,Alisander Madgett,F,18/11/2009,B43773986,28/01/2003,amadgettf0@hp.com
542,Ms,Bendick Blas,Free Cansdell,F,16/11/2008,AV367890,23/09/2006,fcansdellf1@howstuffworks.com
543,Rev,Phillida Bettles,Angela Goretti,M,15/10/1987,DZ38981920,4/08/1981,agorettif2@guardian.co.uk
544,,Milty Fessby,,F,29/06/1991,KM0736389,16/08/1995,aschlagmanf3@kickstarter.com
545,Dr,Elizabet Fenelow,Errick Tremmil,M,17/04/1988,QNJ98939777,15/03/1999,etremmilf4@nature.com
546,Ms,Rafaello Innis,Aurel Kirsz,F,29/06/1992,UWE58749253,23/07/1995,akirszf5@chron.com
547,Mrs,Willie Freckingham,Bebe Marc,M,18/02/2000,N774112,15/08/2008,bmarcf6@topsy.com
548,Ms,Eden McKyrrelly,Hailey Cristobal,M,17/03/1995,RN55964381,21/12/2007,hcristobalf7@example.com
549,Honorable,Garwood Cruz,Sisely Brotherheed,M,2/02/1984,QVP01767846,4/10/2000,sbrotherheedf8@51.la
550,Ms,Marinna Marmon,Leona McVeighty,M,20/05/2007,I724840,6/07/1980,lmcveightyf9@wufoo.com
551,,Davina Dillway,,F,8/06/2004,N07762531,15/02/2009,aduranfa@auda.org.au
552,,Diena Scripps,,F,5/07/1980,MLH28464877,12/08/1992,dtearfb@icq.com
553,Dr,Consolata Dallow,Lou Coytes,F,5/11/2006,D90048319,16/01/1982,lcoytesfc@google.com.hk
554,Dr,Melvin Roaf,Bev Curl,M,2/01/1992,RD157708,16/01/2004,bcurlfd@usatoday.com
555,Dr,Codi Smedley,Neel Watmough,F,24/10/1988,H6860953,9/09/1995,nwatmoughfe@webeden.co.uk
556,Honorable,Kayne Rowet,Arlana Megson,F,23/08/1993,XTH8319340,14/03/2000,amegsonff@ucoz.com
557,,Ahmed Cordero,,F,19/09/1981,LP47444471,10/09/1998,nwrightamfg@networkadvertising.org
558,Rev,Farlie Frango,Blisse Bridger,M,27/07/1993,Z55968439,23/01/2001,bbridgerfh@wsj.com
559,Ms,Krystyna Shillingford,Ninnette Vigar,F,22/09/1990,DC7180018,18/10/1983,nvigarfi@statcounter.com
560,Honorable,Lyndsay Grishin,Benita Cracoe,M,18/12/1986,AYG7595117,7/01/1996,bcracoefj@wunderground.com
561,,Madelin Loache,,M,14/08/1994,GV552836,6/01/2009,sboultfk@imageshack.us
562,Ms,Hailey Giscken,Pat Porrett,M,26/07/1984,ONH237091,28/11/2007,pporrettfl@cmu.edu
563,Mr,Abbie Towsey,Lenore O'Codihie,M,19/05/2006,S888652,5/06/1988,locodihiefm@adobe.com
564,,Emery Thornton-Dewhirst,,M,4/03/1984,IPA2402812,4/01/1998,wrumbellowfn@rambler.ru
565,Mr,Sigmund Oury,Cherey Saint,M,21/04/2006,HLV408560,9/02/2001,csaintfo@ezinearticles.com
566,Rev,Petra Tuff,Demeter Abbatucci,F,25/03/2004,RK186252,5/09/1995,dabbatuccifp@biglobe.ne.jp
567,Mrs,Iosep Millgate,Tatum Minchin,F,6/10/1991,ZA43788701,25/04/1999,tminchinfq@blogs.com
568,Honorable,Costa Milberry,Bamby Wapple,F,10/02/1981,G736459,9/09/1986,bwapplefr@amazon.co.uk
569,Honorable,Sari Isacoff,Glynnis Dominiak,M,8/11/1989,JO4794243,24/11/1993,gdominiakfs@stumbleupon.com
570,Ms,Kain Sappell,Ella Corran,F,14/04/1995,CU15816095,18/08/1999,ecorranft@hostgator.com
571,Mrs,Birk Knowlman,Maynard Southcombe,M,28/03/1991,HYS5678989,5/12/1989,msouthcombefu@uol.com.br
572,,Sybilla Tinner,,M,24/04/1995,M4970027,22/04/1987,ahargrovefv@abc.net.au
573,Honorable,Corbet Asker,Pauli Smalls,M,11/03/1993,GSP1842503,26/05/1981,psmallsfw@de.vu
574,Dr,Matilda Cooper,Dara Lucius,F,22/03/1997,LZ34275593,22/01/1997,dluciusfx@goo.ne.jp
575,Dr,Catriona Gabey,Fan Puig,F,21/04/2002,GLT32143304,19/09/1996,fpuigfy@nifty.com
576,Ms,Ina Cesconi,Barbe Bamlet,F,26/03/2001,TFO959947,10/12/1993,bbamletfz@jigsy.com
577,Honorable,Coletta Aasaf,Calv Schoroder,M,8/01/1996,S543647,9/07/1982,cschoroderg0@msn.com
578,Ms,Sayre Girardetti,Russell Cowan,F,11/07/1982,KF1556497,11/08/1994,rcowang1@blogspot.com
579,Mrs,Dayle Adair,Clayborne Thunders,M,2/09/1994,R912166,30/07/2003,cthundersg2@friendfeed.com
580,Rev,Gorden Doxsey,Linn Burge,F,10/03/1991,HV9051727,1/01/1985,lburgeg3@networksolutions.com
581,,Graig Basso,,F,8/03/1994,KW65758213,31/08/1993,jbeldumg4@spiegel.de
582,,Darrel Kairns,,M,18/05/1999,E17433768,20/09/1998,skubing5@mtv.com
583,,Alis Reddy,,F,2/10/1987,N300158,30/03/2000,tkersleyg6@e-recht24.de
584,,Barr Cecchi,,M,26/02/1985,CAL06888737,21/11/1980,bremong7@symantec.com
585,,Mahmoud Prothero,,F,14/03/2007,OY82196682,2/08/1984,dworsterg8@fotki.com
586,,Stesha McClarence,,M,7/09/1981,FE7605787,3/08/2007,ahabdeng9@discovery.com
587,Mr,Kora Merigon,Lemuel Pickthorn,F,15/01/2006,MAW816827,17/07/1990,lpickthornga@dedecms.com
588,Dr,Antoinette Birkin,Carmencita Gerbi,F,5/07/1989,VPG84333340,23/11/2006,cgerbigb@wired.com
589,Dr,Elsworth Forrestill,Elsworth Loudyan,M,28/08/1994,ZFI8655275,26/11/2005,eloudyangc@slashdot.org
590,Mrs,Diannne Jouannisson,Vania Menico,F,2/09/1984,E9447830,22/11/1982,vmenicogd@google.de
591,Honorable,Merrill Jiruch,Shandy Spier,M,16/06/1993,HAM99839015,11/07/1982,sspierge@upenn.edu
592,Mrs,Kirsteni Gatling,Skye Abbots,F,30/08/2006,UFG293692,6/07/2003,sabbotsgf@army.mil
593,Dr,Lyndsay Pears,Josefina Philippard,M,20/08/2000,SP36105048,10/11/2008,jphilippardgg@pcworld.com
594,Rev,Milt Gosart,Kaylee Goulborne,M,29/11/1985,KHU27945876,8/06/2002,kgoulbornegh@fema.gov
595,Mrs,Bidget Wride,Berrie Clymer,F,16/11/1992,ELP136020,30/03/1996,bclymergi@blinklist.com
596,Ms,Sigfrid Dutton,Helge Smerdon,F,7/04/1999,JXS590786,5/07/2005,hsmerdongj@unesco.org
597,Mr,Alexio Longhorn,Perceval Tretter,M,25/08/1980,LUG9073727,18/06/2001,ptrettergk@census.gov
598,Mr,Garvey Sparrow,Myrtie Schroter,F,4/05/2009,Z576980,11/09/1987,mschrotergl@angelfire.com
599,Mr,Bess Swanborough,Kerrin Veldman,F,16/05/2005,CR1565369,8/02/1981,kveldmangm@skype.com
600,Mrs,Modesty Trevaskis,Tiebout Bread,M,7/02/1998,GMZ121383,22/02/1993,tbreadgn@cyberchimps.com
601,Dr,Corinna Nelthrop,Stacie Hendrickx,M,22/10/2009,H4765067,10/02/1999,shendrickxgo@statcounter.com
602,,Lorne Whithalgh,,M,8/02/1988,ANO0815953,18/09/2008,agabbitusgp@woothemes.com
603,Rev,Ivor Beckham,Cosette Whorlton,M,26/04/2004,CP5530843,3/05/1988,cwhorltongq@ihg.com
604,Ms,Iris Bartalot,Olenka Gribbon,F,3/03/1999,YC46744028,12/07/1992,ogribbongr@goodreads.com
605,,Amery Cousen,,M,11/07/2005,LDO19894152,18/10/1997,hpeartongs@ning.com
606,Rev,Stern Riveles,Edi Halley,M,4/08/2009,Q97608272,26/07/2005,ehalleygt@nationalgeographic.com
607,Honorable,Vin Brognot,Klarrisa Tomsa,M,10/09/1992,Z337308,8/02/1992,ktomsagu@google.pl
608,Mrs,Grete Folks,Frankie Iggulden,F,23/12/1981,UD017266,25/10/1980,figguldengv@squarespace.com
609,Honorable,Kyla Duffyn,Elisabeth Sweatman,M,16/06/1998,YA9652717,27/07/1982,esweatmangw@infoseek.co.jp
610,Honorable,Clive McFie,Bernice Karchewski,F,18/04/1998,V570838,28/05/1991,bkarchewskigx@bizjournals.com
611,Mrs,Collie Mullineux,Deerdre Frearson,M,24/09/1999,J01786356,4/02/2003,dfrearsongy@xing.com
612,Mr,Kirsteni Tarver,Lavina Ghiron,F,6/06/1991,A38493154,22/09/1989,lghirongz@tripod.com
613,,Vladimir Groucutt,,M,4/04/1985,O34520070,23/07/1982,lpitkethlyh0@theguardian.com
614,,Delano Mountford,,M,8/06/1996,PVM4263210,25/11/1991,gwreyh1@jugem.jp
615,,Arman Clyde,,M,22/07/2005,ADL464566,27/05/1990,orangellh2@soup.io
616,Ms,Aurelie Rowsell,Kristyn Blain,F,28/10/2005,YE075073,22/02/2004,kblainh3@taobao.com
617,Rev,Janot Boomes,Tommie McCaughren,F,14/05/1983,LX343425,5/12/1982,tmccaughrenh4@ucoz.ru
618,Dr,Valerye Pinks,Ardenia Hallford,M,25/01/1981,RS134595,6/01/1989,ahallfordh5@woothemes.com
619,Ms,Karon Gaytor,Dori Paske,F,13/03/2009,H23710009,27/01/2000,dpaskeh6@ask.com
620,Rev,Padriac Trever,Jana McGarry,M,14/12/1992,FHE669621,22/11/1981,jmcgarryh7@illinois.edu
621,,Davide Philott,,F,13/08/1999,Z69130221,10/04/2003,trosenauh8@umn.edu
622,,Fern Glencorse,,M,29/09/1981,M53798733,27/02/1993,dhabdenh9@last.fm
623,Honorable,Helaine Ostrich,Nona Kuhndel,F,31/01/2009,M865268,10/09/1980,nkuhndelha@geocities.jp
624,Mrs,Jordon Gerold,Yance Wassung,F,18/08/1994,AKC9529181,28/11/2002,ywassunghb@elegantthemes.com
625,,Carce Crannis,,M,28/05/1989,J745104,28/09/1981,agartonhc@wufoo.com
626,Mrs,Loise Harvison,Marcelo Pendred,M,20/03/2000,B3298429,11/08/1983,mpendredhd@networksolutions.com
627,Rev,Brose Gilcriest,Rustin Andryushchenko,M,16/03/2005,BJ809341,24/04/1981,randryushchenkohe@wsj.com
628,Rev,Crissie Brounfield,Sophi Phin,M,3/05/1984,S3221526,13/03/1992,sphinhf@phpbb.com
629,Ms,Jody Chessill,Gustave Ivanov,M,2/12/2001,C14035055,19/06/2002,givanovhg@ucoz.ru
630,,Johnathon Siberry,,F,10/07/2009,PMT27512491,24/07/2002,ccranneyhh@discuz.net
631,Mr,Goddard Barg,Marti Wolfe,M,10/11/2007,KN397452,10/01/1995,mwolfehi@theglobeandmail.com
632,,Franny Jirusek,,M,14/09/1987,VYK380339,14/08/1988,stompsetthj@google.com.au
633,Ms,Minda Dailey,Ilysa Cardenoso,F,31/05/2000,WQB12374665,20/10/2006,icardenosohk@ft.com
634,Ms,Rollin Kaiser,Darnell Shellard,F,7/05/1984,GED1493071,2/08/2007,dshellardhl@ezinearticles.com
635,Mr,Magdaia Bushby,Wallie Le Noury,M,15/11/2009,APE2869961,2/01/2001,wlehm@infoseek.co.jp
636,,Drusie Woehler,,M,22/07/2008,EMN556599,25/09/1982,pverrellhn@tripadvisor.com
637,Dr,Annamaria Sommerscales,Feliza Loughton,M,14/11/2007,USQ137932,3/02/2010,floughtonho@washingtonpost.com
638,Ms,Nike Harcarse,Pansy Paine,M,14/10/2003,C24313304,22/09/1980,ppainehp@istockphoto.com
639,Mr,Emeline Hunting,Lauralee Hitchens,M,4/09/2004,CMZ1241140,2/07/2008,lhitchenshq@hc360.com
640,Dr,Sollie Kennham,Ivie Meake,M,18/05/1998,RUL08462315,24/07/1986,imeakehr@mit.edu
641,Rev,Hildegarde Baselli,Cymbre Algie,M,4/02/2005,R777274,19/01/1990,calgiehs@cyberchimps.com
642,Rev,Audi de Keyser,Orlan Cutchee,M,27/08/1990,H6330620,8/07/1993,ocutcheeht@w3.org
643,Rev,Gerta Lealle,Dotti Barlass,M,16/09/1990,Q09218094,25/08/1996,dbarlasshu@skype.com
644,Dr,Tades Rayment,Ella Cunrado,F,3/05/2006,WI648159,10/07/1995,ecunradohv@prweb.com
645,,Lynette Vearnals,,M,5/03/1987,IW396292,30/09/1993,mthomassenhw@upenn.edu
646,Ms,Adelheid Welbourn,Zena Ellesmere,F,30/11/1994,SL370299,24/05/2000,zellesmerehx@discuz.net
647,Dr,Adriena Lockton,Derry Housecroft,F,26/08/1991,UNW82693080,3/11/1984,dhousecrofthy@wunderground.com
648,Dr,Rebecka De Maria,Gordy Pettwood,F,25/01/2006,ERQ4299902,3/05/1994,gpettwoodhz@admin.ch
649,Mrs,Gus Hamblen,Malia Curnick,F,23/02/1997,P6503170,31/01/1999,mcurnicki0@seesaa.net
650,,Bethany Skeeles,,M,28/12/1985,Z1034808,2/01/1982,zfidoei1@sakura.ne.jp
651,,Binni Sibbet,,F,4/04/1998,NQR403463,10/09/1986,cgamblei2@hugedomains.com
652,Ms,Ginny Langlands,Glennie Goodliff,M,28/10/1998,REL1299290,19/01/2007,ggoodliffi3@cdbaby.com
653,Mr,Bastien Ardern,Marietta Satchel,M,11/11/1994,Z9948890,24/04/1984,msatcheli4@geocities.jp
654,Honorable,Amalea Paradin,Tamar Labro,M,18/06/1991,UE432131,10/06/1997,tlabroi5@globo.com
655,Mrs,Benedikt Duell,Justine Golds,M,26/11/1984,RKO334216,12/09/2005,jgoldsi6@eventbrite.com
656,,Jarret McCalum,,F,15/10/1981,BD55527290,2/12/2003,cvonnassaui7@soup.io
657,Dr,Angus Marquiss,Bruis Tuckwood,F,16/09/1987,KGU35229729,23/01/1984,btuckwoodi8@newsvine.com
658,Dr,Caddric Grishechkin,Elsinore Patington,M,6/08/2005,PW302273,18/04/2003,epatingtoni9@flavors.me
659,Ms,Boycie Himsworth,Lyle Wellstead,F,25/12/2001,MC9192554,19/10/2006,lwellsteadia@redcross.org
660,Honorable,Zsa zsa Grisedale,Cherice Gloucester,F,5/11/1993,ND156138,23/10/2000,cgloucesterib@cloudflare.com
661,,Dexter Pales,,M,20/04/2010,PJ33261498,9/09/1995,bneylanic@vistaprint.com
662,,Farley Bellay,,F,11/01/1988,ZO846947,16/04/1987,cpauntonid@chicagotribune.com
663,Mr,Jorge Hayhurst,Jermayne Doring,M,18/09/2007,S1375978,3/08/1986,jdoringie@howstuffworks.com
664,Rev,Lockwood Comfort,Winnifred Boxhall,M,12/11/1989,KFA301962,27/10/1993,wboxhallif@reuters.com
665,Rev,Jerome Zute,Lyell Aupol,F,20/06/1981,MKG17264395,3/08/1984,laupolig@cpanel.net
666,Dr,Alvy Kristufek,Trudy Rubinivitz,M,7/11/2008,QWY9417052,11/02/1987,trubinivitzih@va.gov
667,Dr,Kit Orthmann,Dulciana Alyutin,M,1/11/1992,GAI1749226,5/09/1998,dalyutinii@ihg.com
668,Mr,Sebastiano Baxstar,Siana Whitnell,F,23/04/1984,T34149179,10/07/2005,swhitnellij@jigsy.com
669,Honorable,Nowell Swanbourne,Michal McGregor,M,29/07/2000,L97230091,24/01/1999,mmcgregorik@phpbb.com
670,,Rikki Kembrey,,M,27/08/1993,C3945163,11/10/2005,kblamiresil@github.com
671,Dr,Damiano MacIlhagga,Christophe Floyd,M,30/07/1988,PUQ3649969,11/01/1998,cfloydim@tripadvisor.com
672,Rev,Valentin Birkbeck,Jeniece Brinklow,F,24/05/1989,YA62318234,14/01/1998,jbrinklowin@sohu.com
673,Ms,Mahala Inglis,Brennen Boij,M,31/07/1980,CPH321072,3/08/1994,bboijio@fda.gov
674,Mr,Lammond Asmus,Daloris Greetham,F,15/07/2005,VD5856589,23/06/1997,dgreethamip@blinklist.com
675,Ms,Belva Bront,Wyndham Kybbye,M,4/01/1990,Q2704123,3/04/1993,wkybbyeiq@scientificamerican.com
676,,Gray Friedenbach,,F,22/04/1998,J5166798,4/10/1984,jferrilloir@youtube.com
677,Ms,Joleen Georgelin,Jud Kelsell,F,31/05/1986,R100026,28/06/1981,jkelsellis@behance.net
678,Mr,Cathyleen Cadle,Gianna Thrift,M,17/10/1999,ULC36433499,18/03/1991,gthriftit@gmpg.org
679,Dr,Evelin Bernli,Eartha Spaule,F,24/09/2004,AT794681,17/10/1985,espauleiu@linkedin.com
680,Mr,Ax Brackstone,Mallory Rittmeyer,M,27/07/1984,E8901760,21/02/1997,mrittmeyeriv@technorati.com
681,,Muire Nary,,F,10/05/2009,V817011,3/01/1993,wmatejiciw@webnode.com
682,Mr,Archaimbaud Janik,Ellie Aldren,F,4/09/1993,UF108223,11/02/1995,ealdrenix@apple.com
683,Mrs,Gwenny Farnie,Brucie Gertray,F,9/07/2005,X869746,17/08/2004,bgertrayiy@prlog.org
684,Honorable,Colet Hillum,Helen Jancik,M,31/01/2002,ZX9283127,6/09/1985,hjancikiz@ameblo.jp
685,Rev,Jennette Errol,Juli Canavan,F,25/05/2010,OL341996,23/12/1990,jcanavanj0@adobe.com
686,Honorable,Maria Landes,Westleigh Oger,F,12/06/1990,CS52648863,4/03/1986,wogerj1@sbwire.com
687,Honorable,Rubin Pickworth,Guinevere Akram,F,2/03/1998,U328175,15/02/1982,gakramj2@dailymotion.com
688,,Ellen MacKill,,M,28/06/2006,WH7476385,10/01/1989,fruddj3@eventbrite.com
689,Rev,Basilius Grioli,Marchall Uebel,F,20/04/2002,A25295699,8/01/1992,muebelj4@uiuc.edu
690,Honorable,Helge Frays,Arlan Matteris,M,19/06/1985,JHA00676927,19/03/1988,amatterisj5@blogger.com
691,Mr,Clemmy Penney,Osborn Deguara,M,2/08/2000,J6695564,12/06/1990,odeguaraj6@go.com
692,Mrs,Elianora Agott,Terese Beebee,M,3/09/1994,E075215,21/12/1983,tbeebeej7@reuters.com
693,Mrs,Nickie Bisp,Ethe Boast,F,23/02/1985,EBJ387546,6/08/1987,eboastj8@mail.ru
694,Mrs,Diana Dagwell,Heall Bygraves,M,10/06/1997,O43763771,22/11/1988,hbygravesj9@hud.gov
695,Mr,Kippy McEnhill,Panchito Matteotti,M,22/11/1995,DO62725709,6/02/1989,pmatteottija@vimeo.com
696,Rev,Arie Tait,Xaviera Saunders,F,24/12/1995,UK1004014,7/05/1992,xsaundersjb@shinystat.com
697,Mrs,Jack Janny,Lira Durant,F,11/02/1996,Q9832417,31/07/1996,ldurantjc@histats.com
698,Rev,Teodoor Dyerson,Elbertine Iley,M,25/05/2005,KI291374,13/12/1994,eileyjd@xinhuanet.com
699,,Alfie McPeake,,M,9/01/2008,O278143,23/02/1988,abilovskyje@google.nl
700,Mr,Lion Payler,Nona Loughney,F,19/03/1981,RL3133996,27/01/1983,nloughneyjf@hibu.com
701,Rev,Orren Guinn,Stace Byrde,F,27/02/1999,AQ05620641,28/08/1988,sbyrdejg@sitemeter.com
702,Honorable,Leilah Dunton,Wallace Goodricke,F,8/11/1990,P645018,14/10/2007,wgoodrickejh@prnewswire.com
703,Dr,Rudyard Carlyle,Corrinne Bucksey,M,16/02/1981,UJ7796863,8/10/1990,cbuckseyji@cocolog-nifty.com
704,Honorable,Nappy Kuhlen,Eddie Tenpenny,F,4/08/2003,DU9296749,2/10/1991,etenpennyjj@oakley.com
705,Rev,Rafferty McCaighey,Quincey Gosnall,M,10/04/1996,QSP598502,21/01/2007,qgosnalljk@github.com
706,Rev,Victoir Ballintime,Babara Huby,M,23/09/1990,USZ746636,4/01/1982,bhubyjl@photobucket.com
707,Rev,Glori Yearn,Aviva Wilber,M,23/12/1981,J390537,23/04/2005,awilberjm@mayoclinic.com
708,,Mable Haverson,,F,16/09/1997,N5031038,6/01/2005,jbanyardjn@toplist.cz
709,,Juana Newlyn,,F,2/02/2008,GM0824456,13/05/1993,dratnagejo@topsy.com
710,Mrs,Moll Keerl,Anabella McMakin,F,7/10/1984,B2158934,2/05/1981,amcmakinjp@buzzfeed.com
711,Ms,Renae Rigts,Graeme Cady,M,4/05/2009,ASP0728486,31/01/2000,gcadyjq@edublogs.org
712,Honorable,Ardith Lightbourne,Dannel Quayle,F,5/01/1988,KJU58090503,7/09/2004,dquaylejr@cyberchimps.com
713,Mrs,Allis Siviour,Sheridan Hamman,F,18/02/1981,KQB9519435,31/01/1993,shammanjs@ucla.edu
714,,Yank Rounds,,F,27/05/1990,GTU93721252,16/02/1993,dbazelljt@nationalgeographic.com
715,Rev,Virgie Beminster,Jaimie Gramer,M,10/08/1986,X67350485,16/07/1985,jgramerju@hugedomains.com
716,Dr,Ophelie Rousel,Alyda Ryhorovich,M,16/05/1999,HQ37630441,12/02/1984,aryhorovichjv@purevolume.com
717,Dr,Federico Di Franceshci,Ivory Maton,M,5/10/1992,MU3813863,25/04/2009,imatonjw@nhs.uk
718,Rev,Pru Moffett,Anita Vedekhin,M,31/01/1990,AL23067154,4/05/1988,avedekhinjx@tinyurl.com
719,Rev,Freida Haresign,Tatiania Purkiss,F,7/11/1989,KW65113277,9/09/2001,tpurkissjy@bigcartel.com
720,Honorable,Eadmund Aven,Joell Ebdon,F,8/10/2006,UNP013101,21/03/1982,jebdonjz@studiopress.com
721,Ms,Noel Larner,Barby Godart,F,20/01/1983,EVG07536977,13/04/1981,bgodartk0@imgur.com
722,Mr,Janice Smittoune,Del Rudderham,F,18/03/1989,VSA40488972,13/10/1998,drudderhamk1@technorati.com
723,,Blinni Merman,,F,14/06/1991,XA453930,20/11/1991,kpeytonk2@si.edu
724,Dr,Lilith Oswal,Brew Dobsons,F,12/05/1993,E8007719,19/11/1987,bdobsonsk3@baidu.com
725,Mrs,Christabella Nestor,Bryana Inkles,M,11/12/1999,FV8295853,22/07/2009,binklesk4@wikia.com
726,Mr,Paule Dinning,Moria Ninnotti,F,10/11/1989,QK6953081,29/09/1995,mninnottik5@jiathis.com
727,Rev,Albertine Louisot,Hesther Maha,F,19/04/1997,E6539674,19/02/2005,hmahak6@slate.com
728,,Agna Artist,,M,1/06/2006,PAG5716328,28/08/1985,rfilochovk7@phoca.cz
729,Honorable,Tracie Hertwell,Dorotea Erie,M,17/08/1998,PV1872895,11/09/2009,deriek8@storify.com
730,Rev,Abbe Rigard,Milly Digger,F,5/11/2008,L72452667,25/09/2006,mdiggerk9@cornell.edu
731,,Anallise Quinn,,F,26/03/2004,AG525648,29/02/2000,ccrasfordka@taobao.com
732,Dr,Garv Blowfield,Randene Shilliday,M,28/04/2004,D05783876,25/07/2004,rshillidaykb@dion.ne.jp
733,Mrs,Falkner Hinzer,Pansie Gilbart,M,16/10/2009,AW272119,20/04/2000,pgilbartkc@blinklist.com
734,Honorable,Flory Gair,Omar Haug,M,1/04/1990,DZM409623,18/11/1984,ohaugkd@ebay.co.uk
735,,Thor Sepey,,F,4/04/1982,W2772065,28/08/1985,kbreakeyke@reference.com
736,Mrs,Hersh Shotboulte,Clio Voss,M,14/12/1999,U904201,17/02/1983,cvosskf@nature.com
737,Honorable,Ekaterina Oloman,Darbie Eloy,M,9/10/1985,PRE830817,6/01/2010,deloykg@discovery.com
738,Ms,Jackie Trinkwon,Walton Anfusso,F,24/04/1982,L7949226,9/02/1984,wanfussokh@seesaa.net
739,Honorable,Nerti Colquhoun,Tiertza Ninnoli,M,29/06/1980,V8868042,14/06/2000,tninnoliki@latimes.com
740,Dr,Clo Reimer,Nisse Yanson,F,4/10/1993,Q646226,13/06/1988,nyansonkj@instagram.com
741,Dr,Gage Deere,Kennett Zappel,F,5/05/2009,GQ3955123,4/10/1989,kzappelkk@washington.edu
742,Rev,Krystalle Thurley,Merrilee Shevlin,M,22/05/2010,PQ723050,7/05/1989,mshevlinkl@ebay.com
743,Mr,Huntley Kellar,Maxi Broadey,M,8/06/1991,X31642699,14/06/2007,mbroadeykm@hhs.gov
744,Mrs,Nedda Mearing,Bobinette Treadgold,F,19/03/2003,NA7896525,8/01/1987,btreadgoldkn@topsy.com
745,Mrs,Matelda Eastmond,Sheri Filkin,F,26/06/2003,S0463239,25/12/1989,sfilkinko@japanpost.jp
746,Honorable,Clint Tower,Kippy Heeney,M,27/11/1990,ST845808,23/09/1986,kheeneykp@mozilla.com
747,,Cleveland Jambrozek,,F,9/12/1999,LD7763934,21/08/2007,vsiaspinskikq@google.ru
748,,Scarlett Mowle,,F,2/09/2008,MJ4587622,26/05/1988,dcardnellkr@sogou.com
749,Rev,Roscoe Gingell,Caresa Hobden,M,1/09/1994,X07200011,28/03/1995,chobdenks@t.co
750,Dr,Hasheem Grissett,Kanya Wippermann,M,3/07/1996,NU130270,23/10/2000,kwippermannkt@zdnet.com
751,,Amabel Knowlman,,M,24/12/1993,TP3478002,21/09/1984,tfildeku@columbia.edu
752,Rev,Carmelina Mesnard,Benjie Gladdis,F,1/04/1982,TC759871,4/09/1983,bgladdiskv@hc360.com
753,Honorable,Edna Neat,Kali De Freyne,F,11/07/1982,UOE1364414,11/04/1995,kdekw@china.com.cn
754,Ms,Jasmine Gillman,Lorrayne Collinge,M,30/05/1992,RJV2789833,22/10/1982,lcollingekx@csmonitor.com
755,,Lanae Axston,,F,9/06/2006,KS1505720,5/04/2005,shughesky@bizjournals.com
756,Honorable,Petronille Dmitr,Bendick Grewer,M,4/11/1995,F51099379,23/11/1992,bgrewerkz@earthlink.net
757,Honorable,Shoshana Calderonello,Chicky Lagde,M,16/03/1984,KWH68358271,23/12/2005,clagdel0@phoca.cz
758,,Shelli Menhci,,M,8/11/1990,X452392,5/01/2008,bsaltmarshel1@adobe.com
759,,Jennifer Kemm,,M,8/10/1990,UBY8114783,15/12/1987,lkrolmanl2@cisco.com
760,Ms,Edna Stratten,Conant Snowden,F,31/12/1981,V80190743,10/05/2004,csnowdenl3@twitpic.com
761,Rev,Ainslee Yanin,Caroljean Jellico,F,6/02/2000,TE782223,15/12/2006,cjellicol4@nih.gov
762,,Thibaud Chamberlain,,F,31/12/1993,ZC3988982,9/09/2001,mdenricol5@microsoft.com
763,Mr,Nari McGeffen,Blithe Swetmore,M,9/11/1991,WI442300,3/04/2010,bswetmorel6@independent.co.uk
764,Mr,Constantina Vaulkhard,Clyde Butland,F,8/05/1986,VIN223819,2/02/1992,cbutlandl7@google.nl
765,Ms,Marta Columbell,Dre Ellerey,M,3/08/1990,D6224784,19/09/2007,dellereyl8@hud.gov
766,Dr,Delores Nys,Lolly Riddick,M,25/03/1994,LWA6612777,7/05/1998,lriddickl9@nationalgeographic.com
767,,Ethelind Bitcheno,,M,30/07/1990,HJ533419,29/01/1982,jwhitwhamla@so-net.ne.jp
768,Rev,Theodora Rhoades,Duffie Deshon,F,27/05/1983,SE5510186,14/01/1999,ddeshonlb@chicagotribune.com
769,Ms,Tessi Tulleth,Herman Westell,F,27/08/1988,SX749749,17/09/1997,hwestelllc@sogou.com
770,Mr,Avery Goodacre,Lea Chin,M,18/05/1982,R001173,23/12/1982,lchinld@amazon.com
771,Honorable,Danny Flight,Wood Firbank,F,1/10/2006,PLO0963661,31/08/1981,wfirbankle@sourceforge.net
772,Dr,Shayne Bozward,Karlen Prestige,M,5/04/1994,TY44024994,18/05/1983,kprestigelf@etsy.com
773,Mrs,Bethany Sammons,Jodi Conville,F,3/05/1989,WTV6314071,11/07/2006,jconvillelg@wikispaces.com
774,Rev,Thorin Walls,Wilt Spadazzi,F,23/08/1984,UW7745711,20/11/1994,wspadazzilh@cloudflare.com
775,Ms,Clarine Booth-Jarvis,Noell Khilkov,F,11/02/1998,OPX0183366,17/07/2002,nkhilkovli@unblog.fr
776,Rev,Dieter Thaine,Heidie Bradly,F,8/08/1994,V028743,15/04/1997,hbradlylj@blogspot.com
777,,Page Cramphorn,,M,23/08/2005,DG40564921,26/04/1983,fhartiganlk@gnu.org
778,Rev,Candace Yarn,Robyn Sheere,F,8/09/1993,LP4322513,7/08/1983,rsheerell@sun.com
779,Ms,Lowe Clemanceau,Channa Chaudrelle,F,12/10/2006,VWQ8853949,18/05/1994,cchaudrellelm@behance.net
780,,Doralynn Hue,,F,2/09/1987,LEF542018,26/03/1989,lbabinln@webmd.com
781,Rev,Eulalie Flintoft,Thoma Banghe,F,14/05/1983,US9656299,17/01/2006,tbanghelo@sogou.com
782,Rev,Chrystel Wortt,Noak Tolle,F,5/01/1989,PBA0205933,6/09/2003,ntollelp@reference.com
783,,Rochester Busson,,F,12/09/2007,HTD75318517,6/09/1986,lpoultonlq@wordpress.com
784,Mrs,Renaldo Whitcomb,Clementius Flasby,F,27/07/1983,X2566227,23/09/1989,cflasbylr@sogou.com
785,Mrs,Janos Brosnan,Zitella Skeemor,F,22/11/1991,SQ5707703,10/02/1995,zskeemorls@blogs.com
786,Mrs,Roda Manueau,Bradan Ortell,M,16/03/2002,IOK747821,17/10/1980,bortelllt@weather.com
787,Ms,Agneta Press,Odele Rhoades,M,25/05/2009,MPQ6100188,26/01/1991,orhoadeslu@360.cn
788,Honorable,Quintana Greenroyd,Leighton Kingsbury,F,14/01/2002,XLJ4486886,19/11/1981,lkingsburylv@alexa.com
789,,Thomasine Hurtado,,F,19/08/1980,P0474024,1/02/2000,dwharramlw@opera.com
790,Mrs,Hans Grimstead,Bail Meddows,M,10/09/2009,VND834455,20/01/2010,bmeddowslx@mlb.com
791,Dr,Arne Cheeld,Blondie Figin,F,22/05/2006,ZJI1721018,10/12/1999,bfiginly@vinaora.com
792,Ms,Rafi Sheldon,Maximilien Crabtree,M,23/01/2002,BN5776585,13/01/2002,mcrabtreelz@nydailynews.com
793,Rev,Celie Keppin,Margaretta Deakan,F,16/07/1995,BV612346,9/06/1992,mdeakanm0@businesswire.com
794,Mr,Northrup Sansom,Moll Quincey,F,30/06/1984,C6550631,22/09/1991,mquinceym1@webeden.co.uk
795,Mr,Adan Grange,Robenia Luscott,F,7/11/2004,A25142707,28/01/1986,rluscottm2@nationalgeographic.com
796,Mr,Amabel Boots,Lemmie Veal,F,15/10/1997,T4876194,22/01/1989,lvealm3@skyrock.com
797,,Buiron Bingham,,M,26/01/2002,R2746510,19/07/1980,wpendrighm4@telegraph.co.uk
798,Honorable,Ernesta Flockhart,Ema McDermott-Row,F,6/10/2001,L123068,8/12/2003,emcdermottrowm5@gmpg.org
799,Honorable,Caritta Cowley,Shir Bengall,F,18/01/1982,CXA62855182,24/09/1992,sbengallm6@last.fm
800,,Alverta Vasquez,,M,19/06/1990,A6560343,1/04/1983,fbillingm7@chron.com
801,Honorable,Wanda Stephen,Marlin Gatenby,F,25/05/1991,FMH3647981,23/08/1983,mgatenbym8@independent.co.uk
802,,Hermon Mc Mechan,,F,2/09/1983,LF7364118,10/08/1990,wodriscollm9@360.cn
803,,Moore Wibrew,,F,16/02/1988,BE0070576,23/10/1981,aoharneyma@timesonline.co.uk
804,Dr,Waldon Hanretty,Nobie McNuff,M,21/12/1994,ZN48755353,9/10/1995,nmcnuffmb@lulu.com
805,,Devlin Brimfield,,F,4/10/2002,WLQ0545862,19/04/1985,esmymc@tinypic.com
806,Mrs,Delores Patty,Vinny Canwell,F,14/04/1998,LWO1668668,16/03/2001,vcanwellmd@webmd.com
807,Mr,Tilda Kubu,Winonah Attwell,F,3/02/1999,P272410,26/08/1983,wattwellme@europa.eu
808,Rev,Kristal Guidone,Major Orcas,M,15/05/1993,SB80148172,28/08/2008,morcasmf@prnewswire.com
809,Honorable,Gratiana Scourgie,Gwenneth Challener,F,6/12/1987,XP049214,5/08/1981,gchallenermg@posterous.com
810,Ms,Kliment Coath,Brnaba Karpenko,F,24/03/1984,LFI44594317,1/07/2005,bkarpenkomh@deviantart.com
811,Dr,Fayina Grigoriev,Geno Moncreiffe,M,2/03/1984,B58685245,26/07/2003,gmoncreiffemi@google.com.hk
812,Dr,Aridatha Rickerby,Danita Ourtic,F,18/11/1989,Y84168420,15/03/2005,dourticmj@edublogs.org
813,Mr,Devland Lean,Waldon Durban,F,6/09/2008,A78039016,15/02/1995,wdurbanmk@fema.gov
814,Honorable,Saree Zimmerman,Jorgan Juszczak,M,13/03/2004,EV8016302,7/03/1996,jjuszczakml@epa.gov
815,Rev,Derron Stokell,Rozele Liverseege,M,29/01/2001,B581483,30/09/1992,rliverseegemm@nydailynews.com
816,Dr,King Faldo,Thorvald Leither,M,6/09/1989,XG777842,11/12/1994,tleithermn@livejournal.com
817,Ms,Anissa Guitton,Ronda Renals,F,24/05/2006,VD477364,1/05/1983,rrenalsmo@un.org
818,Rev,Sanford Beddard,Patton Foxall,F,26/02/2002,F529194,27/02/1991,pfoxallmp@nydailynews.com
819,Honorable,Will Hoy,Stearne Caldera,M,5/02/2003,VR972556,20/07/1990,scalderamq@theglobeandmail.com
820,,Gabrila Guthrie,,M,14/02/1996,DFR607505,10/06/1982,evequemr@lulu.com
821,,Friedrick Woofenden,,M,26/01/2006,BFD993673,1/03/2006,wchattoms@usa.gov
822,Honorable,Neile Swarbrigg,Buffy Marquiss,F,13/12/1986,HY8192779,30/04/1981,bmarquissmt@canalblog.com
823,Mrs,Caitrin Merkle,Kristy Ewebank,M,28/09/1994,PXG488255,11/12/1993,kewebankmu@merriam-webster.com
824,Dr,Marney Candish,Tab Tingey,F,1/11/2000,CPQ112001,18/03/1994,ttingeymv@scientificamerican.com
825,Mr,Oberon Styles,Gae Toopin,F,26/12/1980,MVO6498338,23/05/2001,gtoopinmw@wikipedia.org
826,Dr,Collen Barefoot,Heath Haskett,M,3/06/2006,G1322220,3/08/2001,hhaskettmx@cnbc.com
827,,Johnath Aitchinson,,M,25/10/1995,V5030752,22/07/1990,nhorsteadmy@quantcast.com
828,Mrs,Neale Kermott,Ax Matthesius,M,3/12/1986,WA368499,13/12/1986,amatthesiusmz@gov.uk
829,Honorable,Barbabas Mackelworth,Lia Goodlatt,F,18/09/2006,JOF47449208,17/09/1981,lgoodlattn0@intel.com
830,Dr,Dniren Grayland,Pier Bazoche,F,27/06/2000,QNB0389439,27/03/2009,pbazochen1@cdbaby.com
831,,Dionis Goscomb,,M,3/11/2001,PFG1750926,6/06/2003,eschrodern2@nymag.com
832,Honorable,Henrietta Maunton,Cherye Joret,M,21/06/1986,CRG18348468,21/09/2001,cjoretn3@hud.gov
833,,Symon Etter,,M,1/12/1981,XEN6134342,10/12/2004,gheathcoatn4@webnode.com
834,Mrs,Chloette McKie,Viva Albert,F,4/01/1987,MXO3086471,5/04/1982,valbertn5@live.com
835,Honorable,Jose Rustman,Keri Cabrer,M,1/07/1988,HR438022,10/11/1992,kcabrern6@blogger.com
836,Mrs,Audre Fiddyment,Lin Spurriar,M,8/04/1985,DE6059685,25/11/1997,lspurriarn7@over-blog.com
837,,Janifer Brogden,,M,27/06/2007,MN9526120,11/06/1995,akibblewhiten8@marketwatch.com
838,Rev,Keary Digan,Georgine Willacot,M,13/10/1988,B963505,20/04/1981,gwillacotn9@liveinternet.ru
839,Dr,Kingsley Martijn,Tarra Tretwell,F,28/05/1981,Y10613969,27/09/2007,ttretwellna@google.ca
840,Mrs,Chiquita Rosenfelder,Meg Dodle,M,15/05/1987,S5426957,11/08/1989,mdodlenb@harvard.edu
841,Rev,Willa Loades,Mikkel Pullman,F,18/09/1992,WUN27586339,22/06/2008,mpullmannc@redcross.org
842,Dr,Luciana Grayer,Millicent Pulver,M,22/05/1993,DFI2592937,16/04/1990,mpulvernd@hud.gov
843,Mr,Mikey Egle,Henrie O'Tierney,F,5/01/2010,LQ669951,1/04/2004,hotierneyne@msu.edu
844,Dr,Collete Tomkies,Alia Old,M,19/03/2008,JAT443754,18/09/1996,aoldnf@hhs.gov
845,Mrs,Toby Nazer,Umberto Marchenko,F,21/02/2001,F083308,31/01/2007,umarchenkong@imgur.com
846,Ms,Nancey Edser,Sherilyn Dunlap,M,22/09/2007,D823401,9/10/1991,sdunlapnh@diigo.com
847,Honorable,Leontine Gellan,Iago Hannent,F,11/12/1999,C289685,1/10/2009,ihannentni@yolasite.com
848,Ms,Corena Scholar,Teddy Shobrook,M,25/09/2006,J96516594,11/11/1999,tshobrooknj@examiner.com
849,Dr,Christiana Gallafant,Murdoch Exroll,F,7/03/2006,CSV4426168,31/07/1980,mexrollnk@amazon.de
850,Honorable,Iggie Fillimore,Kylen Welsby,F,7/06/1993,FIG22821536,13/07/1988,kwelsbynl@tumblr.com
851,Mrs,Pier Hassan,Major McVee,F,14/05/1987,JEH4683316,8/10/1981,mmcveenm@dailymotion.com
852,Ms,Lianna Ballefant,Dawna Streat,M,28/09/2001,ADO0233295,14/09/1984,dstreatnn@washingtonpost.com
853,,Emlyn Warcup,,F,19/01/1997,GLB4961223,25/06/1995,eerettno@wordpress.com
854,Dr,Karlik Leece,Errol Leteurtre,M,28/03/1997,XV862672,29/03/1990,eleteurtrenp@csmonitor.com
855,Ms,Danit Ivannikov,Jacenta Govenlock,F,7/09/1990,RM207043,4/12/1982,jgovenlocknq@nature.com
856,Rev,Annadiana Joseph,Eolanda Nodin,F,17/04/1997,A972065,28/03/1987,enodinnr@soup.io
857,Ms,Giles Lammers,Ephraim Beldam,F,23/02/1983,HS0389975,6/07/2007,ebeldamns@mit.edu
858,,Abby Andrey,,M,19/10/1996,UY88275612,8/04/1985,epowellnt@livejournal.com
859,Rev,Sosanna Fritchly,Tripp Ferrand,F,9/09/1993,KAO637086,22/12/1989,tferrandnu@guardian.co.uk
860,Rev,Fanni Percy,Alta Labone,M,2/12/1991,XYC9373632,27/04/1996,alabonenv@ted.com
861,Dr,Kathye Overstreet,Dalila Gosden,M,5/07/1993,JC221245,25/12/1999,dgosdennw@163.com
862,Honorable,Taddeo Yakebovitch,Twyla Vanderplas,M,19/01/2007,E82737662,14/03/1982,tvanderplasnx@google.de
863,Rev,Florie Fike,Lukas Belly,M,25/06/2004,B9480447,3/05/1985,lbellyny@springer.com
864,,Laney Kinchington,,F,31/05/1987,DC547967,6/06/2000,lstpaulnz@jigsy.com
865,Mr,Artur Knoles,Fionna Buckney,M,21/06/1982,LK59373566,9/05/2006,fbuckneyo0@psu.edu
866,Rev,Brina Grundey,Hermione Wartonby,F,20/07/1990,Z6042018,18/05/1987,hwartonbyo1@techcrunch.com
867,Ms,Renaud Kowal,Halimeda Jammes,F,7/02/1986,O6323374,17/08/2006,hjammeso2@thetimes.co.uk
868,,Padriac Orwell,,F,12/02/2008,XA3618046,6/03/2005,ctrussello3@usda.gov
869,,Rock Bahde,,F,18/12/1995,FP4707406,23/12/2008,vpresdieo4@wikimedia.org
870,Honorable,Patricio Crutch,Deanne Cropton,M,8/02/2009,J2394049,3/06/2000,dcroptono5@wp.com
871,Honorable,Kip Antoniat,Dena Rosbrough,M,25/01/1987,YPO4135417,7/07/2004,drosbrougho6@jalbum.net
872,Mr,Desmund Thickin,Elisa Tripp,M,11/04/1999,DMW923325,9/06/2007,etrippo7@goo.ne.jp
873,Rev,Klaus O' Connell,Dee dee Febre,F,8/11/1996,O946817,25/01/1984,ddeeo8@cpanel.net
874,Rev,Amory McKearnen,Neale Hulles,F,27/06/2007,NB4848266,26/03/2002,nhulleso9@jimdo.com
875,,Cecilla Clougher,,M,15/10/1985,LE85690899,13/09/1984,laichesonoa@prlog.org
876,Mrs,Marylynne Laffranconi,Antony Gavigan,F,12/04/1991,LN24042469,6/03/1997,agaviganob@ovh.net
877,Rev,Neila Semble,Skippy Amer,M,18/04/2004,SR60934178,16/11/2009,sameroc@zimbio.com
878,Rev,Davis Benning,Ali Venes,F,30/12/1996,XN092077,22/06/1988,avenesod@dailymail.co.uk
879,Honorable,Bradly Cadman,Kain Francescone,F,22/04/2008,C6169381,30/01/2006,kfrancesconeoe@home.pl
880,Dr,Josselyn Schwandner,Bel Ongin,F,23/05/2005,R549445,15/05/1988,bonginof@rakuten.co.jp
881,,Garv Devall,,F,8/11/1989,C5211314,29/07/1999,mlamersog@jiathis.com
882,Rev,Miguel Minifie,Tristan Pagan,M,14/06/1987,U110413,15/10/1993,tpaganoh@npr.org
883,Dr,Candra Kynoch,Gerardo Satterley,M,19/11/1987,OZ635878,13/03/1993,gsatterleyoi@soup.io
884,Mrs,Jamie Blakely,Eduino Cicculi,M,13/12/1997,VB62064126,24/06/1987,ecicculioj@theguardian.com
885,Ms,Donovan Follacaro,Peria Kubacki,F,16/03/1987,ZHM31932673,27/10/1984,pkubackiok@wired.com
886,Dr,Pamela Cluelow,Gallagher Hobbert,F,30/06/1995,SHP955839,29/09/2009,ghobbertol@webeden.co.uk
887,Ms,Hedwig Divers,Ransell Powter,M,29/11/1990,X15695690,5/01/1988,rpowterom@alexa.com
888,Mr,Cherlyn Lindermann,Farra Mathew,M,23/05/1983,I3716872,25/04/2002,fmathewon@t.co
889,Mrs,Torey Haveline,Bendix Bazell,F,20/01/1994,NLQ628826,25/06/1998,bbazelloo@qq.com
890,,Lucho Yard,,F,6/07/2003,WF94983419,8/12/1991,adericutop@wisc.edu
891,Ms,Martynne Jays,Kippy McKern,F,21/10/2008,P0396033,9/07/2006,kmckernoq@time.com
892,,Kimberley Stoll,,M,16/10/1980,XI06322059,30/04/1982,rfayreor@illinois.edu
893,Ms,Constantia Nuccitelli,Adler Pietersen,F,9/09/2000,T943436,5/09/2002,apietersenos@topsy.com
894,Dr,Charley Euplate,Valentijn Denisyev,F,4/01/1994,XV7038635,7/05/1986,vdenisyevot@berkeley.edu
895,,Brenda Chauvey,,M,4/08/1984,K8143037,22/08/1995,vmandryou@bluehost.com
896,Mr,Junie Merfin,Muire Camosso,F,18/12/2007,Y83522773,10/05/1992,mcamossoov@chron.com
897,Mr,Deidre Shave,Terence Izacenko,M,30/12/2000,D65240788,1/12/2002,tizacenkoow@latimes.com
898,,Aldwin Kinchin,,M,8/06/1995,W4217684,22/05/2005,kblasikox@networkadvertising.org
899,Honorable,Alisun Elie,Thornie Machen,F,24/09/2008,N98077140,20/06/2004,tmachenoy@typepad.com
900,Mr,Burnard Gilardoni,Chrissie Bernade,M,5/08/1990,OAX2238012,2/07/1995,cbernadeoz@ifeng.com
901,Mrs,Devinne Parrott,Brandy Heavyside,F,28/04/2007,DC374058,29/04/1982,bheavysidep0@cbslocal.com
902,Mrs,Gregorius Egger,Eddi Desbrow,F,1/04/1999,YRA445881,16/08/2003,edesbrowp1@smh.com.au
903,Dr,Cirstoforo Stolte,Mischa Sate,M,27/02/2009,OLV5705682,10/03/2001,msatep2@ucla.edu
904,Dr,Edith Coolahan,Alaster Benezet,F,6/06/1992,E99464994,5/07/2003,abenezetp3@amazon.co.uk
905,Mrs,Lyon Bigland,Megan Esterbrook,F,24/08/1986,Y303897,10/09/1980,mesterbrookp4@twitter.com
906,,Paulina O'Hannigan,,M,19/01/2003,Z24438490,9/02/2007,greubenp5@vimeo.com
907,Dr,Modesty MacAlinden,Rossie Fain,M,19/06/1991,D380403,25/04/1985,rfainp6@deliciousdays.com
908,Mrs,Kirsti Ditzel,Lorrie Sergent,F,18/02/2010,PJH9747346,31/05/2002,lsergentp7@bloomberg.com
909,Ms,Gayleen Potier,Randy Sextie,M,17/12/1988,D19435526,18/11/2005,rsextiep8@netvibes.com
910,Ms,Kenyon O'Donnelly,Chancey Tomsu,M,23/10/1994,KP05439732,24/02/2005,ctomsup9@independent.co.uk
911,Mrs,Meggy Riba,Cindie Millsap,M,26/11/1996,VGT574935,24/04/2004,cmillsappa@hostgator.com
912,,Suzanne Vorley,,F,11/03/1999,CL2055166,18/02/1992,gmedfordpb@pinterest.com
913,Rev,Kippy Reedyhough,Yolande Glaysher,F,13/06/1998,VQJ87068798,9/10/1988,yglaysherpc@mashable.com
914,,Crista Mander,,M,9/11/2003,XR9480199,21/11/2005,gbertolaccinipd@upenn.edu
915,Mr,Alie O'Kieran,Dawn Mardle,F,21/09/1992,TZG744950,9/11/1993,dmardlepe@elpais.com
916,,Joann Lant,,M,6/08/1995,XH84177743,14/05/1996,wtorrejonpf@canalblog.com
917,Ms,Jennette Argabrite,Sioux Cheine,M,26/07/1996,Q198365,19/12/2008,scheinepg@comcast.net
918,,Ronica Domelaw,,F,1/09/1981,IK744156,12/09/2000,ejacksonph@mapquest.com
919,,Genia Waring,,F,18/07/1985,PB990142,3/03/1996,klengthornpi@wunderground.com
920,Mrs,Orrin Seago,Emily Laughton,F,8/01/1981,NE520766,24/09/1987,elaughtonpj@dell.com
921,Mrs,Jeremias Croom,Gael Feechum,M,28/01/2003,CD3264423,10/08/1998,gfeechumpk@networksolutions.com
922,Rev,Marketa Laingmaid,Glennie Sawyer,M,23/02/1981,VK09542977,29/12/1993,gsawyerpl@macromedia.com
923,,Anthe Roy,,M,24/12/1981,HI298833,22/08/2008,msandlinpm@indiatimes.com
924,Dr,Candace O'Growgane,Montgomery Besemer,M,27/03/1990,Y3491040,8/09/1995,mbesemerpn@mapquest.com
925,Mrs,Randee Howard,Flinn Meah,M,13/05/1982,IQG2918636,1/05/2002,fmeahpo@zdnet.com
926,Mrs,Ruthanne Tungay,Yulma Gyver,F,26/07/1993,B69641847,14/06/1998,ygyverpp@deviantart.com
927,Mrs,Giffie Crichmere,Cheslie Charte,M,5/07/1996,ME089455,19/10/1984,cchartepq@dell.com
928,Rev,Amelita Hyman,Brit Seemmonds,M,15/04/1989,PSB53686261,8/02/1985,bseemmondspr@economist.com
929,Mrs,Bettina Ringer,Whitney Hardiman,F,19/10/1993,RUV6610804,16/05/2000,whardimanps@gizmodo.com
930,,Delilah Ferentz,,F,8/12/2002,NEL20854184,8/04/1986,rbaitmanpt@yellowbook.com
931,Mr,Corrie Prendeguest,Marylin Czaja,F,17/12/2004,QN98187470,11/11/1984,mczajapu@sfgate.com
932,Dr,Felisha Mullord,Johan McUre,M,11/05/1983,CXN05231114,26/09/2009,jmcurepv@ning.com
933,Rev,Verge Newlove,Heywood Oakenfall,F,1/05/1999,SV07792864,26/06/1994,hoakenfallpw@slate.com
934,Mrs,Linoel Kinrade,Peadar Rekes,F,11/11/1994,JP5063821,10/06/1994,prekespx@census.gov
935,Rev,Dickie Siggin,Caron Gartery,F,19/04/2009,X67536289,25/02/2003,cgarterypy@nbcnews.com
936,Mrs,Kissee Draisey,Pamelina Soanes,F,29/05/2001,G0098963,10/04/1985,psoanespz@who.int
937,Ms,Leora Myall,Tamar Heamus,F,29/08/2003,U81886406,15/12/1991,theamusq0@elpais.com
938,Honorable,Nevins Maciejak,Melisandra Usborn,F,9/09/2007,DM79243073,7/02/1995,musbornq1@gnu.org
939,Dr,Rikki Laughlan,Agnes Battelle,F,14/12/2000,IA927484,5/09/1998,abattelleq2@hexun.com
940,Dr,Papageno Loyndon,Zaccaria Frill,F,21/03/1982,K17061843,3/08/1986,zfrillq3@blogs.com
941,Mrs,Stanwood Roxbrough,Annadiana Spellward,M,14/06/2000,S6905799,11/06/1988,aspellwardq4@dell.com
942,Rev,Matthiew Ornils,Phyllis Arnolds,M,11/05/1987,I342869,22/08/2004,parnoldsq5@plala.or.jp
943,Rev,Ali Willshear,Clarke Hachette,M,21/02/1983,CUR09217044,25/11/2009,chachetteq6@marketwatch.com
944,Ms,Andrej Jindracek,Mirabel Neachell,M,9/05/1993,U0967048,6/02/2008,mneachellq7@ihg.com
945,Ms,Jsandye Faircloth,Mirna Carden,F,29/01/1999,P941291,17/10/2001,mcardenq8@noaa.gov
946,Mr,Dot Crown,Page Allsop,F,22/06/2002,QN80335609,3/03/1992,pallsopq9@ftc.gov
947,,Lyn Herley,,F,6/08/1991,B3829204,25/01/2009,bdruganqa@thetimes.co.uk
948,Rev,Ralf Zincke,Beilul Rolinson,M,22/01/1984,RD9043801,4/04/1987,brolinsonqb@princeton.edu
949,Dr,Kelsey Cicchelli,Loren Tear,F,1/03/1982,YQ33005377,2/06/2008,ltearqc@flickr.com
950,Dr,Filberte Le Noury,Delora Lount,F,29/01/2004,A0175207,1/07/1999,dlountqd@acquirethisname.com
951,,Marcy Killigrew,,M,19/03/2009,IG937931,18/12/2000,kpassmanqe@microsoft.com
952,Mr,Damita Tabart,Emmit Philippson,M,12/10/2002,FMK690063,9/05/1991,ephilippsonqf@com.com
953,Rev,Barton Martinec,Dianna Duggan,M,18/06/1987,EY54632462,12/08/2009,ddugganqg@baidu.com
954,Rev,Ruby Roisen,Jinny Pancost,F,7/07/1993,P9437130,11/09/1986,jpancostqh@mapquest.com
955,Rev,Wes Bryce,Aliza Gogin,M,4/01/1998,EP87098774,25/03/2001,agoginqi@mac.com
956,Mr,Lauren Giovannacc@i,Joby Eastcott,F,3/05/1989,B8523536,18/11/1998,jeastcottqj@stanford.edu
957,Mrs,Audrey Spatig,Tomasine Tallowin,F,10/02/1986,NOJ481225,21/05/2000,ttallowinqk@earthlink.net
958,Rev,Dwayne Moncey,Bjorn Chalfain,M,20/03/1992,TAH6509525,14/01/1995,bchalfainql@boston.com
959,Dr,Gayle Gorbell,Norrie Mahady,M,20/02/1990,ETM9737150,27/09/1988,nmahadyqm@china.com.cn
960,Rev,Cort Stilwell,Jorry Koeppe,F,19/11/1999,CFT3481248,6/05/1988,jkoeppeqn@samsung.com
961,Ms,Billie Tidman,Rahel Manklow,F,17/01/1986,N858986,18/02/1991,rmanklowqo@skype.com
962,Mr,Celka Marlor,Carine Gawne,F,7/09/1983,UE4234826,11/11/1997,cgawneqp@slideshare.net
963,Dr,Raff Naughton,Lucia Rizzone,M,14/11/1992,FV7860463,16/09/1991,lrizzoneqq@webnode.com
964,Honorable,Cyrillus Worters,Ferdie Fardy,F,12/05/1981,LN205584,20/04/2002,ffardyqr@ehow.com
965,Mr,Jeremie Seale,Hannah Camamill,F,27/04/1998,N421744,29/09/1988,hcamamillqs@latimes.com
966,Ms,Florette Gemlett,Catharine Defont,F,25/11/1986,DMX3675154,5/09/1993,cdefontqt@booking.com
967,Honorable,Laraine Kornes,Glad Donalson,M,7/06/1998,EA566321,29/05/1991,gdonalsonqu@businessinsider.com
968,,Jemmie Middiff,,M,25/02/1982,YP7075727,22/04/1984,drounsivallqv@oakley.com
969,Honorable,Byrle Folkes,Meredith Nanson,F,3/04/2008,AO32853348,31/03/2004,mnansonqw@princeton.edu
970,Rev,Rosemary Byne,Zak Veighey,M,22/07/1999,GH0942299,9/08/1997,zveigheyqx@issuu.com
971,,Marcy Matejic,,M,13/10/1997,I60268531,1/03/1983,tbeereqy@imageshack.us
972,Ms,Drucie Blackway,Darrell Noonan,F,1/08/2002,C12181565,13/10/1990,dnoonanqz@statcounter.com
973,Ms,Bertina Kermannes,Jackson Pott,F,14/02/1995,EYN41405189,13/10/1980,jpottr0@ucsd.edu
974,Honorable,Sianna Tollet,Geri Berisford,F,25/03/1989,DF993642,30/07/2007,gberisfordr1@imgur.com
975,,Jayne Castanares,,F,3/02/2010,OHI04353254,15/12/1987,sdobbynr2@europa.eu
976,,Jacquelynn McKeighen,,M,1/08/1996,OB11954662,8/04/1989,jantonijevicr3@reddit.com
977,Honorable,Layla Yankeev,Hayley Billingsly,F,12/09/2005,MRO315110,1/10/1985,hbillingslyr4@nytimes.com
978,Mr,Thebault Worsfield,Karrie Pryde,F,17/01/1994,ZW662364,1/05/1996,kpryder5@alexa.com
979,Mrs,Jolynn Mollitt,Isidoro Alecock,F,6/02/1991,JB42550993,9/01/2002,ialecockr6@marketwatch.com
980,,Oralle Nagle,,F,24/11/1987,QO04943993,21/10/1987,pfaloonr7@examiner.com
981,Mrs,Lelia Coppins,Tonye Dunster,M,23/07/1998,OZ4376851,24/09/1990,tdunsterr8@ca.gov
982,Dr,Garrett William,Matelda Klaaasen,F,11/02/2004,H8689608,30/11/2004,mklaaasenr9@i2i.jp
983,Mr,Aymer Detheridge,Torrence Deveril,F,30/08/2004,QHB91110810,10/09/1989,tdeverilra@t.co
984,Mr,Caesar Wakerley,Pedro Blasetti,M,20/08/1991,A8892846,19/08/2007,pblasettirb@arizona.edu
985,Dr,Archaimbaud Hymas,Iago Reboul,F,28/01/1982,ZQ917742,18/11/1999,ireboulrc@storify.com
986,Honorable,Alina Bergeon,Lind Ellery,M,4/01/1997,VZF223440,1/02/1997,lelleryrd@mapy.cz
987,Dr,Stanford Geck,Thibaut Blankhorn,M,13/10/2000,CQG8153300,15/08/1994,tblankhornre@hugedomains.com
988,,Libbi Northley,,M,4/06/2000,V594920,15/08/1999,estirlingrf@google.com.br
989,Honorable,Lula Dene,Amby Rapport,M,3/10/1997,OU1593291,16/03/1999,arapportrg@posterous.com
990,Rev,Adan Jorg,Gaspar Fallow,F,30/12/2000,GM25167174,18/07/1983,gfallowrh@soundcloud.com
991,Honorable,Erek Ormerod,Melva Talloe,F,18/05/1990,OSZ7600271,17/09/2004,mtalloeri@cocolog-nifty.com
992,Rev,Goraud Summerlad,King Abramovitch,M,26/07/2000,XQE7832445,1/01/2003,kabramovitchrj@phpbb.com
993,,Tobye Chomley,,M,12/04/2005,E8934547,21/05/2009,lgeorgelinrk@trellian.com
994,Ms,Isabelle Rohlfing,Maxy Orringe,F,12/04/2004,P762129,4/10/1986,morringerl@squidoo.com
995,Mr,Krystyna Perrat,Juliette Darrow,M,30/01/1983,V7401637,16/08/1993,jdarrowrm@de.vu
996,Mr,Rik Tyer,Costanza Hutson,F,12/03/1995,O371456,28/05/2003,chutsonrn@gnu.org
997,Ms,Blondell Meggison,Ernest Praill,M,29/09/1990,JNI1585675,10/04/1992,epraillro@wired.com
998,Mrs,Teriann Whiteway,Abigail Bes,M,18/03/2005,RHA6034809,31/01/1995,abesrp@cam.ac.uk
999,Mr,Coreen Caren,Odella Kitchenside,F,25/02/1995,Y808738,6/03/2004,okitchensiderq@theglobeandmail.com
1000,,Leslie Tippett,,F,25/04/1984,CIM3559220,10/12/1984,tyurlovrr@mediafire.com
