id,title,fullname,gender,dob,address,email,phone
1,Dr,Madlin Rubberts,Female,25/06/1993,60865 Erie Junction,mrubberts0@google.it,86-(576)779-6418
2,Rev,Carling Jeffers,Female,5/08/2005,8714 Hudson Lane,cjeffers1@mapy.cz,33-(572)292-8197
3,Honorable,Betteanne Schultze,Male,14/03/1996,0842 Jenna Hill,bschultze2@netlog.com,86-(671)431-4895
4,Mr,Shanie Younie,Female,17/04/2009,0 Cardinal Lane,syounie3@qq.com,1-(196)556-4027
5,Mr,Paul Silberschatz,Male,1/02/1986,051 Kedzie Crossing,psilberschatz4@chronoengine.com,81-(450)831-3798
6,Mr,Fredric Lofty,Male,10/05/2008,594 Manufacturers Lane,flofty5@pen.io,33-(442)420-5425
7,Ms,Hunter Shields,Female,19/10/1996,2 Schmedeman Pass,hshields6@adobe.com,66-(152)159-9519
8,Honorable,Vanna Beevis,Female,25/11/1998,696 Mcbride Avenue,vbeevis7@livejournal.com,51-(240)136-1687
9,Dr,Taddeusz Islep,Male,17/10/2005,85945 Donald Hill,tislep8@blogspot.com,47-(903)591-1517
10,Ms,Loreen Gillson,Female,18/11/1981,148 Burning Wood Court,lgillson9@dot.gov,381-(382)673-5393
11,Ms,Magdaia Parratt,Female,19/05/1988,1 Longview Trail,mparratta@scribd.com,86-(707)754-3716
12,Ms,Min Tonry,Male,3/10/1989,9 Granby Crossing,mtonryb@reverbnation.com,502-(892)597-7461
13,Rev,Marwin Olekhov,Female,25/05/1989,87 Milwaukee Avenue,molekhovc@yellowbook.com,375-(824)396-4889
14,Mr,Cynthy Somersett,Female,12/02/2007,9 South Avenue,csomersettd@cpanel.net,242-(877)179-8917
15,Mr,Joshua Wennington,Female,12/06/1999,8377 Gale Avenue,jwenningtone@dedecms.com,420-(254)453-3151
16,Honorable,Sarita Breston,Female,13/05/1987,40 Anzinger Trail,sbrestonf@biblegateway.com,48-(168)190-3022
17,Dr,Jilleen Wherton,Male,20/07/2003,752 Crownhardt Street,jwhertong@dmoz.org,62-(715)992-8140
18,Dr,Celine Warkup,Male,21/10/1981,838 Surrey Lane,cwarkuph@sitemeter.com,33-(702)669-0894
19,Honorable,Erv Risman,Male,15/10/1995,0028 Mallory Drive,erismani@wikispaces.com,62-(512)196-2291
20,Mrs,Ignacio Peschka,Female,8/11/1984,75476 Union Place,ipeschkaj@php.net,52-(414)796-5862
21,Honorable,Estrellita Fleming,Male,2/02/2002,448 La Follette Hill,eflemingk@hostgator.com,46-(128)320-2567
22,Dr,Kaitlyn Ramey,Male,22/07/1989,75 Lindbergh Pass,krameyl@salon.com,86-(903)811-7341
23,Mr,Melesa Shawe,Female,12/03/1990,12747 Steensland Junction,mshawem@telegraph.co.uk,967-(739)571-7428
24,Honorable,Brady Prattin,Male,20/05/2004,5760 Clarendon Parkway,bprattinn@behance.net,63-(657)321-0002
25,Honorable,Fredric Woof,Female,8/05/1994,22 Hanson Avenue,fwoofo@surveymonkey.com,30-(513)365-3741
26,Ms,Frayda Reynoldson,Male,14/01/2005,3 Melby Street,freynoldsonp@furl.net,86-(924)296-1957
27,Dr,Marcelia Farren,Male,5/03/1987,16296 Chive Plaza,mfarrenq@qq.com,51-(220)141-5397
28,Dr,Danica Hebblethwaite,Female,28/06/1988,49 Iowa Plaza,dhebblethwaiter@facebook.com,86-(732)800-9422
29,Mrs,Ora Jeannequin,Male,21/04/1995,18325 Everett Alley,ojeannequins@mapy.cz,55-(458)457-6466
30,Honorable,Goldi Zarfai,Male,18/01/2006,020 Coleman Circle,gzarfait@tinyurl.com,86-(189)851-0110
31,Ms,Wait Girt,Female,3/09/2000,8 Anderson Circle,wgirtu@europa.eu,98-(972)140-8954
32,Dr,Fiona Seiler,Female,29/06/1991,35 Hallows Crossing,fseilerv@seesaa.net,20-(300)462-2259
33,Rev,Eward McLice,Male,21/08/1999,1 Kinsman Alley,emclicew@zimbio.com,84-(372)405-4806
34,Mrs,Des O'Lennachain,Male,25/10/1984,6719 Farwell Park,dolennachainx@youtu.be,1-(202)371-1432
35,Mrs,Fair Blanc,Female,15/06/1980,8476 Banding Parkway,fblancy@lycos.com,260-(827)942-5578
36,Mr,Missie Hegge,Male,12/06/1989,5440 Forster Circle,mheggez@springer.com,1-(805)173-1738
37,Mrs,Alexei Harkins,Male,3/01/2001,3208 Hanover Pass,aharkins10@nba.com,66-(842)861-0611
38,Rev,Othella Caldero,Female,28/03/1991,81 Namekagon Drive,ocaldero11@yolasite.com,56-(288)937-3742
39,Honorable,Concettina Holdforth,Female,22/01/1987,5 Fuller Trail,choldforth12@google.com.au,380-(543)794-0534
40,Dr,Emmeline Ouldcott,Male,22/06/1983,2206 Norway Maple Lane,eouldcott13@technorati.com,7-(644)923-3011
41,Honorable,Sibyl Verlander,Female,9/11/1991,6899 Hudson Avenue,sverlander14@stumbleupon.com,506-(488)911-4236
42,Mr,Sherry Pitcaithley,Male,14/08/2007,1 Petterle Alley,spitcaithley15@goodreads.com,48-(480)241-3888
43,Ms,Hadlee Sutehall,Male,1/03/2005,9 Bobwhite Alley,hsutehall16@51.la,996-(121)599-1915
44,Ms,Donalt Dabel,Male,9/08/2005,66 Londonderry Road,ddabel17@redcross.org,86-(443)154-9664
45,Dr,Ediva Imort,Female,24/08/1998,103 Clarendon Pass,eimort18@51.la,55-(230)793-0644
46,Dr,Guillemette Petrushkevich,Male,27/06/2006,07008 Clyde Gallagher Center,gpetrushkevich19@columbia.edu,86-(118)778-9931
47,Mr,Ruthanne Swepstone,Female,4/02/1988,4 Roxbury Drive,rswepstone1a@bbc.co.uk,420-(938)147-0034
48,Rev,Terry Celez,Male,21/09/2006,107 Eastwood Court,tcelez1b@omniture.com,968-(786)842-5897
49,Mrs,Ashton Kinmond,Female,17/03/2000,85646 Reindahl Pass,akinmond1c@nymag.com,63-(923)736-7720
50,Dr,Tiertza Hollyman,Female,4/01/1993,6658 Old Gate Pass,thollyman1d@ed.gov,51-(534)126-8183
51,Mr,Gaylene Rishworth,Male,25/12/2005,4 Mayer Plaza,grishworth1e@youtube.com,86-(898)413-3542
52,Mrs,Teena Anthonies,Male,5/08/2001,32131 Porter Way,tanthonies1f@liveinternet.ru,33-(796)586-2895
53,Ms,Quintilla Purdom,Female,5/05/1986,61 Hazelcrest Hill,qpurdom1g@oracle.com,46-(228)142-6275
54,Ms,Lewie Jent,Female,13/03/2008,8 Oriole Plaza,ljent1h@webnode.com,86-(125)100-0923
55,Mrs,Luci Wandtke,Female,3/10/1990,3 Sachtjen Circle,lwandtke1i@tiny.cc,84-(701)576-4925
56,Honorable,Torrance McShea,Female,10/08/1991,47629 Michigan Parkway,tmcshea1j@cargocollective.com,86-(753)717-7512
57,Mr,Ophelia McKomb,Male,31/12/2005,3 Messerschmidt Trail,omckomb1k@gravatar.com,86-(609)124-9621
58,Mrs,Sholom Keneleyside,Male,9/01/1991,7 Erie Park,skeneleyside1l@hhs.gov,502-(643)983-0519
59,Mr,Virginie Eastope,Female,6/06/2001,2216 Huxley Street,veastope1m@samsung.com,62-(198)546-2071
60,Mrs,Hieronymus Szwarc,Male,24/08/1987,980 Miller Avenue,hszwarc1n@delicious.com,355-(757)818-6334
61,Mrs,Renae Pauling,Female,8/04/2006,139 Johnson Pass,rpauling1o@theglobeandmail.com,48-(439)510-8758
62,Honorable,Patrice Swettenham,Female,5/10/1981,47 Manufacturers Pass,pswettenham1p@npr.org,55-(524)746-4758
63,Ms,Trixie Newman,Male,13/04/1989,83 Twin Pines Terrace,tnewman1q@ted.com,62-(871)925-7756
64,Dr,Yves Kerry,Female,23/05/1997,17 Westerfield Parkway,ykerry1r@unc.edu,33-(467)716-7874
65,Mr,Micheline Millsap,Male,27/09/1991,6914 Almo Center,mmillsap1s@technorati.com,86-(679)590-2073
66,Mrs,Glendon Wince,Male,23/09/1990,80219 Debra Circle,gwince1t@addthis.com,54-(270)599-0504
67,Rev,Nerte Pinel,Female,13/12/1982,86 Fulton Road,npinel1u@alexa.com,375-(200)533-3312
68,Dr,Osborne Hefferan,Female,16/01/2001,2 Hansons Avenue,ohefferan1v@histats.com,62-(380)137-0599
69,Mrs,Hersch Aulds,Male,7/08/2009,01182 Schmedeman Road,haulds1w@vkontakte.ru,1-(772)698-5541
70,Dr,Everett Norcott,Male,23/03/1987,7810 Toban Plaza,enorcott1x@goodreads.com,504-(598)449-4419
71,Mr,Cherlyn Petegree,Male,15/07/1983,6110 Brown Way,cpetegree1y@vkontakte.ru,48-(516)529-7822
72,Mr,Sargent Waeland,Female,24/12/2009,56549 Jackson Alley,swaeland1z@fda.gov,20-(725)868-4682
73,Rev,Kori Bonicelli,Male,10/11/1993,36 Division Place,kbonicelli20@google.com.au,230-(297)547-5016
74,Rev,Ivy Tayspell,Female,27/10/1996,649 Forest Dale Street,itayspell21@yellowpages.com,86-(221)775-3896
75,Honorable,Layla Lakenton,Male,11/02/1994,0 Manitowish Avenue,llakenton22@parallels.com,46-(213)950-8129
76,Dr,Sapphira Gladdolph,Male,13/01/2010,81996 Comanche Alley,sgladdolph23@dyndns.org,86-(627)314-1129
77,Dr,Jacqui Lightwing,Female,3/07/1986,6605 Fairview Street,jlightwing24@prweb.com,46-(206)203-0301
78,Mrs,Starr Darthe,Female,25/10/1994,68520 Mccormick Crossing,sdarthe25@plala.or.jp,48-(905)512-8322
79,Honorable,Quinta Simmell,Male,21/07/1995,4 Calypso Lane,qsimmell26@facebook.com,86-(397)417-6525
80,Honorable,Chicky Landal,Male,8/01/2004,4725 Roxbury Road,clandal27@de.vu,62-(683)507-5053
81,Dr,Barnaby Jobbins,Male,23/05/2001,3290 Grayhawk Street,bjobbins28@upenn.edu,355-(978)136-6775
82,Ms,Dennison Kerwen,Female,30/09/2004,488 Myrtle Avenue,dkerwen29@sakura.ne.jp,234-(212)574-8903
83,Honorable,Zachariah Andreuzzi,Male,20/12/1990,9 Hudson Terrace,zandreuzzi2a@harvard.edu,1-(432)964-7060
84,Dr,Cesar Trusty,Male,17/02/1987,445 Del Mar Junction,ctrusty2b@dion.ne.jp,261-(985)254-4305
85,Mrs,Enid Tetford,Male,26/09/2003,5 Buell Point,etetford2c@tiny.cc,62-(737)779-0576
86,Honorable,Hinze Hardy,Female,30/07/1980,209 Corscot Hill,hhardy2d@about.me,48-(501)424-2608
87,Dr,Theodoric Storm,Female,27/08/1984,889 Reinke Plaza,tstorm2e@sogou.com,998-(393)741-2400
88,Honorable,Emeline Pocknell,Female,16/11/1986,7325 Hoard Drive,epocknell2f@disqus.com,62-(759)277-8275
89,Dr,Clerissa Jeune,Female,20/12/1996,22 Columbus Avenue,cjeune2g@bloglovin.com,55-(809)428-3533
90,Rev,Allen Barnish,Male,12/12/2003,9 Pankratz Pass,abarnish2h@google.ca,98-(336)560-4192
91,Dr,Andre Usher,Male,17/03/1986,449 Comanche Way,ausher2i@si.edu,57-(935)573-8141
92,Ms,Delmor Spooner,Female,1/01/1999,44380 Tomscot Terrace,dspooner2j@bloomberg.com,86-(250)752-2320
93,Mrs,Cherice de Clerq,Male,9/01/2010,26 Fuller Street,cde2k@goo.ne.jp,7-(382)325-9870
94,Dr,Cortney Hyrons,Female,4/08/1997,349 Declaration Lane,chyrons2l@about.me,63-(687)462-6616
95,Rev,Nanine Smitherham,Male,14/04/2009,89 Victoria Terrace,nsmitherham2m@scientificamerican.com,86-(349)149-5533
96,Honorable,Josey Brettell,Female,27/12/2008,664 Bellgrove Drive,jbrettell2n@printfriendly.com,62-(147)115-3262
97,Rev,Gibbie Proffer,Male,16/06/1998,8431 Ludington Street,gproffer2o@scientificamerican.com,351-(947)466-1741
98,Rev,Michaella Simek,Female,3/01/1982,87 Hayes Parkway,msimek2p@craigslist.org,86-(282)460-2075
99,Dr,Jozef Oddy,Female,4/07/1995,6021 Hanover Avenue,joddy2q@networkadvertising.org,504-(763)860-9306
100,Mrs,Gabbie Gaitung,Male,15/08/1985,02040 Hanover Point,ggaitung2r@sina.com.cn,255-(785)607-1113
101,Ms,Tina Chorlton,Female,3/01/1998,88881 Green Terrace,tchorlton2s@reverbnation.com,49-(837)302-7491
102,Honorable,Babara Doble,Male,13/06/1993,42 Pawling Alley,bdoble2t@blogger.com,55-(385)967-7311
103,Mrs,Joachim Mole,Female,20/07/1982,456 Sullivan Alley,jmole2u@barnesandnoble.com,62-(952)930-5200
104,Dr,Cynthea Gollard,Male,4/04/1989,8 Memorial Parkway,cgollard2v@unesco.org,358-(244)627-5845
105,Dr,Erica Maltster,Male,27/12/1982,304 Farwell Junction,emaltster2w@google.com,86-(677)509-8620
106,Mr,Laverna Pittam,Male,20/05/1998,82882 Crescent Oaks Point,lpittam2x@go.com,507-(253)182-8937
107,Mrs,Marge Harnett,Male,31/05/1987,4 Forest Run Lane,mharnett2y@hhs.gov,33-(811)231-5862
108,Mr,Far Wemyss,Female,17/12/2001,931 Holmberg Pass,fwemyss2z@wikipedia.org,33-(286)978-8789
109,Ms,Lucien Stollen,Female,12/02/1995,76468 Corscot Junction,lstollen30@themeforest.net,62-(894)757-4801
110,Mr,Dorry Geerits,Female,2/04/1989,0 Gulseth Drive,dgeerits31@xing.com,386-(823)542-3329
111,Rev,Euphemia Friberg,Male,14/04/1986,3 Thierer Alley,efriberg32@nps.gov,55-(955)616-1819
112,Dr,Artemis M'cowis,Male,6/08/2001,7 Macpherson Point,amcowis33@ihg.com,62-(442)377-2279
113,Rev,Flore Birdfield,Female,2/02/1985,51785 Rigney Plaza,fbirdfield34@dyndns.org,30-(551)603-2850
114,Ms,Maure Sharkey,Female,3/07/2002,0650 Southridge Trail,msharkey35@weebly.com,353-(503)966-7722
115,Mr,Dud Drennan,Female,18/10/1998,1712 Spohn Street,ddrennan36@smugmug.com,62-(113)819-9296
116,Ms,Roana Cescotti,Female,15/01/1999,441 Clarendon Place,rcescotti37@sciencedaily.com,62-(286)774-7471
117,Dr,Carline Gregorio,Male,19/04/1998,660 Elgar Terrace,cgregorio38@topsy.com,84-(666)560-9563
118,Honorable,Winifred Reyson,Male,7/09/1997,11 Westend Point,wreyson39@last.fm,7-(600)531-6437
119,Rev,Sibbie Ghilardini,Female,25/10/1983,8832 Fuller Circle,sghilardini3a@mapquest.com,7-(752)217-7056
120,Dr,Bess Stamps,Male,4/06/2005,6 Sugar Terrace,bstamps3b@newsvine.com,966-(634)647-5916
121,Ms,Gerhardt Elen,Male,28/04/2001,11 Nova Terrace,gelen3c@mayoclinic.com,33-(163)458-1647
122,Dr,Culver Lindegard,Female,21/04/1987,067 Kedzie Avenue,clindegard3d@nbcnews.com,7-(528)148-9249
123,Dr,Carma Burdfield,Male,18/07/1986,70981 Dryden Street,cburdfield3e@ed.gov,86-(821)856-0135
124,Rev,Saunders Gartside,Female,19/01/2002,95 Atwood Center,sgartside3f@yahoo.com,420-(533)544-9662
125,Mr,Kelila Hickenbottom,Female,9/06/1984,80 Vermont Trail,khickenbottom3g@over-blog.com,7-(154)375-3430
126,Honorable,Allistir Filgate,Male,3/12/1983,36 Schmedeman Drive,afilgate3h@columbia.edu,62-(632)507-7036
127,Mrs,Reinhard Evason,Female,12/08/2005,862 New Castle Drive,revason3i@oracle.com,41-(493)113-9624
128,Mrs,Maddie Eberz,Female,13/04/2006,49110 Warrior Terrace,meberz3j@jimdo.com,48-(539)975-2283
129,Ms,Kerry Chalfain,Female,23/03/2008,69119 Pond Lane,kchalfain3k@gmpg.org,58-(880)737-6343
130,Rev,Jody Derington,Male,7/05/2005,94 Wayridge Place,jderington3l@slashdot.org,54-(136)940-4668
131,Dr,Franciska Labden,Female,27/08/1980,612 Tony Way,flabden3m@trellian.com,86-(742)879-7825
132,Rev,Rikki Phillott,Female,19/06/1993,35 Fallview Place,rphillott3n@hud.gov,57-(534)730-4007
133,Honorable,Faustine Crewes,Male,17/12/1981,022 Elmside Park,fcrewes3o@dell.com,86-(427)181-9455
134,Honorable,Lonni Rawles,Male,13/02/2008,1576 Corben Street,lrawles3p@chicagotribune.com,48-(170)581-9071
135,Mr,Elwira Wye,Female,18/07/1994,957 Old Shore Drive,ewye3q@nifty.com,46-(237)756-4228
136,Mr,Dud Norster,Male,3/12/1984,56732 Mitchell Terrace,dnorster3r@army.mil,86-(146)924-4948
137,Ms,Elna Godbold,Male,12/01/1994,9 Cody Avenue,egodbold3s@qq.com,54-(333)401-3228
138,Mrs,Hollie Saladin,Male,15/02/1981,3 Homewood Terrace,hsaladin3t@networksolutions.com,63-(736)542-6912
139,Honorable,Malva Sharman,Male,22/04/1985,78531 Bluejay Court,msharman3u@amazon.co.uk,62-(160)718-1957
140,Ms,Sabine Schruyers,Female,22/06/1984,9 Sutteridge Junction,sschruyers3v@salon.com,359-(280)924-7308
141,Mrs,Idaline Haseley,Female,1/09/1987,7650 Carpenter Trail,ihaseley3w@yelp.com,57-(289)759-4772
142,Rev,Perkin Offield,Male,11/03/1995,603 Stone Corner Park,poffield3x@howstuffworks.com,7-(565)298-7282
143,Mr,Derward Rhubottom,Female,11/05/1995,5921 Kipling Street,drhubottom3y@cloudflare.com,420-(403)663-1215
144,Honorable,Joyan Bagby,Male,7/12/1994,35919 Eastlawn Crossing,jbagby3z@cafepress.com,46-(545)361-2379
145,Ms,Rafaello Guymer,Female,19/02/2002,4700 Heffernan Terrace,rguymer40@reddit.com,62-(646)580-0142
146,Mr,Terese Neller,Female,7/11/1983,3 Bashford Street,tneller41@e-recht24.de,66-(468)499-4787
147,Dr,Silvester Swatton,Male,18/03/2010,561 Barnett Terrace,sswatton42@google.es,63-(800)215-1513
148,Honorable,Denny Kobierra,Male,21/01/1992,132 Onsgard Park,dkobierra43@ask.com,55-(972)747-6475
149,Mrs,Vera Hamby,Female,5/04/1999,14424 Merchant Center,vhamby44@gov.uk,51-(522)364-1750
150,Dr,Seward Zute,Female,15/04/1982,88242 Southridge Point,szute45@usa.gov,358-(788)410-8445
151,Dr,Rafael Towle,Male,28/10/2001,75320 Harper Road,rtowle46@dion.ne.jp,62-(619)707-1466
152,Mr,Clem Skill,Male,7/07/1991,8 2nd Point,cskill47@boston.com,62-(384)534-2719
153,Mr,Luciano Gruszczak,Female,13/10/1989,516 Hintze Plaza,lgruszczak48@myspace.com,62-(907)619-4113
154,Rev,Frederica Ferronet,Female,26/07/1996,24 Park Meadow Park,fferronet49@alexa.com,63-(233)603-9875
155,Honorable,Neile Heskins,Female,28/07/1982,02 Fallview Center,nheskins4a@google.it,52-(732)941-8270
156,Honorable,Doy Chazelle,Female,11/12/1983,73 Village Green Way,dchazelle4b@opensource.org,420-(185)622-2853
157,Rev,Kettie Hanmer,Male,17/10/2000,6413 Butternut Avenue,khanmer4c@un.org,967-(578)501-4799
158,Mr,Raymond Fonteyne,Female,3/09/1999,298 Calypso Trail,rfonteyne4d@feedburner.com,86-(981)908-8505
159,Honorable,Sioux Ravenshaw,Female,21/10/1999,196 Warbler Court,sravenshaw4e@nhs.uk,47-(819)379-4325
160,Mrs,Aimee Smalls,Male,19/04/1988,3998 2nd Court,asmalls4f@usda.gov,62-(438)646-6273
161,Mr,Sisile Dyos,Male,7/11/2004,4 Derek Point,sdyos4g@zdnet.com,381-(919)826-1060
162,Ms,Berty Athey,Female,6/02/2005,5 Columbus Pass,bathey4h@amazon.com,30-(469)717-2828
163,Mr,Gregorio Scatcher,Female,14/04/1998,28995 8th Way,gscatcher4i@booking.com,86-(755)951-9486
164,Dr,Sylas Pennigar,Male,10/10/2003,619 Butterfield Junction,spennigar4j@unicef.org,55-(627)890-5070
165,Ms,Katey Hutcheons,Female,7/11/1990,4076 Daystar Terrace,khutcheons4k@cornell.edu,47-(178)580-8487
166,Honorable,Wittie Migheli,Male,25/01/1984,60 Golf View Junction,wmigheli4l@sbwire.com,380-(920)502-9469
167,Honorable,Krystal Dike,Male,29/10/2005,4196 Southridge Court,kdike4m@princeton.edu,7-(159)700-7449
168,Dr,Camella Sighart,Male,17/07/1984,9 Mayer Road,csighart4n@cnn.com,86-(180)259-9328
169,Ms,Aube Mengo,Male,12/05/1998,8079 Carberry Point,amengo4o@usnews.com,86-(970)428-0048
170,Honorable,Elle Fleming,Female,9/10/2006,70478 Nevada Place,efleming4p@hc360.com,86-(341)980-5101
171,Rev,Damara Mathissen,Male,13/10/1996,9 Northview Junction,dmathissen4q@xrea.com,7-(831)757-8370
172,Dr,Godwin Cotsford,Female,4/05/2002,36033 Rowland Terrace,gcotsford4r@weather.com,62-(344)419-7706
173,Mrs,Giacinta Weddeburn,Female,2/07/2009,4 Leroy Hill,gweddeburn4s@sina.com.cn,86-(644)594-1078
174,Ms,Rusty Chamberlen,Male,13/09/1992,61649 Beilfuss Street,rchamberlen4t@wikia.com,63-(506)283-9332
175,Mr,Morna Cunio,Male,10/10/2005,2 Gerald Alley,mcunio4u@dropbox.com,86-(920)132-4366
176,Ms,Philippe Patrone,Female,18/06/1990,48 Del Sol Road,ppatrone4v@google.com,30-(257)547-6874
177,Rev,Katey Longcake,Female,23/11/1998,3 Farragut Pass,klongcake4w@thetimes.co.uk,86-(347)627-9437
178,Dr,Abelard Blindt,Male,25/03/1995,190 Sycamore Plaza,ablindt4x@imageshack.us,61-(682)756-9970
179,Mrs,Irwin Bennion,Female,25/11/1995,6 Onsgard Pass,ibennion4y@wisc.edu,62-(302)668-8655
180,Dr,Faith Macieja,Female,14/07/1980,52098 Russell Lane,fmacieja4z@smh.com.au,380-(598)963-3308
181,Ms,Stanley Kynge,Male,7/08/1992,6 Glacier Hill Lane,skynge50@skyrock.com,49-(544)146-3840
182,Mrs,Gibbie Mayor,Male,5/07/1985,1 Summit Junction,gmayor51@hp.com,63-(976)780-1692
183,Mrs,Raddie Kloster,Male,8/01/2007,89 Artisan Plaza,rkloster52@google.ru,1-(284)895-3290
184,Rev,Megan Canby,Male,4/01/1994,8653 Almo Pass,mcanby53@slashdot.org,44-(593)409-4811
185,Mr,Abbie Antrag,Female,20/05/1997,805 Manufacturers Road,aantrag54@google.co.jp,351-(394)613-7182
186,Rev,Raphael Withey,Male,31/12/1988,11332 Hudson Center,rwithey55@google.ca,55-(516)292-5301
187,Mr,Stavro Bernardez,Male,12/12/1997,291 Starling Trail,sbernardez56@g.co,359-(679)216-8367
188,Honorable,Corrie Guntrip,Male,27/04/1991,786 Gale Trail,cguntrip57@dropbox.com,46-(309)630-3379
189,Mrs,Amelie Salery,Female,7/06/2008,5 Kipling Parkway,asalery58@un.org,86-(584)212-8781
190,Mrs,Arlen Beaulieu,Male,6/07/2004,2 Colorado Center,abeaulieu59@epa.gov,62-(262)180-7294
191,Honorable,Humfried Dockreay,Male,13/01/1983,5963 Fuller Avenue,hdockreay5a@uol.com.br,55-(232)285-2551
192,Ms,Drusie Puttock,Female,20/12/1980,8 Sachs Circle,dputtock5b@tiny.cc,57-(802)462-4375
193,Ms,Marten Chung,Female,28/09/1988,57894 Clemons Terrace,mchung5c@hibu.com,46-(970)647-0921
194,Ms,Gus McAndrew,Female,21/05/1989,30778 Eastlawn Street,gmcandrew5d@forbes.com,30-(947)175-4169
195,Ms,Tracy Ellissen,Male,18/11/2004,81363 2nd Alley,tellissen5e@redcross.org,86-(149)919-2178
196,Ms,Anet Ferebee,Male,26/02/1985,114 Anzinger Place,aferebee5f@goodreads.com,86-(375)475-6677
197,Dr,Lucy Hugle,Female,12/10/2007,3955 Nobel Terrace,lhugle5g@slashdot.org,62-(788)523-6067
198,Ms,Gonzales Cracie,Male,18/10/1999,23925 Bonner Place,gcracie5h@mapy.cz,33-(294)104-1080
199,Ms,Susann Tureville,Female,21/01/1997,001 Katie Junction,stureville5i@skyrock.com,86-(816)460-2771
200,Mr,Robenia Duignan,Male,3/12/1998,7689 Linden Junction,rduignan5j@china.com.cn,86-(688)529-1000
201,Ms,Waldo Searles,Male,18/11/1996,32612 Cambridge Court,wsearles5k@amazon.co.uk,63-(665)942-6905
202,Ms,Brigitta Quickenden,Male,5/01/2002,1 Swallow Lane,bquickenden5l@addtoany.com,46-(254)627-6708
203,Honorable,Arlyn Sobieski,Male,22/12/1987,817 Stephen Trail,asobieski5m@nps.gov,387-(837)204-9543
204,Dr,Bill Eshelby,Male,24/06/2001,029 Blaine Lane,beshelby5n@google.co.jp,86-(173)744-0246
205,Ms,Mike Schoolcroft,Female,2/11/1983,7 Village Green Center,mschoolcroft5o@rambler.ru,86-(526)547-5989
206,Ms,Brinna Candelin,Female,25/12/1996,81 Grover Parkway,bcandelin5p@wordpress.com,95-(685)900-4224
207,Mr,Joella Sunman,Male,9/11/1992,9014 Shelley Place,jsunman5q@earthlink.net,86-(302)971-7528
208,Mr,Ravid Sher,Male,17/09/1992,89 Katie Trail,rsher5r@blogspot.com,62-(495)432-8061
209,Mrs,Fletcher Zorer,Male,1/12/2004,2 Riverside Place,fzorer5s@shareasale.com,33-(779)642-9870
210,Mrs,Albie Lentsch,Male,15/05/2008,8504 Schmedeman Way,alentsch5t@liveinternet.ru,86-(396)536-9250
211,Dr,Phylys Ringham,Male,23/06/2006,5474 Mandrake Road,pringham5u@youtube.com,86-(911)883-5109
212,Mr,Armstrong McMeekin,Female,5/01/1995,58280 Linden Center,amcmeekin5v@yahoo.com,62-(514)463-7333
213,Mr,Jareb Seaton,Male,7/05/2004,155 Gateway Terrace,jseaton5w@examiner.com,1-(228)435-6791
214,Ms,Angelia Spence,Male,2/03/1986,5 Kedzie Lane,aspence5x@netlog.com,351-(161)241-8695
215,Mr,Mitch Mancktelow,Male,6/11/2008,66 Bartelt Circle,mmancktelow5y@so-net.ne.jp,261-(765)723-8264
216,Rev,Johannes Langeren,Male,27/12/2005,63 Corscot Road,jlangeren5z@washington.edu,52-(948)816-4666
217,Mr,Bree Shiril,Female,25/09/1994,68 Dahle Terrace,bshiril60@ebay.co.uk,62-(548)988-1982
218,Mr,Doreen Pedrollo,Female,13/01/1999,48513 Golden Leaf Junction,dpedrollo61@bbc.co.uk,86-(543)458-2525
219,Honorable,Maryann Romke,Male,29/06/1994,304 Nancy Point,mromke62@foxnews.com,370-(651)198-6560
220,Rev,Fabiano Dyneley,Male,18/02/1993,85 Golf Course Drive,fdyneley63@123-reg.co.uk,86-(626)351-8810
221,Rev,Donny Ottewell,Male,9/10/2005,92 Westend Crossing,dottewell64@simplemachines.org,62-(963)255-0381
222,Dr,Marigold Di Claudio,Male,23/04/1983,7 Meadow Valley Junction,mdi65@chicagotribune.com,46-(499)206-9662
223,Ms,Orlando Caddie,Male,18/10/1984,523 Scott Way,ocaddie66@quantcast.com,355-(981)197-5821
224,Mrs,Dicky Maunton,Male,22/09/1993,73222 Steensland Center,dmaunton67@networksolutions.com,380-(591)697-2153
225,Mr,Cathlene de Courcey,Male,26/03/1995,305 Independence Crossing,cde68@vkontakte.ru,64-(714)740-4541
226,Ms,Kaspar Fassam,Female,19/06/2000,9 Lunder Drive,kfassam69@domainmarket.com,46-(949)949-6510
227,Mrs,Gretal Fery,Male,29/08/2005,14414 Kinsman Drive,gfery6a@cdc.gov,86-(516)565-8358
228,Dr,Etienne Waycot,Female,23/09/1988,51502 Scofield Plaza,ewaycot6b@issuu.com,358-(453)783-0539
229,Mr,Rudolf Inglis,Male,24/12/1995,26628 Butternut Circle,ringlis6c@hostgator.com,1-(407)848-9681
230,Mrs,Teena Sinney,Female,6/10/1986,2 Florence Way,tsinney6d@sourceforge.net,57-(226)440-9438
231,Honorable,Marley Cremer,Female,6/07/1998,277 Everett Way,mcremer6e@technorati.com,63-(846)737-2142
232,Ms,Shelby Litherland,Male,14/04/2007,56506 Coleman Avenue,slitherland6f@hhs.gov,55-(676)913-7771
233,Mrs,Marlee Tinton,Female,26/09/1997,6483 8th Drive,mtinton6g@dion.ne.jp,371-(385)850-4097
234,Mr,Romy Roselli,Male,1/03/1989,60 Raven Crossing,rroselli6h@answers.com,351-(576)272-0036
235,Dr,Dannel Varvell,Female,31/10/2008,16 Service Point,dvarvell6i@amazon.com,371-(768)905-9489
236,Honorable,Shea Skuse,Female,31/07/2005,2865 Continental Alley,sskuse6j@umn.edu,248-(350)592-2176
237,Ms,Tandie Dunne,Female,2/12/1985,01421 Burning Wood Lane,tdunne6k@exblog.jp,57-(380)743-8354
238,Ms,Perren Elia,Male,23/06/1989,18 American Ash Park,pelia6l@mozilla.org,62-(758)131-5476
239,Ms,Karoline Auten,Male,11/09/2006,41549 Merry Drive,kauten6m@cbc.ca,55-(900)128-0595
240,Ms,Wilmar Langhor,Male,28/10/1990,97 Westport Pass,wlanghor6n@biblegateway.com,380-(884)735-1445
241,Honorable,Philipa Beathem,Male,25/11/1998,7 Oxford Circle,pbeathem6o@jalbum.net,351-(799)864-9070
242,Ms,Ailis Taverner,Female,24/05/1986,0068 Arrowood Center,ataverner6p@businessinsider.com,86-(630)651-7306
243,Honorable,Ulric Hallgate,Male,30/06/1989,600 Bashford Place,uhallgate6q@behance.net,57-(619)232-7359
244,Honorable,Linc Gynni,Male,19/02/2001,4 Milwaukee Alley,lgynni6r@theguardian.com,7-(127)744-5229
245,Ms,Ada Groocock,Male,21/12/1984,715 Mcbride Court,agroocock6s@google.de,86-(337)472-3106
246,Ms,Ollie Hartop,Male,26/07/1986,286 Thierer Terrace,ohartop6t@alexa.com,46-(215)451-9873
247,Mrs,Aloise Latliff,Male,31/12/1989,085 Marcy Center,alatliff6u@foxnews.com,55-(268)889-2075
248,Rev,Kale MacIlraith,Female,16/05/2005,0 Elmside Road,kmacilraith6v@vimeo.com,63-(310)125-0586
249,Honorable,Dare Ivakhno,Female,26/06/2001,7 Anniversary Pass,divakhno6w@jimdo.com,86-(344)749-5225
250,Mrs,Tabby Belchambers,Female,12/12/1987,04419 Melrose Center,tbelchambers6x@va.gov,86-(184)627-9894
251,Mrs,Orville Allso,Female,19/07/1982,1 Bartelt Place,oallso6y@stumbleupon.com,86-(147)428-2334
252,Rev,Abbie Dibson,Male,22/01/2005,79853 High Crossing Junction,adibson6z@ocn.ne.jp,86-(816)851-2716
253,Mr,Merle Danser,Female,4/09/1995,87 Lakewood Gardens Avenue,mdanser70@ftc.gov,86-(133)474-6310
254,Ms,Myrle Dudenie,Male,30/04/1982,55949 Holy Cross Point,mdudenie71@cloudflare.com,86-(571)770-8060
255,Honorable,Rutherford Draycott,Male,21/06/2007,6 Weeping Birch Place,rdraycott72@51.la,86-(665)807-8242
256,Mr,Tabatha Jillard,Female,28/09/2006,6 Lindbergh Park,tjillard73@psu.edu,62-(350)791-5514
257,Mrs,Valene Mounter,Female,13/06/1988,14461 Eastwood Street,vmounter74@about.com,86-(765)301-0644
258,Ms,Caty Baccas,Female,6/04/2003,7896 Dakota Avenue,cbaccas75@google.co.uk,62-(650)989-0723
259,Mrs,Yalonda Sandham,Female,1/01/1993,233 Huxley Point,ysandham76@domainmarket.com,7-(150)776-0165
260,Mrs,Janos Greer,Male,23/07/1990,093 Fairfield Pass,jgreer77@eventbrite.com,86-(261)935-3364
261,Honorable,Thatcher Jellard,Male,17/09/1986,8 Springview Road,tjellard78@pinterest.com,62-(666)595-3172
262,Dr,Dorri Tonkin,Female,7/11/1999,5 Toban Lane,dtonkin79@domainmarket.com,81-(327)471-8620
263,Mr,Jilleen Aggett,Male,5/07/2001,167 Bay Court,jaggett7a@sohu.com,48-(635)119-0938
264,Honorable,Claudetta Midgley,Male,28/08/2007,67 Acker Point,cmidgley7b@networkadvertising.org,86-(457)751-8034
265,Rev,Daron Choke,Female,30/12/1988,8 Cordelia Way,dchoke7c@facebook.com,7-(913)439-8178
266,Ms,Frannie Jordin,Male,28/08/1992,66 Birchwood Drive,fjordin7d@yale.edu,53-(466)893-7588
267,Honorable,Fredric Lorenzin,Female,24/06/1998,40261 Hoffman Drive,florenzin7e@miibeian.gov.cn,48-(960)204-5503
268,Ms,Alvin Levison,Male,7/01/2005,76912 Corben Center,alevison7f@cbslocal.com,351-(472)230-1407
269,Rev,Valentia Shelmardine,Female,18/11/1990,274 Eagle Crest Junction,vshelmardine7g@jiathis.com,420-(555)220-5395
270,Honorable,Nariko Pendrigh,Female,19/11/2005,40 Upham Lane,npendrigh7h@jugem.jp,62-(570)895-6679
271,Ms,Leonard Decourt,Male,10/01/1984,6 Anderson Circle,ldecourt7i@merriam-webster.com,7-(409)750-2699
272,Honorable,Thekla Darrach,Male,14/11/1990,5 Erie Road,tdarrach7j@vk.com,255-(569)294-2817
273,Mr,Mariana Tesoe,Male,8/06/1996,7663 Bartillon Junction,mtesoe7k@rambler.ru,353-(677)166-7870
274,Dr,Dolf Lackinton,Female,24/10/2008,5 Westend Trail,dlackinton7l@sitemeter.com,27-(287)870-2231
275,Rev,Galven Camplin,Male,22/12/1981,2 Doe Crossing Parkway,gcamplin7m@tamu.edu,86-(129)955-0810
276,Dr,Armando Richardeau,Female,10/08/1984,4 Anthes Junction,arichardeau7n@comsenz.com,86-(466)499-5340
277,Dr,Rosco Gallego,Female,20/03/1989,41 Bonner Terrace,rgallego7o@sbwire.com,381-(644)242-1406
278,Honorable,Agneta Haburne,Female,24/05/1987,9 Carioca Road,ahaburne7p@ustream.tv,86-(601)601-3142
279,Dr,Agosto Boner,Male,18/09/2009,041 Badeau Parkway,aboner7q@skype.com,55-(395)309-9213
280,Mrs,Coleen Trayes,Female,23/03/2004,86 Stuart Street,ctrayes7r@pbs.org,86-(401)605-1463
281,Rev,Adara Lowensohn,Female,2/03/1998,7669 Daystar Alley,alowensohn7s@hud.gov,63-(302)567-2150
282,Ms,Brennen Pesic,Male,11/12/2008,67293 Dwight Junction,bpesic7t@pcworld.com,225-(571)333-1340
283,Mrs,Janetta Davidwitz,Male,30/06/2001,2083 Sunnyside Street,jdavidwitz7u@wikia.com,57-(709)449-0119
284,Honorable,Chet McDermid,Male,26/05/1982,8281 Coolidge Street,cmcdermid7v@qq.com,353-(578)269-6562
285,Mrs,Corny Youthed,Male,5/08/2002,00488 Heffernan Center,cyouthed7w@nhs.uk,1-(202)392-6639
286,Mr,Celinka Fox,Male,29/11/1999,0 Raven Plaza,cfox7x@springer.com,46-(576)917-1335
287,Rev,Evangelia MacCarrane,Male,21/04/1981,216 Schiller Plaza,emaccarrane7y@miibeian.gov.cn,1-(304)885-1843
288,Dr,Alaster Camsey,Male,12/10/2009,6712 East Lane,acamsey7z@paypal.com,358-(969)226-3445
289,Ms,Pierrette Pescott,Male,16/09/1980,9 Vera Way,ppescott80@mac.com,507-(902)998-5451
290,Ms,Katherine Lob,Male,4/08/2000,3 Mallard Road,klob81@globo.com,48-(954)330-2267
291,Dr,Abbye Siebart,Male,24/04/1993,643 Esch Plaza,asiebart82@elpais.com,351-(808)634-7305
292,Rev,Vernor De Domenicis,Male,29/09/1994,1 Monica Drive,vde83@nba.com,55-(207)140-1566
293,Honorable,Jayson Dilrew,Female,20/10/1987,717 Rowland Junction,jdilrew84@ehow.com,1-(801)731-5866
294,Honorable,Barrie Gabala,Female,25/08/1989,58 Dakota Drive,bgabala85@arizona.edu,86-(721)149-0354
295,Dr,Winny Longdon,Female,25/06/2007,83 Hansons Court,wlongdon86@fda.gov,86-(596)818-0710
296,Mrs,Artemas Swafield,Female,25/12/1987,4 Havey Court,aswafield87@theatlantic.com,66-(990)808-5993
297,Honorable,Calv Farncombe,Male,13/07/1988,9886 Carioca Center,cfarncombe88@cbslocal.com,359-(609)257-1166
298,Mrs,Idalina Dumper,Male,8/04/1982,1 Manitowish Plaza,idumper89@youtube.com,66-(212)373-0684
299,Ms,Pace Roony,Male,3/05/1991,94 Haas Drive,proony8a@admin.ch,7-(296)500-5189
300,Mr,Carole Penley,Male,1/04/1991,01079 Del Mar Lane,cpenley8b@hp.com,86-(731)310-8346
301,Dr,Leola Andrews,Female,1/03/2007,76106 Schmedeman Parkway,landrews8c@icio.us,1-(143)704-7376
302,Honorable,Giovanni Mustoo,Female,19/12/1996,856 Northwestern Circle,gmustoo8d@toplist.cz,7-(814)503-4648
303,Dr,Elfie Spere,Female,30/03/1987,607 Prentice Point,espere8e@zimbio.com,7-(228)209-5674
304,Mrs,Pacorro Gowling,Female,21/11/2007,1529 Transport Drive,pgowling8f@yelp.com,86-(282)612-8307
305,Rev,Stinky Brunesco,Female,12/01/1989,9594 Daystar Court,sbrunesco8g@state.gov,86-(270)480-1872
306,Mrs,Arlan Fairhead,Male,13/12/1988,3 Brentwood Point,afairhead8h@wordpress.org,55-(697)814-0337
307,Mrs,Benny Gaitley,Male,1/12/2001,87845 Clarendon Alley,bgaitley8i@cdbaby.com,258-(193)992-3559
308,Honorable,Daryl McNickle,Male,14/12/1991,0 Dixon Street,dmcnickle8j@cyberchimps.com,86-(361)256-8843
309,Ms,Sara Pendall,Female,22/08/2009,3308 Sundown Circle,spendall8k@nasa.gov,381-(587)782-9146
310,Mrs,Ag Forestel,Male,24/04/1992,7897 Gina Avenue,aforestel8l@bloomberg.com,46-(737)607-6674
311,Mr,Carolyne Philippeaux,Female,30/04/2008,165 Northport Park,cphilippeaux8m@networksolutions.com,504-(128)470-0540
312,Ms,Bartlet Senescall,Female,25/07/1980,549 Continental Place,bsenescall8n@webeden.co.uk,57-(249)381-6674
313,Rev,Emmet Kohrs,Male,1/11/2002,7 Dixon Way,ekohrs8o@loc.gov,81-(377)917-7583
314,Dr,Iseabal Renac,Male,4/06/2009,63110 Vermont Street,irenac8p@hud.gov,86-(563)625-0513
315,Mr,Bambie Bend,Female,5/12/1999,61 Parkside Hill,bbend8q@ted.com,63-(482)312-7801
316,Mr,Jerrie McBeith,Male,30/04/1993,7375 Goodland Trail,jmcbeith8r@omniture.com,972-(779)238-5554
317,Mr,Ada Paulson,Female,16/06/2007,24 Mockingbird Pass,apaulson8s@newsvine.com,62-(466)227-2105
318,Honorable,Thomasa Keuntje,Female,5/04/1993,96 Huxley Way,tkeuntje8t@ameblo.jp,235-(871)315-6389
319,Rev,Sharron Harmant,Male,5/05/1997,46134 Loftsgordon Park,sharmant8u@webeden.co.uk,351-(431)519-6373
320,Ms,Amerigo Favela,Female,30/07/1993,04641 Fair Oaks Center,afavela8v@nifty.com,86-(660)795-2416
321,Dr,Virgina Swinn,Female,16/09/1992,2146 Toban Parkway,vswinn8w@diigo.com,86-(663)151-6995
322,Mr,Rudy Griniov,Female,18/02/2010,6 Springs Drive,rgriniov8x@ibm.com,1-(436)837-3855
323,Rev,Ferdinand Endersby,Male,21/01/1996,4610 Warbler Junction,fendersby8y@narod.ru,86-(712)646-6619
324,Mrs,Carolus Evers,Female,24/12/2002,1 Thierer Road,cevers8z@loc.gov,1-(626)326-6088
325,Mrs,Em Fensome,Male,24/08/1998,1183 Thierer Circle,efensome90@si.edu,46-(611)199-3176
326,Dr,Byrle Jeffels,Male,7/07/1982,3 Prairieview Trail,bjeffels91@yale.edu,86-(851)196-9931
327,Honorable,Calhoun Stearndale,Male,19/03/1987,5 Division Hill,cstearndale92@salon.com,62-(673)567-7464
328,Ms,Diarmid Polet,Female,8/08/1999,27 Sachtjen Crossing,dpolet93@unc.edu,1-(231)454-1751
329,Mrs,Beret Ksandra,Male,12/02/2005,0566 Quincy Plaza,bksandra94@ed.gov,86-(885)922-6858
330,Honorable,Laurent Middiff,Male,21/01/2006,123 Graceland Avenue,lmiddiff95@cargocollective.com,86-(519)819-4415
331,Dr,Aylmar Farnon,Male,17/04/1994,68581 Dorton Avenue,afarnon96@imageshack.us,62-(539)488-7205
332,Rev,Ami Petrishchev,Female,2/10/1988,41078 Mayfield Place,apetrishchev97@elpais.com,381-(293)836-5407
333,Mr,Zelda Brace,Female,1/08/1994,5 Arizona Circle,zbrace98@telegraph.co.uk,81-(492)499-3902
334,Dr,Marie MacGillivray,Male,1/04/1999,569 Cascade Alley,mmacgillivray99@ameblo.jp,65-(545)989-4514
335,Ms,Robbyn De Andisie,Female,5/10/1991,98831 Emmet Way,rde9a@vimeo.com,86-(651)389-6840
336,Honorable,Claudelle Claffey,Female,18/07/2004,0791 Jay Street,cclaffey9b@wix.com,63-(250)676-2056
337,Mr,Rabbi Grzeszczak,Male,5/03/1982,4976 Pond Street,rgrzeszczak9c@opera.com,55-(350)463-7129
338,Mrs,Griz Beels,Male,29/10/1982,976 Acker Street,gbeels9d@trellian.com,86-(930)216-4082
339,Mr,Lynna Louth,Male,27/03/1991,90 Muir Hill,llouth9e@usa.gov,1-(379)583-2012
340,Rev,Lenore McClaurie,Female,30/12/1988,3 Monterey Street,lmcclaurie9f@pcworld.com,55-(837)469-4141
341,Dr,Markos Filasov,Female,20/06/1996,3780 Hayes Street,mfilasov9g@creativecommons.org,420-(813)286-8778
342,Dr,Natividad Lauritsen,Female,15/10/1988,1600 Dennis Point,nlauritsen9h@cpanel.net,86-(331)553-4075
343,Mr,Niki Allaway,Male,19/08/1990,0 Brentwood Park,nallaway9i@studiopress.com,1-(945)587-5089
344,Mrs,Adan Rait,Female,12/08/1988,3 Reinke Park,arait9j@psu.edu,86-(498)358-6846
345,Dr,Crawford Fanning,Male,16/01/2009,278 Holmberg Terrace,cfanning9k@opensource.org,63-(392)446-5230
346,Honorable,Darius Vasovic,Male,22/09/1984,680 Bobwhite Lane,dvasovic9l@yahoo.co.jp,33-(563)617-7274
347,Mrs,Prissie Gniewosz,Male,25/04/1983,3 Corscot Alley,pgniewosz9m@dot.gov,48-(882)555-4689
348,Honorable,Feliks Reichert,Female,12/09/1984,52689 Browning Court,freichert9n@mac.com,7-(674)359-0480
349,Rev,Jeanine Wickes,Female,14/01/1993,75 Melby Center,jwickes9o@wunderground.com,86-(758)288-3493
350,Rev,Cammie Greader,Female,30/07/1993,14164 Daystar Drive,cgreader9p@free.fr,92-(998)718-7367
351,Mr,Gunther Bartlett,Female,1/06/1997,4327 High Crossing Drive,gbartlett9q@blogspot.com,62-(554)707-4478
352,Dr,Si Loidl,Male,6/07/1982,61727 Algoma Hill,sloidl9r@ustream.tv,249-(649)785-4311
353,Dr,Zsazsa Gaskill,Male,2/08/1992,06 Village Green Crossing,zgaskill9s@biblegateway.com,51-(914)314-9292
354,Dr,Xaviera McLennan,Male,14/09/1990,403 Gina Circle,xmclennan9t@free.fr,62-(144)249-7723
355,Mrs,Fallon Caveau,Male,13/04/2001,889 Stang Road,fcaveau9u@issuu.com,972-(279)751-2371
356,Ms,Raff Bortoloni,Female,18/05/2007,65 Coleman Pass,rbortoloni9v@nyu.edu,7-(693)535-4623
357,Mrs,Miriam Early,Male,17/03/1996,62 Lunder Plaza,mearly9w@g.co,62-(861)704-4878
358,Rev,Willy Grishinov,Male,23/09/1996,38762 Vahlen Lane,wgrishinov9x@ihg.com,52-(562)782-3812
359,Rev,Nickolai Cains,Female,30/05/1989,87141 Carey Plaza,ncains9y@360.cn,1-(213)919-0862
360,Dr,Halimeda Ellsworthe,Female,23/08/1993,561 Anthes Park,hellsworthe9z@cam.ac.uk,51-(540)170-0432
361,Ms,Lolita Aldwinckle,Female,11/12/1993,1 Pine View Center,laldwincklea0@whitehouse.gov,60-(787)477-3246
362,Honorable,Merrie Joynt,Female,1/07/1997,9025 Harbort Plaza,mjoynta1@skype.com,66-(748)879-8245
363,Mr,Babbette Venny,Female,13/05/2000,2321 Summerview Alley,bvennya2@ustream.tv,62-(514)512-9914
364,Ms,Julie Penrith,Female,21/09/2000,9336 Eastwood Place,jpenritha3@bloomberg.com,62-(776)511-8921
365,Mr,Natasha Buffy,Male,24/01/1990,82 Mallory Court,nbuffya4@state.tx.us,386-(331)748-6786
366,Mr,Maddalena Streetfield,Female,16/02/1995,26053 Goodland Pass,mstreetfielda5@chronoengine.com,60-(601)375-7977
367,Ms,Base Battyll,Female,31/12/1993,2 Pine View Road,bbattylla6@webeden.co.uk,86-(864)457-7289
368,Mrs,Odette Offiler,Female,25/03/1988,67 Buell Drive,ooffilera7@soundcloud.com,1-(716)545-8425
369,Dr,Lorette Casaroli,Male,4/10/1996,31940 Gina Place,lcasarolia8@theguardian.com,380-(790)189-1354
370,Ms,Leland Blore,Male,10/05/1984,411 Iowa Circle,lblorea9@prlog.org,57-(320)209-4445
371,Mrs,"Agnese Fancutt,",Male,22/04/2003,576 Hanover Junction,afancuttaa@furl.net,55-(274)723-5287
372,Dr,Johann Draude,Female,23/07/1994,9 Orin Crossing,jdraudeab@tuttocitta.it,55-(885)498-2708
373,Honorable,Lotte De Mattia,Female,19/10/2008,332 Utah Circle,ldeac@xrea.com,63-(233)744-7001
374,Mr,Klara Calver,Male,11/07/2004,87108 Blaine Place,kcalverad@deviantart.com,46-(564)322-9267
375,Mrs,Arlin Leftridge,Male,11/04/1981,54858 Monica Alley,aleftridgeae@blogspot.com,86-(331)265-1811
376,Dr,Jon Tregoning,Female,30/12/1993,171 Loomis Trail,jtregoningaf@wiley.com,267-(165)763-0189
377,Dr,Savina Osgar,Female,10/06/1988,86952 Utah Pass,sosgarag@squarespace.com,46-(652)907-5444
378,Dr,Leola Corck,Male,15/01/2008,7 Johnson Way,lcorckah@google.com,63-(421)717-6815
379,Mrs,Olivie Harrie,Female,8/08/1982,06 Spohn Crossing,oharrieai@wikimedia.org,420-(309)579-4570
380,Dr,Cairistiona Skerratt,Male,1/04/2002,6955 Morning Parkway,cskerrattaj@apple.com,351-(688)929-0423
381,Mr,Mirelle Paoli,Female,1/01/2003,9 8th Street,mpaoliak@usa.gov,509-(824)548-9325
382,Mrs,Merrie Skokoe,Female,10/04/1991,80 Del Sol Junction,mskokoeal@cbc.ca,55-(543)246-7787
383,Rev,Justine Daid,Male,13/03/1988,832 Bunting Hill,jdaidam@fastcompany.com,1-(727)415-0143
384,Ms,Gannie Shalcros,Male,10/03/1986,46768 2nd Point,gshalcrosan@privacy.gov.au,357-(547)408-3658
385,Honorable,Theresina Bolland,Female,23/04/1988,3008 Redwing Road,tbollandao@dot.gov,62-(334)435-2069
386,Mr,Stanislaw Jessopp,Female,28/09/2007,2400 Carberry Circle,sjessoppap@pcworld.com,86-(203)743-4106
387,Mrs,Perceval Kirsopp,Male,16/03/1994,6869 Maywood Crossing,pkirsoppaq@behance.net,225-(635)781-8704
388,Honorable,Aleksandr Dubois,Female,18/07/2007,1799 Rockefeller Park,aduboisar@whitehouse.gov,62-(668)436-6402
389,Honorable,Jarad Gersam,Female,29/05/2007,89801 Anhalt Court,jgersamas@cpanel.net,7-(383)678-0278
390,Dr,Arlene Davers,Male,3/02/1988,523 Fremont Park,adaversat@biblegateway.com,86-(657)768-5546
391,Mrs,Sunny Raffin,Male,3/10/1981,456 Jay Crossing,sraffinau@wiley.com,1-(210)674-7874
392,Mrs,Lannie Wallas,Female,22/04/1988,674 Crownhardt Plaza,lwallasav@123-reg.co.uk,86-(906)210-6691
393,Dr,Elbert Cherrett,Male,17/05/1999,4 Banding Place,echerrettaw@bloglovin.com,33-(940)510-1539
394,Rev,Roselia Rickword,Female,21/10/2007,4363 Darwin Road,rrickwordax@latimes.com,264-(773)553-3615
395,Mrs,Parke Sterley,Male,28/04/2006,46817 Mendota Drive,psterleyay@scribd.com,86-(477)257-7545
396,Honorable,Mack Warbeys,Female,16/05/2007,67948 2nd Court,mwarbeysaz@stanford.edu,86-(158)845-4251
397,Dr,Lamar Sully,Male,30/10/1997,96 Hagan Plaza,lsullyb0@jugem.jp,86-(928)557-5125
398,Ms,Jan Hobbert,Female,14/06/1982,809 Luster Court,jhobbertb1@goodreads.com,55-(342)136-2056
399,Rev,Amargo Uzelli,Male,11/02/2001,152 Bluejay Parkway,auzellib2@opera.com,351-(994)736-3220
400,Rev,Tobias Gregori,Male,2/10/2000,2577 Hansons Trail,tgregorib3@tripadvisor.com,7-(348)696-2796
401,Ms,Nealon Longcake,Female,8/01/1994,60 Center Way,nlongcakeb4@hugedomains.com,62-(766)771-1924
402,Ms,Addison Estrella,Male,22/04/1982,128 Sheridan Park,aestrellab5@ox.ac.uk,229-(618)503-9764
403,Ms,Kristoforo Andrusov,Female,22/01/2001,6 Arrowood Pass,kandrusovb6@hao123.com,62-(996)373-6291
404,Mr,Noah Czajka,Female,2/08/2005,3739 Spaight Center,nczajkab7@sourceforge.net,62-(356)969-8631
405,Mrs,Chlo Dowzell,Male,27/01/2001,4880 Raven Pass,cdowzellb8@dailymail.co.uk,673-(596)149-9419
406,Mr,Dasha Olohan,Male,13/05/1989,35 Lawn Drive,dolohanb9@t.co,86-(616)308-3426
407,Honorable,Hi Muddimer,Male,29/05/1985,31 Westerfield Alley,hmuddimerba@unblog.fr,381-(448)924-4107
408,Rev,Eunice McAless,Female,7/02/1990,343 Park Meadow Road,emcalessbb@vimeo.com,54-(292)992-6013
409,Mr,Jeffrey Elmhurst,Male,29/06/1988,281 Monica Street,jelmhurstbc@vistaprint.com,7-(142)286-6910
410,Ms,Emmaline Pickless,Female,9/08/1992,84 Golf Course Hill,epicklessbd@wikipedia.org,55-(484)839-0427
411,Mr,Avictor Walworche,Female,16/07/2004,711 South Street,awalworchebe@smugmug.com,60-(741)588-0622
412,Dr,Cobb Brockhouse,Male,19/07/1998,62 Bartillon Parkway,cbrockhousebf@prnewswire.com,7-(818)776-9395
413,Rev,Nolan Greatreax,Female,10/10/2009,12 Towne Pass,ngreatreaxbg@walmart.com,33-(279)544-7315
414,Honorable,Gare Binch,Male,18/01/1981,3885 Scott Terrace,gbinchbh@sitemeter.com,46-(470)806-9619
415,Honorable,Pamella Scholar,Male,12/02/1987,95 Hauk Plaza,pscholarbi@trellian.com,420-(806)441-2259
416,Ms,Lorenzo Hallede,Female,26/03/1987,3 Rusk Alley,lhalledebj@adobe.com,7-(646)193-0797
417,Dr,Wenda Chuter,Female,4/06/1998,42751 Acker Street,wchuterbk@mediafire.com,62-(630)879-0369
418,Ms,Hersch Thunder,Male,29/09/1998,40 Melrose Road,hthunderbl@irs.gov,86-(105)416-3282
419,Dr,Colly Munn,Male,10/12/1998,80 Sutherland Avenue,cmunnbm@bluehost.com,54-(877)540-6888
420,Rev,Hieronymus Aylett,Female,31/08/1999,7 Hansons Way,haylettbn@plala.or.jp,62-(684)797-2539
421,Ms,Herc Elwell,Male,14/03/1984,2 Forest Avenue,helwellbo@google.com.au,7-(729)985-4394
422,Mrs,Harmony Luto,Female,28/10/1985,38 Sutherland Park,hlutobp@goo.ne.jp,56-(222)554-2017
423,Honorable,Eugenius Strasse,Male,10/02/1992,62103 Walton Center,estrassebq@usda.gov,57-(438)119-0079
424,Mrs,Rachel Foucard,Female,22/04/1991,907 Gerald Pass,rfoucardbr@utexas.edu,30-(926)801-1726
425,Mrs,Libby Grovier,Female,27/11/2009,5 Warrior Junction,lgrovierbs@paginegialle.it,86-(950)869-0688
426,Mrs,Rozele Waycot,Male,1/01/1992,4 Straubel Way,rwaycotbt@illinois.edu,63-(663)423-8927
427,Dr,Marci Blunsden,Female,25/02/1998,30 Petterle Parkway,mblunsdenbu@icio.us,235-(639)792-2929
428,Mr,Louisette Roadknight,Male,6/05/1994,42492 Trailsway Lane,lroadknightbv@bandcamp.com,46-(272)911-1017
429,Mrs,Teriann MacRonald,Male,3/05/2010,2 American Park,tmacronaldbw@ft.com,63-(544)579-6999
430,Rev,Gail Grimley,Male,23/01/1986,58885 Anhalt Plaza,ggrimleybx@cornell.edu,381-(181)259-1967
431,Ms,Andris Muro,Male,15/03/1993,2 Dayton Avenue,amuroby@senate.gov,359-(609)280-2347
432,Dr,Carine Kliesl,Female,23/12/1984,498 Glacier Hill Place,cklieslbz@jiathis.com,375-(853)755-4585
433,Rev,Stu Paddington,Female,20/02/2006,83 Stephen Park,spaddingtonc0@behance.net,86-(676)507-4297
434,Mrs,Lyndell Skeleton,Male,15/03/2007,6 Dunning Plaza,lskeletonc1@indiegogo.com,386-(217)977-7760
435,Rev,Ania Zanicchi,Female,6/11/2006,4225 Almo Drive,azanicchic2@engadget.com,62-(594)530-4648
436,Dr,Uta Vinter,Male,17/04/2008,838 Colorado Point,uvinterc3@nps.gov,592-(454)118-8111
437,Dr,Taite Feldman,Female,20/10/1997,03 Lerdahl Alley,tfeldmanc4@wufoo.com,55-(624)385-9111
438,Rev,Taffy Rulten,Male,21/11/1990,1 Buena Vista Center,trultenc5@gravatar.com,54-(602)264-4534
439,Honorable,Kenn Teare,Female,23/07/1994,427 Heffernan Road,ktearec6@over-blog.com,55-(782)362-4960
440,Rev,Mal Van Leeuwen,Male,23/12/1997,153 John Wall Parkway,mvanc7@mlb.com,680-(281)355-8616
441,Mrs,Bear Kermode,Female,18/02/1988,40048 Merry Avenue,bkermodec8@statcounter.com,55-(817)233-7946
442,Dr,Jayme Geely,Female,4/03/1992,4 Chive Alley,jgeelyc9@xrea.com,86-(274)181-7189
443,Ms,Gale Marling,Male,12/08/2008,660 Buhler Trail,gmarlingca@shareasale.com,976-(362)968-3393
444,Mr,Clarke Roswarne,Female,20/04/1990,201 Red Cloud Pass,croswarnecb@japanpost.jp,374-(754)151-3555
445,Mrs,Elnore Rape,Male,3/12/1992,96 Derek Park,erapecc@foxnews.com,47-(114)545-4774
446,Mrs,Glenn Trickett,Male,12/04/1984,57 Reinke Alley,gtrickettcd@spotify.com,62-(269)554-0004
447,Dr,Gardener Sothcott,Male,15/07/1982,554 Saint Paul Way,gsothcottce@livejournal.com,86-(211)728-7020
448,Dr,Zandra McKeeman,Male,2/03/1983,60340 Sutherland Circle,zmckeemancf@springer.com,86-(545)959-2978
449,Dr,Shandie Slack,Male,17/10/1982,6510 Kropf Point,sslackcg@mit.edu,7-(923)849-3174
450,Mrs,Lucilia Shepard,Male,6/05/2000,6 Kings Park,lshepardch@uiuc.edu,51-(353)299-6600
451,Honorable,Constantina Chace,Male,18/11/1986,1778 Caliangt Lane,cchaceci@flickr.com,33-(364)866-6672
452,Mrs,Brent Bengoechea,Female,15/03/1992,04944 Moulton Lane,bbengoecheacj@microsoft.com,31-(588)845-0943
453,Rev,Olive Notman,Male,5/07/2000,41773 Russell Lane,onotmanck@slashdot.org,258-(966)292-5963
454,Ms,Keene Arnow,Male,3/09/2005,15 Gateway Point,karnowcl@github.com,375-(307)308-5440
455,Mrs,Enrique Ceccoli,Female,5/06/1992,80 Stuart Junction,ececcolicm@msu.edu,504-(887)596-6870
456,Ms,Petra Hanwell,Female,15/08/1993,452 Cardinal Court,phanwellcn@nps.gov,62-(329)615-6276
457,Rev,Cassie Joost,Male,1/05/1988,83 Farragut Plaza,cjoostco@hibu.com,505-(471)376-0445
458,Mr,Hercule Peto,Male,11/02/1994,71670 Mariners Cove Court,hpetocp@cpanel.net,94-(973)894-8026
459,Mrs,Jay Allder,Male,10/10/1991,4 Colorado Point,jalldercq@wikispaces.com,86-(297)353-3402
460,Dr,Moise Fearick,Female,30/12/1982,5804 Jenna Drive,mfearickcr@bravesites.com,52-(692)212-4303
461,Ms,Marilyn Merricks,Male,16/03/1985,64699 Lighthouse Bay Street,mmerrickscs@weibo.com,420-(686)184-2496
462,Dr,Noel Mucklestone,Male,4/03/1987,751 Hanover Parkway,nmucklestonect@theatlantic.com,1-(233)853-7592
463,Mr,Courtnay Angood,Female,23/10/1996,40793 Drewry Place,cangoodcu@nbcnews.com,48-(281)834-2688
464,Mrs,Marilin Roberti,Female,21/01/1987,085 Jana Lane,mroberticv@accuweather.com,62-(309)196-8442
465,Dr,Blondell Perllman,Male,23/12/1992,72 Starling Crossing,bperllmancw@liveinternet.ru,7-(533)494-0116
466,Ms,Ransell Scoggins,Female,19/12/1995,43 Dunning Circle,rscogginscx@hostgator.com,1-(713)569-9838
467,Ms,Holli Cyson,Male,3/01/1999,66 Buena Vista Alley,hcysoncy@pcworld.com,84-(367)839-1330
468,Rev,Cyril Capitano,Female,15/06/2008,79 Village Terrace,ccapitanocz@marketwatch.com,86-(251)480-2979
469,Dr,Emelyne Gatley,Male,2/05/1997,6 Randy Terrace,egatleyd0@ustream.tv,62-(560)940-6155
470,Mrs,Guillemette Varren,Male,17/09/2009,54 Arrowood Way,gvarrend1@t-online.de,62-(736)134-5783
471,Ms,Tristam Willmont,Female,31/03/2006,7245 Marcy Center,twillmontd2@youtube.com,33-(211)895-7280
472,Mrs,Porty Belk,Male,10/12/1982,7 Vahlen Circle,pbelkd3@ox.ac.uk,86-(974)356-4162
473,Ms,Michal Wolledge,Female,21/06/1999,2013 Almo Pass,mwolledged4@sun.com,7-(784)303-6657
474,Mr,Donnie Cluely,Male,6/02/2007,149 Farmco Place,dcluelyd5@icio.us,33-(972)184-8338
475,Honorable,Letitia Evennett,Male,3/07/1981,4715 Calypso Place,levennettd6@blog.com,27-(410)578-7100
476,Rev,Rosamond Dockwray,Male,16/07/1985,3544 Forest Dale Way,rdockwrayd7@hud.gov,55-(575)561-1437
477,Mr,Willamina Coldtart,Female,5/08/2003,34745 Sutherland Park,wcoldtartd8@dailymail.co.uk,86-(296)599-4867
478,Rev,Tiphany Yegorev,Female,19/08/2006,3 Golf Course Way,tyegorevd9@goodreads.com,63-(205)752-0507
479,Honorable,Arlie Dockrill,Male,28/10/2005,3034 Badeau Trail,adockrillda@hc360.com,86-(179)223-9462
480,Dr,Denise Thurber,Female,26/09/2002,3 Roth Drive,dthurberdb@unicef.org,86-(300)307-2300
481,Ms,Osbert Pickthorne,Male,16/05/1987,6251 Loomis Court,opickthornedc@independent.co.uk,62-(124)240-0809
482,Honorable,Leonardo Christley,Male,3/01/1992,4 La Follette Crossing,lchristleydd@newsvine.com,86-(555)311-7215
483,Ms,Reider Plastow,Female,20/03/1988,06 Weeping Birch Drive,rplastowde@bigcartel.com,62-(590)524-2877
484,Ms,Giuseppe Shitliff,Female,31/05/2001,67225 Crownhardt Lane,gshitliffdf@github.io,351-(925)948-5803
485,Mrs,Amitie Vockings,Female,15/02/2004,042 Continental Way,avockingsdg@nih.gov,389-(101)654-3301
486,Rev,Sauveur Asken,Female,8/09/1982,92 Spohn Alley,saskendh@dailymail.co.uk,66-(436)581-9068
487,Mr,Goldina Aylott,Female,24/04/2004,1 Corry Park,gaylottdi@51.la,62-(468)689-0472
488,Mr,Tiff Hubbocks,Female,18/02/1999,409 Heath Circle,thubbocksdj@microsoft.com,62-(523)886-0585
489,Mr,Gearalt Driffill,Female,24/03/1996,95427 Loftsgordon Drive,gdriffilldk@forbes.com,86-(381)798-6090
490,Ms,Imogen Albro,Female,26/11/1980,367 Thierer Pass,ialbrodl@xing.com,86-(201)978-0129
491,Mrs,Theodor Bilbrook,Female,22/04/2006,7876 Mockingbird Drive,tbilbrookdm@loc.gov,351-(209)114-6692
492,Ms,Minnie Gathwaite,Female,7/08/1990,828 Maple Way,mgathwaitedn@sun.com,86-(737)345-8672
493,Dr,Aimee Kolushev,Female,13/04/1994,7176 Ruskin Point,akolushevdo@etsy.com,84-(748)748-2543
494,Ms,Ricki Sloyan,Male,22/12/1981,9845 Dakota Hill,rsloyandp@istockphoto.com,63-(564)136-2057
495,Mr,Dario Brokenshire,Male,22/04/1993,32158 Logan Alley,dbrokenshiredq@yahoo.com,49-(429)172-5145
496,Dr,Cece Innot,Female,13/10/1986,001 Nevada Terrace,cinnotdr@auda.org.au,81-(444)954-3508
497,Rev,Buiron Pollastrino,Male,4/04/1996,99 Corscot Plaza,bpollastrinods@ibm.com,81-(193)969-1239
498,Mr,Lorrie Savidge,Female,28/04/2004,57 Lakewood Terrace,lsavidgedt@msu.edu,62-(204)124-8152
499,Ms,Jarid Orteau,Female,25/06/2001,46 Forest Lane,jorteaudu@marriott.com,33-(880)264-0857
500,Ms,Harland Eagell,Male,22/04/1996,45 Oakridge Trail,heagelldv@narod.ru,48-(195)396-4520
501,Mrs,Anstice Boyland,Female,20/11/1989,0 Scott Circle,aboylanddw@cam.ac.uk,82-(911)928-8037
502,Rev,Rollins Rablin,Female,13/04/1998,42045 Amoth Alley,rrablindx@cdc.gov,86-(404)489-3111
503,Mrs,Mendy McConnal,Male,6/05/1988,728 Miller Junction,mmcconnaldy@icio.us,33-(827)431-0621
504,Honorable,Berenice Haestier,Male,11/01/1989,17 Reinke Street,bhaestierdz@reverbnation.com,86-(681)370-0286
505,Mr,Jedd Have,Male,22/12/1993,89 Towne Road,jhavee0@ox.ac.uk,86-(224)994-6480
506,Ms,Huberto Gillie,Male,17/08/1987,6 Paget Park,hgilliee1@symantec.com,7-(806)752-4844
507,Honorable,Barby Chessor,Female,13/02/2009,49 Mendota Plaza,bchessore2@globo.com,502-(289)387-0998
508,Mr,Ora Gittus,Male,12/06/2005,99559 Talisman Way,ogittuse3@slideshare.net,52-(575)148-9472
509,Honorable,Emilia Whithalgh,Female,28/11/1999,55 Corry Place,ewhithalghe4@prnewswire.com,46-(362)256-7000
510,Mrs,Bryanty Packington,Female,9/03/1995,89268 Center Way,bpackingtone5@dailymotion.com,370-(627)853-5696
511,Rev,Valencia Baugh,Female,5/05/1984,2899 Sugar Center,vbaughe6@diigo.com,62-(787)433-9787
512,Honorable,Elbert Darragon,Male,15/03/2003,2 Grover Place,edarragone7@epa.gov,86-(884)194-3130
513,Ms,Chrissie Baish,Male,14/07/2008,84908 Schlimgen Terrace,cbaishe8@guardian.co.uk,93-(328)602-0109
514,Mr,Trudie Cyson,Female,14/05/1992,2770 Schiller Center,tcysone9@alibaba.com,62-(159)938-0612
515,Dr,Vivyanne Eddington,Male,27/06/1999,7206 Riverside Terrace,veddingtonea@jimdo.com,7-(233)944-7716
516,Dr,Fay Whines,Female,31/01/2004,995 Kinsman Park,fwhineseb@sphinn.com,355-(175)759-5072
517,Ms,Tammie Halworth,Male,12/05/2001,6 Fuller Court,thalworthec@prweb.com,86-(752)300-6740
518,Dr,Horst Alessandretti,Female,10/09/1991,0 Clarendon Park,halessandrettied@soundcloud.com,62-(190)526-1930
519,Mr,Dulcea Gaffer,Male,19/12/1989,59 Artisan Parkway,dgafferee@lycos.com,82-(619)272-3075
520,Rev,Dyane Wellwood,Male,12/08/1981,3 Dexter Hill,dwellwoodef@oakley.com,20-(259)208-5802
521,Mr,Haroun Petrusch,Female,17/09/2000,80999 Hansons Court,hpetruscheg@rakuten.co.jp,46-(881)373-7380
522,Mr,Bennie Tantum,Male,16/02/1981,0506 Sunbrook Crossing,btantumeh@oakley.com,86-(560)868-4032
523,Dr,Karmen Hartegan,Male,3/02/2001,77721 Arkansas Pass,kharteganei@yandex.ru,36-(830)264-5747
524,Ms,Truman Piffe,Female,14/05/1981,8 Moland Trail,tpiffeej@earthlink.net,63-(888)856-9550
525,Mr,Kurtis Featherstone,Female,29/09/1985,9 Bluestem Junction,kfeatherstoneek@engadget.com,226-(388)215-1984
526,Rev,Klara Murrigans,Male,27/04/1982,9 Moose Hill,kmurrigansel@spotify.com,1-(175)345-3346
527,Rev,Miriam Leggett,Female,8/07/1988,63565 Havey Center,mleggettem@trellian.com,86-(945)388-9773
528,Rev,Neila Durnill,Female,3/12/2009,130 Lighthouse Bay Hill,ndurnillen@webnode.com,48-(584)705-5711
529,Honorable,Amabelle Ensten,Female,20/04/1985,281 Merchant Pass,aensteneo@geocities.jp,7-(612)656-2276
530,Rev,Tamiko Redon,Female,13/03/2010,393 Waubesa Lane,tredonep@dropbox.com,57-(702)943-7625
531,Mr,Darleen Tolfrey,Female,14/03/1998,4731 Buena Vista Road,dtolfreyeq@imdb.com,86-(151)838-2292
532,Dr,Dee dee Motte,Male,13/01/1996,9072 Cherokee Road,ddeeer@unc.edu,86-(107)129-0116
533,Rev,Osmond Ephson,Male,18/10/1985,8472 Clemons Plaza,oephsones@yale.edu,502-(512)562-1555
534,Honorable,Aviva Ozanne,Male,16/04/1992,37007 Dennis Park,aozanneet@nasa.gov,92-(101)457-6786
535,Mrs,Philbert Castleman,Female,24/03/2006,346 Bowman Court,pcastlemaneu@marketwatch.com,60-(274)279-5672
536,Mr,Cristionna Burdfield,Female,2/09/1992,949 Sage Hill,cburdfieldev@mapquest.com,81-(729)947-1062
537,Mr,Briny Youell,Female,31/10/2002,78 Eliot Trail,byouellew@cyberchimps.com,33-(649)698-6494
538,Ms,Hulda Dignall,Male,23/06/1999,66 Crownhardt Street,hdignallex@usda.gov,62-(994)149-2800
539,Rev,Verla Smallpeace,Female,29/01/1989,8 Hazelcrest Hill,vsmallpeaceey@com.com,86-(934)224-5123
540,Rev,Merry Rowlson,Female,17/08/1981,21568 Mayfield Avenue,mrowlsonez@fotki.com,86-(346)249-0990
541,Honorable,Jessee Crust,Male,26/07/1987,8 Tennyson Circle,jcrustf0@1688.com,62-(644)203-4851
542,Mr,Rube Basilone,Female,20/12/1993,3 Comanche Park,rbasilonef1@delicious.com,62-(202)725-5385
543,Honorable,Anitra Hendrik,Female,19/04/1997,1293 Mallory Circle,ahendrikf2@1und1.de,351-(601)786-4320
544,Mr,Zola O'Cuddie,Male,5/06/2004,074 Sloan Way,zocuddief3@gravatar.com,62-(504)450-3986
545,Mrs,Travis Roggeman,Female,8/02/1993,967 Arkansas Plaza,troggemanf4@fda.gov,7-(760)980-5749
546,Dr,Maury Grice,Female,20/08/1985,558 Jackson Hill,mgricef5@statcounter.com,381-(684)445-2396
547,Mr,Osmond Cromie,Female,19/02/1989,936 Eagan Center,ocromief6@usa.gov,63-(461)602-9600
548,Rev,Kacey Osgodby,Male,26/08/1995,78 Nobel Terrace,kosgodbyf7@oracle.com,86-(973)457-3308
549,Honorable,Leora Glyde,Male,21/12/2005,01 1st Crossing,lglydef8@npr.org,98-(636)108-7656
550,Honorable,Luigi Mattaus,Female,29/04/1988,3513 Golf Place,lmattausf9@friendfeed.com,86-(597)369-8719
551,Rev,Cookie Perrat,Male,20/03/1986,60 Dwight Place,cperratfa@java.com,54-(737)588-1427
552,Mr,Brantley Karpe,Female,11/07/1991,881 Fordem Trail,bkarpefb@mtv.com,262-(808)894-0012
553,Rev,Gothart Kerbey,Male,11/05/1983,58 Shelley Alley,gkerbeyfc@google.com.hk,372-(386)551-2586
554,Rev,Tamera Chastel,Male,12/04/1999,15 Elgar Road,tchastelfd@answers.com,1-(702)537-7622
555,Mr,Worth Harvison,Male,4/01/2001,37262 Hermina Way,wharvisonfe@uol.com.br,86-(866)243-1746
556,Dr,Eilis Lovemore,Male,29/08/1981,41 Eggendart Lane,elovemoreff@wordpress.org,249-(191)764-9248
557,Rev,Linda Paule,Female,8/08/1994,0 Calypso Park,lpaulefg@msu.edu,57-(394)307-1181
558,Honorable,Moise Cripin,Female,4/04/2003,82 Dryden Lane,mcripinfh@cocolog-nifty.com,355-(639)203-1013
559,Honorable,Lev Mulderrig,Male,29/03/2009,96 Hagan Street,lmulderrigfi@nyu.edu,81-(351)593-0516
560,Ms,Margaux Chellenham,Male,11/09/2002,05118 Buell Lane,mchellenhamfj@ifeng.com,353-(222)758-4472
561,Mrs,Candice Welman,Male,16/01/1998,7936 Killdeer Lane,cwelmanfk@youtu.be,86-(228)610-3082
562,Rev,Spike Oxbie,Female,9/07/2008,131 Buhler Court,soxbiefl@edublogs.org,63-(321)773-8711
563,Mrs,Ollie Chadney,Male,1/06/2008,3819 Loeprich Plaza,ochadneyfm@technorati.com,7-(817)228-7463
564,Dr,Gianni Crilley,Male,31/12/2008,6 Annamark Street,gcrilleyfn@t-online.de,66-(694)886-9976
565,Dr,Gabrielle Riepl,Male,6/02/2008,62 Express Alley,grieplfo@businessweek.com,86-(663)630-3994
566,Honorable,Erica Mc Queen,Male,19/04/1984,65394 Corben Circle,emcfp@unblog.fr,86-(334)687-1536
567,Ms,Lowe Breakey,Female,8/09/2005,69176 Hooker Lane,lbreakeyfq@123-reg.co.uk,1-(319)347-7581
568,Honorable,Luciano Tollit,Male,28/09/1983,42 Reinke Terrace,ltollitfr@friendfeed.com,62-(501)170-6138
569,Mr,Mickie Wadsworth,Female,27/11/1989,9 Derek Road,mwadsworthfs@istockphoto.com,33-(190)715-0071
570,Mrs,Ilsa Barden,Female,1/04/2005,280 Onsgard Trail,ibardenft@bbc.co.uk,86-(624)126-4275
571,Honorable,Caressa Redsall,Male,30/10/1985,013 Donald Parkway,credsallfu@sakura.ne.jp,380-(675)333-1918
572,Rev,Cyb Terbrugge,Female,14/03/1989,2419 Riverside Terrace,cterbruggefv@opera.com,86-(842)114-8639
573,Ms,Irita Simondson,Female,25/01/1991,423 Fordem Hill,isimondsonfw@census.gov,63-(800)872-9893
574,Ms,Sibel Pothecary,Male,21/07/1986,79462 Oak Trail,spothecaryfx@delicious.com,507-(449)519-3720
575,Rev,Dasi Splevings,Female,8/05/1993,41277 Hazelcrest Hill,dsplevingsfy@flickr.com,47-(519)812-5000
576,Honorable,Agnese Cloy,Female,14/03/1988,99 Pond Trail,acloyfz@angelfire.com,93-(667)446-2296
577,Ms,Maitilde Sterley,Male,25/07/1998,4151 Duke Place,msterleyg0@myspace.com,62-(328)730-9115
578,Dr,Sara Joist,Female,23/03/1987,70098 Crescent Oaks Place,sjoistg1@clickbank.net,86-(726)734-8079
579,Mrs,Anjanette Huddles,Male,27/09/2006,4277 Buell Center,ahuddlesg2@dion.ne.jp,212-(885)593-1156
580,Honorable,Stesha Van der Baaren,Female,11/11/1987,69711 Riverside Circle,svang3@networksolutions.com,380-(642)928-7655
581,Ms,Natalina Shearmer,Male,28/01/2000,2952 La Follette Plaza,nshearmerg4@people.com.cn,358-(507)660-0959
582,Mrs,Terencio Monger,Female,29/12/1988,13 Bartillon Way,tmongerg5@berkeley.edu,261-(203)860-8423
583,Ms,Julee Stapylton,Male,27/11/1997,315 Lillian Lane,jstapyltong6@pinterest.com,57-(991)353-9659
584,Rev,Zebedee Montague,Female,1/09/2001,9645 Swallow Court,zmontagueg7@ftc.gov,237-(487)653-0636
585,Mr,Lothaire Comoletti,Male,23/10/1987,59684 Birchwood Crossing,lcomolettig8@pbs.org,62-(126)124-7027
586,Ms,Cecilla Kears,Male,7/03/2010,4229 Holy Cross Lane,ckearsg9@intel.com,86-(861)549-1224
587,Ms,Lindsey Hansen,Female,2/05/1989,59076 Annamark Way,lhansenga@mtv.com,351-(347)431-8026
588,Ms,Cammy Tejero,Male,1/11/1987,7 Roxbury Court,ctejerogb@eventbrite.com,1-(626)507-1234
589,Rev,Bea Vaneev,Male,11/03/1982,42 Glacier Hill Street,bvaneevgc@amazon.co.uk,385-(808)540-9288
590,Rev,Poppy Stilgo,Female,30/12/1985,896 Cascade Street,pstilgogd@themeforest.net,62-(459)807-2611
591,Ms,Derril Winscum,Female,7/09/1998,19 Charing Cross Parkway,dwinscumge@skype.com,7-(971)911-5156
592,Ms,Tamarah McKenny,Female,25/11/1997,266 Monterey Terrace,tmckennygf@un.org,20-(208)985-6728
593,Rev,Ogden Gehricke,Male,10/05/1983,2523 Blaine Street,ogehrickegg@home.pl,62-(926)167-4532
594,Ms,Rebbecca Byham,Male,3/12/1993,271 Hagan Trail,rbyhamgh@digg.com,86-(867)968-2206
595,Rev,Koralle Gillham,Male,16/11/1989,2 Transport Way,kgillhamgi@storify.com,86-(476)142-8008
596,Mr,Cristin Tollerton,Female,26/09/2005,16499 Washington Road,ctollertongj@yellowbook.com,504-(564)905-7869
597,Honorable,Ernesto Dupree,Female,28/07/1991,51461 Scott Plaza,edupreegk@imageshack.us,62-(153)805-0298
598,Mr,Karia Pernell,Male,9/04/2007,38557 Main Road,kpernellgl@bloglovin.com,351-(925)116-1873
599,Mrs,Isabeau Fulk,Female,6/03/1981,41 Doe Crossing Road,ifulkgm@usnews.com,55-(963)622-8578
600,Mr,Glen McKeevers,Female,20/02/1993,54494 Pearson Alley,gmckeeversgn@businessweek.com,46-(654)366-9317
601,Mr,Clara Cardoo,Female,15/06/1999,17 Jana Way,ccardoogo@tinypic.com,880-(206)283-0398
602,Rev,Willis Cromwell,Female,28/11/1991,43 Heffernan Drive,wcromwellgp@go.com,30-(326)714-8628
603,Mr,Wenona Remon,Male,19/11/1999,213 Forster Center,wremongq@cnn.com,7-(212)715-6794
604,Dr,Ingelbert Rossant,Female,27/03/1986,266 Hovde Street,irossantgr@pagesperso-orange.fr,33-(891)801-8273
605,Honorable,Nancee Tomaschke,Female,16/05/1984,1712 Butterfield Court,ntomaschkegs@census.gov,33-(482)648-6092
606,Ms,Ashien Ridsdole,Female,18/04/2000,4051 Corben Terrace,aridsdolegt@google.com.au,230-(127)105-4791
607,Mrs,Callean Kelwick,Female,23/10/1986,6725 Arrowood Plaza,ckelwickgu@typepad.com,63-(345)140-0535
608,Honorable,Oralia Rowena,Male,20/03/2008,44491 Golden Leaf Avenue,orowenagv@vkontakte.ru,63-(212)657-8394
609,Mr,Danni Lindenbaum,Male,12/10/2008,2284 Tony Center,dlindenbaumgw@blogtalkradio.com,389-(384)656-4914
610,Mrs,Dela Dominici,Female,26/11/1997,8704 Brentwood Terrace,ddominicigx@freewebs.com,962-(202)898-2945
611,Ms,Mildrid Crocumbe,Male,10/07/1999,17232 Hallows Pass,mcrocumbegy@rambler.ru,381-(841)896-4225
612,Mrs,Casey Naylor,Female,7/06/1985,924 Mosinee Junction,cnaylorgz@army.mil,7-(439)599-6915
613,Ms,Dinah Spurett,Female,17/07/1988,79974 Parkside Plaza,dspuretth0@msn.com,54-(708)278-8829
614,Mrs,Loleta Alpin,Female,26/08/1987,50455 Gerald Lane,lalpinh1@si.edu,27-(180)332-9977
615,Mr,Valentin Balaisot,Female,25/01/2002,4 International Crossing,vbalaisoth2@themeforest.net,351-(434)868-4468
616,Rev,Dodie Strutton,Male,24/01/1998,025 Arrowood Trail,dstruttonh3@bloomberg.com,48-(434)870-1362
617,Ms,Cameron Hawking,Female,25/09/1992,92969 Lindbergh Avenue,chawkingh4@wikispaces.com,46-(335)900-6729
618,Dr,Gerhardt Amberger,Female,29/05/1982,4 Canary Circle,gambergerh5@ycombinator.com,380-(981)701-1723
619,Rev,Tybi McFater,Male,28/11/1984,851 Glacier Hill Crossing,tmcfaterh6@oaic.gov.au,55-(873)160-1701
620,Honorable,Egor Hillborne,Female,21/04/2004,53 Granby Trail,ehillborneh7@google.fr,420-(420)148-1348
621,Mr,Rafaela Janousek,Male,20/04/1990,18 International Plaza,rjanousekh8@mozilla.org,86-(979)283-0635
622,Mrs,Kenna Broxis,Female,7/12/1980,3603 Westerfield Place,kbroxish9@163.com,855-(940)819-3577
623,Honorable,Ashlan Brise,Female,7/12/1994,906 Shasta Road,abriseha@who.int,84-(503)154-2704
624,Ms,Ingeborg Faro,Female,23/03/2007,628 Butterfield Avenue,ifarohb@posterous.com,355-(125)924-4740
625,Ms,Jerrilee Chasney,Male,26/10/1991,76199 Ludington Alley,jchasneyhc@pbs.org,62-(508)353-8223
626,Mrs,Ossie Dow,Male,21/07/1998,1 Golf Course Lane,odowhd@shop-pro.jp,1-(610)373-9437
627,Rev,Malinde Renackowna,Female,30/08/1989,55 Del Mar Park,mrenackownahe@plala.or.jp,63-(500)832-9373
628,Dr,Mariele Whatham,Male,16/05/1985,4564 Grover Circle,mwhathamhf@merriam-webster.com,386-(750)669-0938
629,Ms,Revkah Gierek,Female,18/12/1989,68089 Northwestern Avenue,rgierekhg@nhs.uk,1-(602)491-5048
630,Honorable,Emmalyn Leagas,Male,18/06/2003,75 Memorial Crossing,eleagashh@weibo.com,48-(897)568-9712
631,Dr,Far Westhoff,Female,18/09/1983,11302 Bartelt Lane,fwesthoffhi@hp.com,62-(545)311-3095
632,Honorable,Sindee MacTrustie,Male,29/03/1995,27 Upham Parkway,smactrustiehj@domainmarket.com,62-(147)688-1210
633,Mrs,Amabelle O'Dowgaine,Female,25/06/2003,1 Badeau Parkway,aodowgainehk@dailymail.co.uk,56-(978)122-8154
634,Rev,Kristina Lambdin,Female,13/10/1985,46252 Nelson Terrace,klambdinhl@oaic.gov.au,595-(549)310-6912
635,Mr,Spencer Sapshed,Female,26/06/2002,88 Hoard Lane,ssapshedhm@army.mil,62-(103)958-5059
636,Rev,Bone Grenville,Male,1/10/1986,0 Westport Hill,bgrenvillehn@hexun.com,86-(975)429-8646
637,Mrs,Jerry Travis,Male,10/02/2003,817 Cardinal Center,jtravisho@furl.net,27-(397)132-9512
638,Honorable,Richy Clemon,Male,21/12/2008,2 Donald Way,rclemonhp@princeton.edu,62-(689)589-1318
639,Ms,Ted Brason,Female,15/06/1981,7290 Caliangt Avenue,tbrasonhq@nationalgeographic.com,33-(331)368-5379
640,Honorable,Hanni Clifft,Female,14/10/2003,9180 Bartillon Circle,hcliffthr@ca.gov,62-(724)282-0738
641,Dr,Ulises Rispen,Male,23/03/1988,45 Granby Hill,urispenhs@mapquest.com,48-(596)222-5109
642,Rev,Hymie Chell,Female,5/11/1997,357 Talmadge Point,hchellht@icio.us,66-(715)526-1804
643,Mrs,Edouard Farnaby,Male,16/08/1992,45 Trailsway Park,efarnabyhu@irs.gov,55-(587)347-9089
644,Mr,Giavani Leyson,Female,26/03/2006,68 Debs Lane,gleysonhv@storify.com,62-(490)640-6912
645,Dr,Idell Perryn,Male,27/04/1987,7 Glacier Hill Crossing,iperrynhw@census.gov,62-(780)101-4395
646,Honorable,Kesley Tutt,Male,9/02/1985,70 Delaware Junction,ktutthx@webs.com,385-(606)531-6375
647,Ms,Aaren Kenewel,Male,24/09/1998,93032 Moulton Terrace,akenewelhy@list-manage.com,48-(476)461-2013
648,Honorable,Natalee Stranks,Female,17/08/2006,6 Hallows Street,nstrankshz@google.ca,34-(516)225-8642
649,Mr,Paolo GiacobbiniJacob,Male,14/01/2007,46161 Michigan Park,pgiacobbinijacobi0@xrea.com,994-(235)494-0556
650,Rev,Jakob Molohan,Male,5/04/1984,686 Mccormick Trail,jmolohani1@umich.edu,66-(367)520-0901
651,Honorable,Anallese Boniface,Male,13/09/2008,326 Stoughton Way,abonifacei2@behance.net,33-(877)222-4523
652,Mrs,Gabie Mara,Female,9/04/1985,93 Sunnyside Park,gmarai3@oakley.com,86-(700)589-2427
653,Dr,Domeniga Glassman,Male,6/10/1991,584 Loftsgordon Street,dglassmani4@rambler.ru,86-(973)668-8100
654,Mrs,Martyn Spohr,Male,20/10/1994,649 Sauthoff Place,mspohri5@un.org,504-(424)846-6918
655,Ms,Bertine Misken,Female,3/02/2004,4 4th Point,bmiskeni6@usa.gov,64-(722)596-5300
656,Honorable,Durant Spridgeon,Female,6/06/1997,12237 Colorado Pass,dspridgeoni7@imdb.com,1-(407)376-1768
657,Mrs,Flora Petriello,Female,30/12/1992,57972 Hudson Terrace,fpetrielloi8@aboutads.info,372-(839)907-8829
658,Mrs,Valery Bolmann,Male,14/03/2005,1 Dryden Court,vbolmanni9@umich.edu,86-(612)418-6225
659,Ms,Cross Kirkman,Female,7/12/1996,290 West Place,ckirkmania@deviantart.com,62-(746)914-0328
660,Mr,Oralie Shermar,Male,25/10/1999,150 Red Cloud Plaza,oshermarib@tmall.com,7-(468)471-3165
661,Mr,Culver Burmingham,Male,4/03/2009,138 Meadow Vale Park,cburminghamic@usatoday.com,86-(743)630-4644
662,Mrs,Ann Paulley,Male,20/04/2005,6 Gulseth Court,apaulleyid@e-recht24.de,242-(424)289-9958
663,Honorable,Wynn Robker,Male,8/10/2009,8698 Blaine Crossing,wrobkerie@alexa.com,86-(785)235-3855
664,Dr,Jabez Boribal,Female,27/10/1998,75717 Pennsylvania Avenue,jboribalif@wikipedia.org,86-(506)206-7144
665,Dr,Les Vernalls,Male,7/01/1987,5 Carey Parkway,lvernallsig@narod.ru,591-(297)854-6545
666,Honorable,Codi Regitz,Female,15/08/2007,5 Lakewood Plaza,cregitzih@mysql.com,62-(949)732-1697
667,Rev,Paola St. Aubyn,Female,25/09/1995,0610 Banding Circle,pstii@dagondesign.com,351-(865)200-6814
668,Rev,Carlin Bouskill,Female,5/03/1986,3 Helena Hill,cbouskillij@twitpic.com,63-(879)157-8267
669,Ms,Margit Clearley,Female,24/02/1998,9 Nelson Junction,mclearleyik@springer.com,86-(483)350-9738
670,Honorable,Burton Robertot,Female,20/10/1998,71942 Clove Pass,brobertotil@goodreads.com,33-(269)994-8883
671,Mrs,Kendell Barbour,Female,5/06/2008,9939 Westend Junction,kbarbourim@statcounter.com,20-(582)689-6457
672,Dr,Shirlene Tilsley,Female,27/04/2007,659 Fisk Drive,stilsleyin@g.co,63-(131)526-8484
673,Rev,Allie Seif,Female,30/12/1980,60389 Mockingbird Hill,aseifio@ibm.com,1-(850)199-0624
674,Mrs,Woodie Birchall,Female,1/02/2000,3 Messerschmidt Trail,wbirchallip@who.int,62-(641)338-2793
675,Honorable,Isabelle Goldsmith,Male,14/07/2001,359 Melrose Center,igoldsmithiq@jimdo.com,86-(717)116-1297
676,Honorable,Rayna Ferroni,Male,5/03/1995,43 Corscot Lane,rferroniir@xinhuanet.com,86-(822)899-1517
677,Mr,Viviana MacComiskey,Male,17/08/1985,25 East Alley,vmaccomiskeyis@theguardian.com,994-(576)413-0048
678,Rev,Jaclyn Penhaligon,Male,7/01/2002,12066 Monterey Avenue,jpenhaligonit@whitehouse.gov,86-(362)757-9958
679,Mrs,Emmott Dudek,Male,20/09/1981,39268 Dottie Center,edudekiu@yolasite.com,62-(471)804-2717
680,Mrs,Kelley Cutchie,Male,4/09/1980,27 Brickson Park Circle,kcutchieiv@toplist.cz,86-(535)593-8848
681,Honorable,Ursulina Mumbey,Female,5/01/2000,963 Stang Street,umumbeyiw@chicagotribune.com,351-(823)633-2260
682,Mrs,Griffie Justice,Female,29/07/1995,1393 Lerdahl Avenue,gjusticeix@mail.ru,7-(265)971-2890
683,Mrs,Alverta Jellings,Male,29/12/2004,84325 Loeprich Alley,ajellingsiy@paginegialle.it,27-(704)427-1996
684,Mrs,Betty Chicotti,Male,12/01/2002,00 Sage Parkway,bchicottiiz@illinois.edu,41-(227)624-5893
685,Rev,Claire Peche,Female,20/04/1989,706 Farragut Court,cpechej0@kickstarter.com,86-(909)583-2320
686,Mrs,Morris Fery,Female,21/06/1999,14 Iowa Junction,mferyj1@dagondesign.com,55-(201)526-1410
687,Rev,Minni Elgy,Female,12/01/1994,5802 Parkside Alley,melgyj2@cmu.edu,976-(519)160-8023
688,Mr,Chevalier Basile,Female,4/01/1992,39724 Hanson Court,cbasilej3@jiathis.com,7-(653)951-3618
689,Ms,Adrian Hambribe,Male,17/06/2003,08417 Grim Alley,ahambribej4@odnoklassniki.ru,7-(178)118-0799
690,Ms,Prisca Skynner,Female,31/12/2009,18395 Buell Street,pskynnerj5@google.ca,55-(800)986-7772
691,Ms,Jamima Avramovsky,Male,14/08/1994,1648 Arizona Pass,javramovskyj6@ucla.edu,86-(323)670-5712
692,Ms,Remus Woolcocks,Female,13/08/1999,1511 Canary Plaza,rwoolcocksj7@usnews.com,358-(599)511-0607
693,Mrs,Demott Moreton,Female,18/03/1992,851 Briar Crest Park,dmoretonj8@infoseek.co.jp,351-(991)110-8932
694,Rev,Ted Rangeley,Female,4/07/2004,8 Havey Road,trangeleyj9@disqus.com,62-(469)454-2173
695,Mr,Lottie Skillington,Male,3/02/1987,8448 Fairfield Drive,lskillingtonja@google.com.hk,98-(397)533-2018
696,Mrs,Sheffield Thorogood,Female,16/10/1993,235 Crownhardt Drive,sthorogoodjb@theglobeandmail.com,48-(417)493-4301
697,Rev,Dall Rosberg,Male,12/03/2004,5 Gerald Place,drosbergjc@sfgate.com,62-(464)886-5746
698,Dr,Brenda Chantillon,Female,8/03/1987,17 Mcguire Crossing,bchantillonjd@telegraph.co.uk,86-(740)379-3785
699,Ms,Britni Bilfoot,Male,9/07/1998,4 La Follette Trail,bbilfootje@disqus.com,86-(976)454-8399
700,Mrs,Mathe Proudler,Female,15/12/1991,79 Daystar Terrace,mproudlerjf@discuz.net,86-(702)254-9540
701,Dr,Lusa Roddell,Female,22/12/1989,3 Killdeer Plaza,lroddelljg@amazon.de,86-(826)612-7162
702,Mr,Aaren Downes,Male,15/08/1981,700 Eastwood Point,adownesjh@parallels.com,57-(655)801-8623
703,Rev,Devland Pass,Female,2/07/2007,74 Kenwood Park,dpassji@cdc.gov,55-(474)649-1509
704,Honorable,Mady Batterham,Male,24/02/1990,1 Pearson Plaza,mbatterhamjj@abc.net.au,81-(345)498-5643
705,Rev,Adrianne Boram,Female,14/09/1999,1 Dorton Plaza,aboramjk@stumbleupon.com,48-(949)630-7530
706,Rev,Kristopher Aleksankov,Male,2/08/1995,74836 Anniversary Point,kaleksankovjl@wired.com,7-(607)113-3885
707,Mrs,Dorothea Gallyon,Female,11/06/1983,4838 Waxwing Alley,dgallyonjm@furl.net,62-(308)618-5735
708,Dr,Jermaine Clinkard,Female,6/02/2008,66 Laurel Way,jclinkardjn@angelfire.com,30-(736)769-0938
709,Dr,Rich Dregan,Female,11/03/1985,39702 Namekagon Court,rdreganjo@topsy.com,81-(812)934-0063
710,Rev,Cherilynn Batho,Male,3/02/2005,70 Saint Paul Lane,cbathojp@unblog.fr,86-(800)314-6730
711,Honorable,Orel Torregiani,Male,19/10/1994,950 Larry Way,otorregianijq@auda.org.au,7-(351)750-5264
712,Mrs,Berti Kilgannon,Male,23/06/2008,3281 Reindahl Crossing,bkilgannonjr@people.com.cn,1-(274)475-3096
713,Dr,Vitoria Baybutt,Male,21/04/1984,78 Fremont Center,vbaybuttjs@exblog.jp,358-(794)400-3874
714,Mr,Annetta Ivchenko,Male,27/11/1996,49971 David Terrace,aivchenkojt@npr.org,234-(134)230-3161
715,Honorable,Deidre Rillatt,Male,22/01/1995,758 Eagle Crest Center,drillattju@cloudflare.com,86-(801)381-6509
716,Rev,Revkah Chezelle,Female,14/05/1989,9 Buena Vista Road,rchezellejv@indiegogo.com,380-(500)160-2569
717,Mrs,Roderic Mc Caughen,Female,30/06/2007,367 Old Shore Hill,rmcjw@a8.net,86-(637)704-2667
718,Dr,Kiley Lindroos,Male,4/07/2002,2724 Eggendart Center,klindroosjx@liveinternet.ru,62-(478)683-7816
719,Dr,Arvy Ginty,Female,6/11/2008,03191 Warner Point,agintyjy@seattletimes.com,355-(872)263-7630
720,Ms,Goldy Maren,Male,17/12/1982,2705 Express Terrace,gmarenjz@arizona.edu,27-(850)459-2815
721,Rev,Debra Housam,Male,5/03/1991,3358 Park Meadow Point,dhousamk0@reverbnation.com,218-(532)715-6784
722,Rev,Genvieve Bumford,Male,12/09/2001,31430 Sunfield Pass,gbumfordk1@dailymail.co.uk,358-(460)419-7984
723,Mrs,Roxanne Guyonneau,Male,24/12/1996,7 Swallow Point,rguyonneauk2@sphinn.com,63-(908)917-9948
724,Honorable,Annaliese Marland,Female,16/10/2009,29 Lunder Place,amarlandk3@amazon.com,380-(368)715-1150
725,Mrs,Hewet Narramor,Female,2/02/2003,77101 Hallows Road,hnarramork4@webeden.co.uk,66-(997)370-7716
726,Dr,Julia Leblanc,Female,16/10/1996,14837 Commercial Crossing,jleblanck5@shop-pro.jp,62-(719)353-1247
727,Ms,Galvan Balogun,Female,2/06/2003,961 Mariners Cove Road,gbalogunk6@godaddy.com,55-(607)996-0528
728,Mr,Delinda Forge,Female,14/02/1986,32 Westridge Junction,dforgek7@slashdot.org,94-(701)802-6557
729,Dr,Quinn Lound,Female,19/02/1985,1363 Dennis Lane,qloundk8@cnbc.com,62-(696)550-4640
730,Honorable,Fancie Hayter,Male,21/09/1980,78 Colorado Terrace,fhayterk9@nhs.uk,7-(118)709-5273
731,Ms,Maiga Beade,Male,15/05/1997,0 Montana Crossing,mbeadeka@xinhuanet.com,265-(294)428-3938
732,Ms,Tommie Dahlbom,Female,22/10/2004,97720 Anderson Hill,tdahlbomkb@dagondesign.com,62-(820)657-1587
733,Rev,Rancell Becconsall,Male,12/04/2002,831 Menomonie Point,rbecconsallkc@aol.com,383-(711)228-4144
734,Rev,Iain Kalinovich,Female,10/09/1985,003 Daystar Junction,ikalinovichkd@so-net.ne.jp,1-(754)315-4583
735,Dr,Wynn Beagles,Male,29/06/2009,699 Mockingbird Crossing,wbeagleske@china.com.cn,27-(270)619-8901
736,Ms,Alex Maciaszczyk,Female,4/07/1994,241 Norway Maple Road,amaciaszczykkf@nifty.com,7-(922)820-5971
737,Honorable,Dennis Hansman,Male,14/11/2002,29 Hazelcrest Plaza,dhansmankg@state.gov,385-(541)125-9653
738,Ms,Rustin Goodbanne,Male,9/06/1987,4757 Fulton Lane,rgoodbannekh@sakura.ne.jp,86-(453)977-2749
739,Mrs,Micheal Yorston,Male,26/05/1984,914 2nd Junction,myorstonki@elpais.com,359-(575)183-0360
740,Mrs,Marilin Braban,Female,10/06/1995,43 Independence Terrace,mbrabankj@oracle.com,48-(655)983-4278
741,Mr,Annabelle Lesurf,Female,19/07/1983,41 Barnett Drive,alesurfkk@cornell.edu,967-(975)586-9069
742,Mr,Aurea Kerslake,Female,5/10/2005,2 Sauthoff Way,akerslakekl@live.com,66-(310)189-5363
743,Honorable,Filberte Cage,Male,9/07/1993,1421 Wayridge Crossing,fcagekm@weibo.com,507-(762)719-3220
744,Honorable,Collete Danilewicz,Male,3/09/1989,713 Utah Point,cdanilewiczkn@odnoklassniki.ru,60-(406)493-1255
745,Mr,Mei Deftie,Female,4/12/1984,70 Crescent Oaks Way,mdeftieko@independent.co.uk,86-(627)719-5062
746,Mrs,Les Turfs,Female,2/07/2002,94681 Thackeray Crossing,lturfskp@washingtonpost.com,351-(875)357-1107
747,Mr,Chere Lorente,Female,28/08/1994,0 Cody Plaza,clorentekq@go.com,63-(950)562-1757
748,Ms,Cornall Guppey,Female,8/01/1982,23 Ramsey Drive,cguppeykr@oakley.com,63-(140)158-4574
749,Mrs,Dwight Ramel,Male,5/07/2002,77 Harper Hill,dramelks@shinystat.com,52-(930)992-0600
750,Mr,Minor Cruttenden,Male,15/08/2002,590 Merrick Hill,mcruttendenkt@washingtonpost.com,63-(839)744-8983
751,Rev,Korella Vowdon,Female,22/05/1986,0304 East Crossing,kvowdonku@1688.com,1-(319)914-4946
752,Dr,Ulick Barneville,Male,17/05/1981,057 Pleasure Terrace,ubarnevillekv@ebay.com,1-(786)687-9948
753,Mr,Christal Posthill,Male,6/07/2005,024 Artisan Road,cposthillkw@ted.com,55-(209)906-0366
754,Rev,Marylinda Giacomazzo,Female,11/10/2004,35 Red Cloud Place,mgiacomazzokx@amazon.de,86-(676)763-7501
755,Rev,Merrill Cready,Female,21/07/1980,7421 Nancy Street,mcreadyky@sciencedirect.com,57-(791)851-5059
756,Mrs,Gwenora Brekonridge,Male,6/03/2010,8783 Prairieview Trail,gbrekonridgekz@aboutads.info,968-(937)216-0478
757,Ms,Knox Kubanek,Male,20/02/1989,3 East Way,kkubanekl0@webmd.com,55-(357)743-9784
758,Mr,Henry Kingzett,Female,18/10/2008,87 Village Park,hkingzettl1@webmd.com,86-(216)666-7160
759,Dr,Kizzee Hargate,Male,24/02/1998,816 Bayside Circle,khargatel2@trellian.com,54-(809)584-2892
760,Mr,Carmel Selby,Male,31/10/2006,532 Towne Lane,cselbyl3@zdnet.com,7-(838)966-6389
761,Mrs,Mabel Cranmor,Female,3/10/2009,90 Meadow Valley Park,mcranmorl4@youtube.com,62-(630)676-8408
762,Rev,Nike Notley,Male,4/01/1983,293 Miller Hill,nnotleyl5@wikipedia.org,227-(579)590-5763
763,Mrs,Mellie Rasell,Male,19/03/1982,67559 Quincy Point,mraselll6@prweb.com,33-(448)126-4032
764,Mrs,Kalli Greaterex,Female,9/08/1983,49 Utah Drive,kgreaterexl7@meetup.com,55-(952)990-8808
765,Ms,Umeko Oliphard,Male,28/01/2000,7 Clemons Terrace,uoliphardl8@bbc.co.uk,86-(110)361-6249
766,Rev,Ysabel Guiton,Female,29/10/1994,33235 Kipling Lane,yguitonl9@fc2.com,81-(825)658-1101
767,Dr,Heidie Jorge,Female,18/12/1999,062 Duke Alley,hjorgela@census.gov,850-(176)434-8119
768,Rev,Ardys O'Grogane,Male,14/10/2006,249 Novick Court,aogroganelb@bluehost.com,86-(158)121-4493
769,Honorable,Shae Pennigar,Female,29/03/2004,24550 Main Center,spennigarlc@stanford.edu,86-(764)256-0585
770,Dr,Paolo Besnard,Male,2/07/2000,6 Monument Avenue,pbesnardld@springer.com,92-(128)523-2312
771,Mr,Linda Stollmeyer,Female,3/06/2009,4 Swallow Drive,lstollmeyerle@csmonitor.com,54-(486)233-9132
772,Ms,Codie Sulman,Male,23/05/2009,8 Mayfield Court,csulmanlf@forbes.com,86-(150)821-9675
773,Dr,Philip Farnin,Male,23/07/1982,089 Old Shore Pass,pfarninlg@apple.com,98-(328)731-5788
774,Ms,Jerrilee Mounter,Male,20/11/1986,97410 Homewood Road,jmounterlh@reddit.com,48-(313)665-1902
775,Honorable,Francoise Logue,Male,21/04/1991,7214 Texas Park,flogueli@chronoengine.com,48-(470)354-0533
776,Honorable,Clarinda Belsham,Male,6/02/1989,022 Elgar Plaza,cbelshamlj@amazon.com,62-(413)348-5007
777,Mr,Josias Rawlinson,Male,3/07/1983,19160 Algoma Alley,jrawlinsonlk@hatena.ne.jp,86-(520)245-3982
778,Rev,Lezlie Dyton,Female,28/03/2003,7 Atwood Drive,ldytonll@youku.com,86-(736)381-1961
779,Dr,Jase Archanbault,Male,2/05/1982,32 Warner Terrace,jarchanbaultlm@hostgator.com,7-(466)709-2059
780,Honorable,Renata Newport,Female,28/06/1993,8669 Onsgard Alley,rnewportln@sakura.ne.jp,970-(283)603-7471
781,Mrs,Candi Swett,Female,26/03/2005,4 Golden Leaf Avenue,cswettlo@independent.co.uk,86-(298)480-0600
782,Dr,Jewell Suggey,Male,13/11/1980,66 4th Pass,jsuggeylp@gov.uk,420-(719)572-0753
783,Honorable,Farleigh Harder,Male,25/06/1988,5582 Blue Bill Park Alley,fharderlq@businessweek.com,63-(375)353-0632
784,Honorable,Lucretia Feacham,Male,9/08/2005,48186 Harbort Terrace,lfeachamlr@ihg.com,57-(711)993-1189
785,Rev,Gottfried Croan,Female,26/09/1988,734 Comanche Hill,gcroanls@nymag.com,7-(827)275-6195
786,Honorable,Yvette Petrak,Female,28/05/2002,0538 Northport Hill,ypetraklt@networkadvertising.org,86-(655)669-6122
787,Rev,Kippy Crackel,Female,24/02/2003,74537 Ronald Regan Plaza,kcrackellu@home.pl,63-(661)384-9239
788,Mrs,Jdavie Uttridge,Female,9/05/2004,76937 Valley Edge Circle,juttridgelv@pen.io,52-(941)602-3730
789,Mr,Charley Sallenger,Female,15/04/1991,100 Everett Trail,csallengerlw@goodreads.com,62-(455)479-0191
790,Dr,Rufus Juszczyk,Female,9/02/1987,18 Dottie Hill,rjuszczyklx@elpais.com,86-(155)837-3096
791,Dr,Derwin Ricardot,Female,22/04/1995,02938 Green Street,dricardotly@ucsd.edu,46-(288)509-0950
792,Ms,Barry Skipton,Male,5/11/1990,5766 Brentwood Place,bskiptonlz@discuz.net,86-(336)275-3119
793,Ms,Maxie Rowet,Female,1/12/1984,98751 Vernon Avenue,mrowetm0@nasa.gov,62-(999)616-0907
794,Rev,Melba Kettel,Male,16/12/1987,140 Mcguire Lane,mkettelm1@miitbeian.gov.cn,86-(140)165-8408
795,Ms,Lorrin Laval,Male,8/06/1989,668 Eastlawn Street,llavalm2@google.nl,86-(903)831-0810
796,Dr,Willem Bidmead,Female,1/11/1994,45 Kedzie Junction,wbidmeadm3@wisc.edu,48-(452)784-1207
797,Ms,Wilie Gadeaux,Female,19/06/1991,6973 West Circle,wgadeauxm4@dailymail.co.uk,7-(973)259-4497
798,Honorable,Aggy Lardner,Female,24/04/1994,95604 Westport Drive,alardnerm5@a8.net,27-(407)339-7188
799,Mr,Cchaddie Torrese,Female,8/09/1990,9 Duke Pass,ctorresem6@nsw.gov.au,86-(211)475-1717
800,Rev,Adrien White,Female,2/03/1987,9 Judy Trail,awhitem7@cisco.com,36-(502)221-4664
801,Mrs,Carlo Castelijn,Male,10/11/2000,79 Boyd Drive,ccastelijnm8@nhs.uk,93-(712)164-7757
802,Ms,Hank Readshall,Male,29/04/1993,4 Thompson Terrace,hreadshallm9@taobao.com,33-(752)333-9448
803,Mr,Hubie Yardy,Female,18/05/2003,05 Shopko Pass,hyardyma@google.pl,63-(410)115-3623
804,Honorable,Allen Harkins,Female,27/11/1986,321 Boyd Drive,aharkinsmb@pbs.org,86-(777)212-8694
805,Ms,Hildegarde Barabich,Female,9/11/2006,25 Kingsford Park,hbarabichmc@zimbio.com,62-(392)807-6320
806,Rev,Joby Mityakov,Female,9/07/1989,24 Schmedeman Drive,jmityakovmd@paginegialle.it,46-(223)789-2610
807,Mr,Fairfax Tolcharde,Male,16/04/1982,50 Huxley Pass,ftolchardeme@google.ca,54-(305)677-2227
808,Mr,Rocky Murrill,Male,17/03/1996,153 Green Ridge Alley,rmurrillmf@dell.com,86-(563)811-2515
809,Rev,Gerty Schuchmacher,Male,27/03/2006,4963 Kropf Park,gschuchmachermg@chronoengine.com,380-(854)551-3207
810,Mr,Arlette Edgcumbe,Male,22/07/1988,5481 Tennyson Center,aedgcumbemh@shutterfly.com,7-(134)902-6253
811,Mrs,Keely Hoyte,Female,12/09/1998,5044 Loftsgordon Drive,khoytemi@gnu.org,998-(363)385-5362
812,Dr,Donica Pizzie,Female,22/11/2009,5650 Schlimgen Court,dpizziemj@alexa.com,86-(525)354-1535
813,Ms,Isabeau Kytter,Female,12/10/1998,9347 Fieldstone Street,ikyttermk@nationalgeographic.com,30-(734)101-2126
814,Dr,Gasparo Asken,Female,26/11/1982,52 Londonderry Plaza,gaskenml@aol.com,86-(533)608-2517
815,Honorable,Renelle Meeks,Female,9/10/2009,9808 Burning Wood Plaza,rmeeksmm@pbs.org,1-(260)866-6041
816,Honorable,Salomone Kyston,Female,1/05/1985,649 Fallview Point,skystonmn@unicef.org,98-(341)331-2023
817,Rev,Darline Olland,Male,25/12/2001,9541 Veith Terrace,dollandmo@thetimes.co.uk,48-(737)885-7469
818,Honorable,Chiquita Avrashin,Female,4/11/2002,94 Crownhardt Trail,cavrashinmp@paypal.com,62-(449)901-0412
819,Dr,Tracy Sartain,Female,24/03/2006,6 Oneill Plaza,tsartainmq@bloglines.com,48-(578)285-6003
820,Honorable,Adrea Mazey,Male,22/07/2001,3 Northwestern Road,amazeymr@wsj.com,420-(261)293-2657
821,Ms,Mureil Haslehurst,Male,3/01/1990,478 Monica Center,mhaslehurstms@photobucket.com,36-(211)888-8608
822,Mrs,Domenico Calderbank,Female,22/08/2002,55022 Morning Street,dcalderbankmt@psu.edu,86-(230)700-4281
823,Honorable,Brunhilde Hale,Female,1/09/1983,6769 Tomscot Plaza,bhalemu@adobe.com,252-(215)159-6364
824,Rev,Benny Escala,Male,8/05/1982,4 Judy Center,bescalamv@sciencedirect.com,46-(870)841-3609
825,Dr,Moritz Fruish,Male,7/04/2004,8835 Pepper Wood Drive,mfruishmw@toplist.cz,86-(281)263-9506
826,Mr,Hagen Dunbavin,Male,17/03/1995,442 Lotheville Lane,hdunbavinmx@mail.ru,34-(156)419-7159
827,Dr,Merci Barde,Female,14/01/1981,292 Sutteridge Alley,mbardemy@acquirethisname.com,55-(927)363-0231
828,Mrs,Trixie Browncey,Female,16/03/1993,95 Pawling Hill,tbrownceymz@shinystat.com,63-(124)163-1926
829,Mr,Trumann Paget,Male,12/03/2009,6806 Cordelia Street,tpagetn0@flickr.com,86-(167)704-3133
830,Rev,Ewan Tewes,Male,21/08/1984,8142 Spaight Road,etewesn1@cdc.gov,7-(364)697-7311
831,Dr,Bent Prydie,Male,14/08/1991,11767 Scott Drive,bprydien2@edublogs.org,66-(376)863-9428
832,Mrs,Donal Boggish,Female,29/01/1996,778 Derek Trail,dboggishn3@networksolutions.com,86-(664)707-4761
833,Dr,Vernice MacIlraith,Female,20/02/1988,7 La Follette Point,vmacilraithn4@nhs.uk,52-(690)213-4026
834,Honorable,Benedicta Tourry,Female,1/11/1996,5 Mendota Avenue,btourryn5@free.fr,7-(331)258-9265
835,Mr,Skippie Gieraths,Male,24/12/2007,9106 Duke Circle,sgierathsn6@guardian.co.uk,66-(768)716-9900
836,Ms,Merrill Markwell,Female,12/07/1987,68675 Havey Street,mmarkwelln7@army.mil,81-(363)410-7777
837,Rev,Drake Twigg,Male,29/01/2008,755 Spaight Court,dtwiggn8@hc360.com,53-(150)164-5990
838,Mr,Baudoin Gosson,Male,2/11/1999,2034 Killdeer Avenue,bgossonn9@ca.gov,387-(838)731-5347
839,Mr,Ricca Symms,Female,13/10/2009,37 Red Cloud Alley,rsymmsna@tamu.edu,55-(677)739-4374
840,Rev,Ansel Hadenton,Male,2/11/1986,63 Homewood Alley,ahadentonnb@wordpress.org,351-(222)183-9871
841,Mr,Johan Rainsbury,Female,14/06/1984,0 Kings Road,jrainsburync@earthlink.net,66-(591)763-5413
842,Honorable,Royce Kohrding,Male,25/06/1981,82 Northfield Lane,rkohrdingnd@ucoz.ru,86-(706)187-0028
843,Honorable,Dag Fehners,Male,12/05/1984,6965 Westend Park,dfehnersne@simplemachines.org,234-(554)440-6534
844,Honorable,Cointon Gierardi,Male,30/12/2009,42249 Annamark Crossing,cgierardinf@imageshack.us,86-(153)335-7458
845,Mr,Bobina Ivanikhin,Male,16/03/1997,6 La Follette Park,bivanikhinng@usgs.gov,63-(870)887-1934
846,Mr,Shirlene Summerson,Male,1/04/1985,10 Badeau Junction,ssummersonnh@reuters.com,351-(928)273-7805
847,Mr,Lizzy Malster,Female,5/01/2009,45909 Garrison Pass,lmalsterni@vimeo.com,92-(915)520-4400
848,Mrs,Neill Pettie,Female,21/04/1981,89087 Rockefeller Court,npettienj@vinaora.com,351-(767)854-9774
849,Honorable,Genna Blakebrough,Female,7/09/1997,0848 Memorial Junction,gblakebroughnk@barnesandnoble.com,7-(460)556-8449
850,Mrs,Romona Tripcony,Male,17/08/1992,94 Little Fleur Avenue,rtripconynl@cafepress.com,55-(687)857-5771
851,Mrs,Lettie Mateuszczyk,Male,5/04/1991,370 Knutson Trail,lmateuszczyknm@ow.ly,63-(875)409-9772
852,Rev,Cindra Semken,Female,26/05/1995,094 Lighthouse Bay Trail,csemkennn@ycombinator.com,33-(818)449-5737
853,Dr,Drud Luke,Male,8/08/1989,99 Stephen Crossing,dlukeno@yale.edu,380-(800)968-9291
854,Dr,Burl Woodfin,Female,30/04/1983,902 Spenser Plaza,bwoodfinnp@topsy.com,51-(844)254-0360
855,Mrs,Candace Sauvage,Male,17/07/1998,3413 Pleasure Point,csauvagenq@qq.com,55-(445)471-1236
856,Rev,Brant De Gogay,Male,25/10/1989,945 Village Road,bdenr@youtube.com,33-(770)122-5095
857,Rev,Pepi Wessel,Female,13/09/2005,2253 Clyde Gallagher Terrace,pwesselns@devhub.com,62-(948)212-5648
858,Honorable,Charline Cannavan,Male,30/12/1991,10 Bellgrove Pass,ccannavannt@yahoo.co.jp,62-(786)806-9595
859,Ms,Elie Figger,Female,12/07/1989,1121 Valley Edge Street,efiggernu@tripod.com,1-(617)592-9859
860,Honorable,Lyndsay Lord,Male,17/10/2001,1 Mandrake Trail,llordnv@ask.com,52-(556)971-5994
861,Ms,Teri Yeulet,Female,1/09/1988,98 Victoria Alley,tyeuletnw@noaa.gov,63-(856)487-5612
862,Mrs,Penni Heard,Male,20/07/2005,593 Mifflin Alley,pheardnx@go.com,81-(202)712-8933
863,Honorable,Hyacintha Gedney,Female,22/08/1994,5 Buhler Court,hgedneyny@flickr.com,93-(825)863-0830
864,Ms,Ashley Gallamore,Male,27/08/1990,7 Lukken Street,agallamorenz@vkontakte.ru,63-(864)762-7496
865,Rev,Janenna Danielsson,Male,8/06/2004,12122 Dakota Alley,jdanielssono0@europa.eu,256-(297)784-0002
866,Rev,Rozalin Sandford,Female,5/10/2006,59 Warrior Street,rsandfordo1@cnn.com,387-(118)508-3818
867,Dr,Oliy McGowran,Male,24/08/2008,66599 Blackbird Junction,omcgowrano2@ifeng.com,33-(329)773-2994
868,Ms,Keenan Shiel,Male,17/08/2009,6252 Magdeline Park,kshielo3@technorati.com,86-(423)476-7051
869,Honorable,Ezekiel Kuzemka,Female,15/04/1992,40 Clarendon Avenue,ekuzemkao4@desdev.cn,86-(830)414-6120
870,Dr,Olva Dubber,Female,9/09/2000,7737 Shopko Center,odubbero5@4shared.com,63-(910)432-2082
871,Mrs,Stormie Dwane,Female,3/07/2000,61 Muir Park,sdwaneo6@de.vu,33-(939)462-1180
872,Mr,Ciel Loder,Male,18/08/2002,6 Jackson Crossing,clodero7@ucsd.edu,20-(690)228-1023
873,Honorable,Kandy Wilcocks,Female,31/08/1990,6 Westerfield Hill,kwilcockso8@fotki.com,256-(422)330-7597
874,Ms,Trixie Tesh,Male,1/04/1990,446 Northport Lane,ttesho9@stanford.edu,86-(840)355-7836
875,Mrs,Leeland Cody,Male,17/07/1997,508 Shoshone Hill,lcodyoa@wired.com,20-(729)813-0918
876,Dr,Sara Pidgen,Male,13/02/2001,564 Ruskin Terrace,spidgenob@free.fr,374-(214)426-5609
877,Rev,Joli Lodovichi,Male,10/03/2009,83392 Merry Terrace,jlodovichioc@so-net.ne.jp,86-(778)417-3623
878,Mrs,Drew Tantrum,Female,16/09/2008,71 Comanche Court,dtantrumod@xing.com,60-(191)869-0470
879,Ms,Fernanda Jindrak,Male,7/09/2000,839 Crowley Drive,fjindrakoe@google.com.hk,359-(615)966-6591
880,Honorable,Baily Royste,Female,5/02/1993,1474 Di Loreto Court,broysteof@yelp.com,994-(427)614-4533
881,Mrs,Perry Coursor,Female,5/03/1997,4291 Warrior Circle,pcoursorog@sun.com,86-(407)513-3746
882,Dr,Case Sebley,Male,10/11/1995,106 Harbort Trail,csebleyoh@hhs.gov,86-(266)920-9976
883,Mrs,Eadith de Aguirre,Male,18/05/1999,67771 Delladonna Junction,edeoi@nasa.gov,7-(305)876-5613
884,Honorable,Vita McQuilkin,Female,18/07/2007,82 Division Junction,vmcquilkinoj@answers.com,7-(353)602-6386
885,Dr,Anastasie Rouby,Female,30/07/1995,66 Sundown Plaza,aroubyok@smugmug.com,501-(172)646-9502
886,Mr,Orrin Bennit,Female,20/03/1994,8508 Hoffman Lane,obennitol@slashdot.org,380-(967)783-9741
887,Mr,Merrick Slatford,Male,29/08/1981,8072 Di Loreto Center,mslatfordom@storify.com,7-(743)418-3718
888,Mrs,Leonard Cathro,Female,15/07/2004,8 Raven Road,lcathroon@indiatimes.com,31-(984)647-1298
889,Honorable,Linn Trout,Male,20/01/2008,40 Loeprich Crossing,ltroutoo@ibm.com,420-(958)842-3897
890,Dr,Delora Berge,Female,19/08/1988,56 Namekagon Crossing,dbergeop@marketwatch.com,62-(523)344-7361
891,Honorable,Casi Nathan,Male,30/03/2008,89114 Buhler Parkway,cnathanoq@reverbnation.com,51-(575)989-0868
892,Mr,Caitlin Titterell,Male,28/04/2005,90494 Forest Run Road,ctitterellor@kickstarter.com,86-(374)907-4352
893,Dr,Leesa Jessen,Male,19/02/2007,010 Magdeline Way,ljessenos@hud.gov,86-(315)129-2789
894,Mr,Marion Staggs,Male,17/05/1981,29 Eggendart Drive,mstaggsot@360.cn,62-(293)655-1934
895,Mr,Angy Gawke,Male,25/08/2004,502 Jackson Crossing,agawkeou@simplemachines.org,62-(154)260-0889
896,Ms,Kimbell Cutcliffe,Male,14/11/2009,5005 Longview Trail,kcutcliffeov@ted.com,385-(984)869-5561
897,Honorable,Eal Joskovitch,Male,24/02/1993,63 Russell Way,ejoskovitchow@domainmarket.com,62-(874)346-1120
898,Mrs,Ryon Tuffrey,Male,6/06/1985,9 Maple Trail,rtuffreyox@desdev.cn,86-(530)157-3940
899,Mr,Gardener Iwanczyk,Male,14/03/1981,59228 Lien Park,giwanczykoy@tripadvisor.com,86-(596)954-9373
900,Mr,Kevina Longbone,Male,12/04/2001,22341 Katie Trail,klongboneoz@barnesandnoble.com,33-(918)132-6692
901,Ms,Eunice Serle,Female,21/08/2008,5175 Banding Plaza,eserlep0@indiegogo.com,62-(325)464-4265
902,Honorable,Onofredo Bechley,Male,4/10/1980,36 Green Ridge Junction,obechleyp1@mediafire.com,62-(962)973-9315
903,Honorable,Brigitte Schukert,Female,2/06/2005,63485 Carpenter Center,bschukertp2@squarespace.com,53-(389)700-5482
904,Mrs,Cristian Rawet,Male,25/02/1992,31 Trailsway Plaza,crawetp3@infoseek.co.jp,62-(612)124-3338
905,Honorable,Adelaide McKnockiter,Male,14/01/1995,99 Walton Pass,amcknockiterp4@google.com.br,30-(414)292-4694
906,Ms,Rana Paolillo,Female,17/01/1994,5 Dunning Road,rpaolillop5@google.ru,92-(272)975-9175
907,Mrs,Elsworth Tamblyn,Male,16/12/1989,563 Schiller Crossing,etamblynp6@fema.gov,351-(846)409-8665
908,Rev,Philbert Risso,Male,3/04/2002,6 Valley Edge Lane,prissop7@rambler.ru,54-(258)713-3225
909,Mr,Carmita Baulk,Female,13/11/2000,787 Porter Avenue,cbaulkp8@smugmug.com,86-(759)491-2162
910,Rev,Eddy Mengo,Male,5/09/1994,2 Petterle Avenue,emengop9@usnews.com,55-(803)103-4093
911,Mr,Brittney Huthart,Female,11/10/1984,97 4th Court,bhuthartpa@who.int,372-(269)136-9032
912,Honorable,Averyl Ivannikov,Female,14/09/1984,3 Sage Road,aivannikovpb@tripadvisor.com,970-(760)307-9614
913,Ms,Emelen Gonzalvo,Female,1/02/1983,805 Hansons Pass,egonzalvopc@prweb.com,55-(794)584-5241
914,Ms,Lorelei Hoyer,Female,9/10/2004,48844 Acker Park,lhoyerpd@google.com.hk,86-(338)528-1109
915,Honorable,Ignace Leving,Male,7/06/1992,5067 Prairieview Street,ilevingpe@jugem.jp,46-(343)169-0528
916,Honorable,Bradford Thornewell,Female,27/09/1988,7 Brentwood Way,bthornewellpf@berkeley.edu,227-(362)986-4451
917,Dr,Sully Pantecost,Female,14/06/1987,35 Farragut Point,spantecostpg@utexas.edu,63-(503)413-9000
918,Ms,Reine Plews,Female,19/03/2001,97124 Beilfuss Avenue,rplewsph@scribd.com,86-(718)215-6819
919,Ms,Nananne Angrave,Male,26/11/1990,5 Comanche Alley,nangravepi@alibaba.com,7-(787)539-4635
920,Rev,Andy Stainsby,Female,21/09/1983,7 Bonner Parkway,astainsbypj@eventbrite.com,502-(221)754-5746
921,Mr,Mariel Iggulden,Male,27/07/1999,8078 Dovetail Avenue,migguldenpk@ifeng.com,595-(484)993-1319
922,Mr,Dolley Winckworth,Female,8/10/2003,204 Comanche Drive,dwinckworthpl@networksolutions.com,63-(339)333-3293
923,Ms,Hubey Hartup,Male,12/09/1996,7 Bayside Way,hhartuppm@prlog.org,967-(751)281-5698
924,Ms,Hymie Realff,Female,2/03/2007,7577 Katie Junction,hrealffpn@prnewswire.com,380-(226)999-2969
925,Mrs,Elinor Darrigrand,Male,27/05/1999,5405 Grayhawk Pass,edarrigrandpo@miitbeian.gov.cn,48-(832)977-0226
926,Dr,Adriena Isoldi,Female,7/02/1992,617 Namekagon Way,aisoldipp@forbes.com,680-(378)706-6002
927,Mr,Charmaine Bolter,Male,7/03/1985,3 Maple Center,cbolterpq@ning.com,64-(164)741-5184
928,Dr,Marline Obern,Female,14/07/2003,5 Spaight Avenue,mobernpr@google.fr,63-(268)285-2445
929,Mr,Maressa MacCombe,Male,22/01/1989,8 Everett Alley,mmaccombeps@fda.gov,63-(527)788-3722
930,Honorable,Anallese Dyet,Male,10/04/1998,2093 Becker Hill,adyetpt@lycos.com,1-(423)981-6154
931,Rev,Andromache Seine,Female,10/02/1991,0760 West Road,aseinepu@wired.com,7-(117)720-5859
932,Rev,Gardner Glavin,Male,20/07/2007,38339 Upham Park,gglavinpv@wordpress.org,86-(989)282-9713
933,Mrs,Dud Seares,Male,26/09/1983,10 Haas Circle,dsearespw@phpbb.com,86-(200)847-8721
934,Ms,Laurice Bewley,Male,14/11/1998,13 Superior Circle,lbewleypx@gov.uk,237-(137)663-8721
935,Honorable,Yorgos Leisk,Male,3/09/1997,20293 Bunting Junction,yleiskpy@yale.edu,81-(949)844-7805
936,Mr,Wolf Bletsoe,Female,20/11/1999,549 Waubesa Crossing,wbletsoepz@hostgator.com,1-(109)980-6493
937,Honorable,Fidole Houndsom,Male,27/09/1985,257 Northport Plaza,fhoundsomq0@youtube.com,504-(686)423-3253
938,Mr,Ermin Egdale,Female,30/01/2008,7368 Bellgrove Crossing,eegdaleq1@netvibes.com,7-(115)961-2260
939,Rev,Marchelle Wyne,Male,29/06/1980,142 Troy Road,mwyneq2@google.ca,62-(520)672-6292
940,Mr,Belicia Bothams,Male,27/05/2010,82808 Waubesa Avenue,bbothamsq3@cnn.com,373-(372)680-8654
941,Mr,Viviana Filkin,Male,1/12/2006,49215 Arizona Hill,vfilkinq4@typepad.com,33-(963)861-7249
942,Mrs,Dena Sarsons,Male,16/05/1988,95 Dottie Place,dsarsonsq5@smh.com.au,7-(487)368-2694
943,Ms,Pascal Farnworth,Male,20/09/2000,218 Almo Avenue,pfarnworthq6@geocities.com,86-(489)296-3544
944,Mrs,Town Dawney,Female,18/02/2001,302 Hoepker Street,tdawneyq7@senate.gov,963-(958)186-1638
945,Honorable,Arv Cockburn,Male,18/07/2004,75 Nobel Center,acockburnq8@twitter.com,420-(311)815-3471
946,Ms,Naoma Peschke,Female,5/07/1982,82 Center Drive,npeschkeq9@nyu.edu,30-(264)288-8228
947,Ms,Gavrielle McGreal,Female,28/01/1987,62487 Manufacturers Center,gmcgrealqa@msu.edu,504-(136)445-4975
948,Dr,Addia Armytage,Female,7/06/1992,65 Declaration Drive,aarmytageqb@alibaba.com,98-(557)567-8709
949,Mr,Rolph Jeffcoate,Female,25/11/1993,2 Jackson Place,rjeffcoateqc@pcworld.com,49-(686)586-8390
950,Mr,Ferdinande Fane,Male,28/04/1997,7872 Shoshone Street,ffaneqd@tinyurl.com,86-(251)559-7189
951,Ms,Jacques Everton,Female,30/06/1996,25 Village Circle,jevertonqe@constantcontact.com,46-(542)822-1012
952,Ms,Emerson Bricket,Female,30/11/2008,1 Pepper Wood Way,ebricketqf@seattletimes.com,81-(492)770-1832
953,Mrs,Borg Kliemann,Male,23/09/1989,6168 Sheridan Parkway,bkliemannqg@smh.com.au,46-(956)348-1289
954,Mrs,Sonnie Yakovliv,Female,2/11/1982,36059 Pleasure Crossing,syakovlivqh@domainmarket.com,27-(139)525-7817
955,Dr,Arielle Aynscombe,Female,23/01/2010,94 Commercial Circle,aaynscombeqi@pagesperso-orange.fr,92-(212)447-5430
956,Rev,Tammie Bohills,Female,27/04/2004,9952 Weeping Birch Pass,tbohillsqj@soundcloud.com,33-(240)594-4694
957,Honorable,Xylia Weal,Female,18/05/2006,3060 Southridge Drive,xwealqk@google.cn,48-(870)485-4969
958,Rev,Nissa Ploughwright,Male,2/11/2007,3491 Almo Park,nploughwrightql@independent.co.uk,86-(483)683-0267
959,Rev,Goober Larrington,Male,9/10/1982,11 Hoepker Park,glarringtonqm@typepad.com,7-(305)378-6398
960,Mrs,Mozes Lorraway,Female,2/09/1985,3705 Judy Junction,mlorrawayqn@google.com.au,62-(546)152-1492
961,Mrs,Mathilda Cust,Male,30/07/1985,95526 Debs Lane,mcustqo@wordpress.com,595-(954)498-0426
962,Mrs,Renell Artin,Female,1/12/2007,64946 Becker Trail,rartinqp@irs.gov,62-(240)118-0644
963,Honorable,Mattie Snel,Female,9/08/1980,6346 Porter Road,msnelqq@scribd.com,1-(202)416-9010
964,Honorable,Skippy Cranch,Male,27/11/2004,73005 Comanche Park,scranchqr@weather.com,86-(734)790-4105
965,Ms,Maren Coo,Male,23/09/1990,7 Nelson Place,mcooqs@engadget.com,62-(175)707-8294
966,Honorable,Renado Pickerin,Female,2/05/1982,3304 East Alley,rpickerinqt@japanpost.jp,86-(407)815-2315
967,Dr,Erna Meddings,Female,8/06/2006,4473 Lotheville Street,emeddingsqu@aboutads.info,66-(354)108-4223
968,Rev,Colman Coltherd,Female,9/11/1993,1 3rd Way,ccoltherdqv@storify.com,58-(773)180-5630
969,Dr,Adrian Cackett,Male,5/05/1986,9 Mccormick Court,acackettqw@prlog.org,351-(434)168-5478
970,Mr,Sula Leggan,Male,10/03/1981,14998 Holmberg Plaza,slegganqx@uiuc.edu,372-(779)527-4549
971,Honorable,Francisco Dinis,Female,21/05/1990,8891 Eastwood Terrace,fdinisqy@foxnews.com,1-(916)343-1365
972,Ms,Randy Forsythe,Female,12/07/1994,88 Blackbird Way,rforsytheqz@live.com,251-(644)693-5626
973,Mrs,Margie Gamell,Male,11/05/2005,869 Kedzie Circle,mgamellr0@paypal.com,673-(991)894-5501
974,Rev,Hedda Blowers,Male,30/05/2001,31120 Springview Road,hblowersr1@zimbio.com,86-(199)546-3995
975,Mr,Seth Witchell,Male,1/01/2009,01516 Transport Place,switchellr2@istockphoto.com,62-(446)504-3436
976,Rev,Brina Desporte,Male,22/01/1984,72 Shelley Road,bdesporter3@wikia.com,420-(400)413-8249
977,Mrs,Alanna Madison,Female,26/08/1997,30525 Carioca Crossing,amadisonr4@netvibes.com,92-(618)151-2949
978,Ms,Gunther Stollery,Female,9/04/1999,2 Bunker Hill Lane,gstolleryr5@bloglines.com,45-(856)768-2423
979,Dr,Elane Molfino,Female,2/04/2006,78561 Randy Lane,emolfinor6@webeden.co.uk,62-(716)523-5779
980,Mr,Oralle Tuckett,Female,9/03/1994,95030 Darwin Street,otuckettr7@csmonitor.com,1-(469)136-8620
981,Mrs,Sibilla Styan,Male,25/02/1983,3 Ryan Court,sstyanr8@admin.ch,33-(190)211-0288
982,Mr,Lauryn Wotherspoon,Female,3/03/1996,700 Stoughton Court,lwotherspoonr9@studiopress.com,48-(876)486-8041
983,Honorable,Kellia Reef,Male,15/12/2005,241 Dakota Street,kreefra@geocities.jp,358-(622)210-6295
984,Rev,Irvine Spottiswoode,Female,2/12/1987,99170 Fallview Lane,ispottiswooderb@google.com.br,86-(754)945-0081
985,Ms,Tilly Dyshart,Male,24/05/1996,31166 Farwell Point,tdyshartrc@i2i.jp,62-(991)505-0700
986,Honorable,Noemi Cisland,Female,17/12/1995,0772 Kennedy Point,ncislandrd@sitemeter.com,46-(419)138-7667
987,Ms,Rosemarie Luna,Female,9/04/2000,504 Hayes Road,rlunare@independent.co.uk,57-(242)768-0029
988,Honorable,Sidonia Chitter,Female,22/09/1998,132 Spaight Avenue,schitterrf@dropbox.com,46-(204)738-6221
989,Dr,Godart Daymont,Male,20/03/2004,51526 Ramsey Terrace,gdaymontrg@fc2.com,380-(740)605-1657
990,Dr,Royce Leonard,Female,16/08/1991,43 Westport Lane,rleonardrh@microsoft.com,47-(344)321-1860
991,Ms,Alexi Frandsen,Female,4/07/1997,2 8th Center,afrandsenri@tinypic.com,86-(932)148-5472
992,Dr,Carlin Carwithim,Female,6/07/1991,6 Lakewood Gardens Plaza,ccarwithimrj@berkeley.edu,27-(477)479-7577
993,Honorable,Elbertine Sayes,Female,3/07/1995,45302 Stang Circle,esayesrk@senate.gov,55-(605)114-2531
994,Mrs,Glenden Aurelius,Female,8/04/1981,6700 Cherokee Circle,gaureliusrl@w3.org,351-(368)129-8952
995,Mrs,Rafael Robrow,Male,24/08/1981,91 Ludington Drive,rrobrowrm@etsy.com,57-(820)491-2691
996,Mr,Avie Troy,Male,27/10/1987,11627 Jana Parkway,atroyrn@usda.gov,86-(391)456-4611
997,Ms,Arin Constance,Male,14/08/1985,7 Sloan Court,aconstancero@nyu.edu,63-(511)843-3257
998,Dr,Oates McCorkell,Female,23/12/1990,60116 Banding Way,omccorkellrp@marketwatch.com,63-(883)499-1675
999,Rev,Chrissie Skirrow,Male,16/12/1983,50 Jana Road,cskirrowrq@fc2.com,63-(504)192-0190
1000,Ms,Bo Aitchison,Male,12/03/2009,92 Walton Terrace,baitchisonrr@ucla.edu,93-(864)173-8602
