id,title,fullname,gender,dob,address_no,address_name,address_state,address_country,email,phone
1,Rev,Cinderella MacKenny,F,2/27/1989,5,Lakewood Gardens,,Russia,cmackenny0@abc.net.au,7-(205)441-8153
2,Mrs,Jareb Lingwood,M,4/13/2010,558,Scott,,Ukraine,jlingwood1@smugmug.com,380-(441)915-1379
3,Mr,Matty Snooks,F,1/10/1990,5966,Center,,Indonesia,msnooks2@vistaprint.com,62-(378)391-4087
4,Ms,Benedicta Dablin,F,4/21/1997,9,Texas,,China,bdablin3@homestead.com,86-(386)992-4689
5,Honorable,Roxy Troke,F,10/17/1994,85247,Hansons,,Nigeria,rtroke4@cdc.gov,234-(199)959-4376
6,Rev,Bourke Grunder,M,4/17/2003,537,Wayridge,,Ireland,bgrunder5@abc.net.au,353-(713)626-7200
7,Ms,Gwendolyn Button,F,11/22/1983,92013,Bluejay,,Indonesia,gbutton6@etsy.com,62-(279)988-9527
8,Rev,Pancho Pullman,F,11/19/1996,3150,Mockingbird,Västerbotten,Sweden,ppullman7@apple.com,46-(847)612-1290
9,Honorable,Mei Serris,F,2/25/2008,44,1st,,Armenia,mserris8@mlb.com,374-(108)999-4954
10,Honorable,Sly Toppin,M,5/28/2002,50,Lindbergh,,Costa Rica,stoppin9@free.fr,506-(548)778-3814
11,Mrs,Joella Bisatt,M,10/25/2000,59,Summerview,,Russia,jbisatta@github.io,7-(294)149-4631
12,Mr,Galvan Thomerson,F,10/16/2009,8,Golden Leaf,,Cyprus,gthomersonb@vk.com,357-(824)311-2280
13,Mrs,Kahlil Meijer,F,12/30/1999,5364,Scofield,,China,kmeijerc@bigcartel.com,86-(906)259-0918
14,Mrs,Kinsley Camerati,F,3/29/2009,401,Stoughton,,China,kcameratid@comcast.net,86-(437)555-8432
15,Mrs,Gwennie Temblett,F,6/18/2002,658,Norway Maple,,China,gtemblette@networksolutions.com,86-(371)483-6956
16,Rev,Alfons Mackinder,F,5/15/1991,65824,Drewry,,China,amackinderf@joomla.org,86-(609)609-3364
17,Ms,Dal Dumelow,M,11/14/2007,58,Clarendon,,Czech Republic,ddumelowg@jigsy.com,420-(382)824-9275
18,Honorable,Angelique Cutcliffe,F,10/27/1990,60630,Linden,,Russia,acutcliffeh@gnu.org,7-(856)983-8063
19,Mr,Noel Keedy,M,11/01/2008,27,Milwaukee,,Serbia,nkeedyi@oakley.com,381-(667)416-1201
20,Honorable,Che Hing,F,6/16/2007,952,Anzinger,,Thailand,chingj@dmoz.org,66-(410)615-4271
21,Honorable,Sascha Mully,F,1/23/2003,0,International,,Guinea,smullyk@newyorker.com,224-(653)148-3928
22,Dr,Tabby Allot,M,3/21/1984,42,David,,Ukraine,tallotl@google.co.uk,380-(233)428-9910
23,Rev,Trixie Gatley,F,4/08/2009,4,Canary,Baden-Württemberg,Germany,tgatleym@admin.ch,49-(163)560-1765
24,Mrs,Barnabas Dawbery,M,9/16/1982,6209,Riverside,,Syria,bdawberyn@sbwire.com,963-(601)515-9738
25,Rev,Doro Chevers,M,6/17/1999,233,Kim,,Finland,dcheverso@oakley.com,358-(548)511-4910
26,Ms,Ham Rosenstein,F,9/19/1981,98906,Tennyson,,China,hrosensteinp@nhs.uk,86-(657)579-4987
27,Dr,Amelie Cardiff,M,5/25/1999,9076,Truax,Mexico,Mexico,acardiffq@github.com,52-(841)940-4114
28,Ms,Fanchon Bilsland,M,9/17/1982,6,Reindahl,,Brazil,fbilslandr@symantec.com,55-(716)935-0476
29,Rev,Karim Killingbeck,M,12/12/1994,80407,Melody,,China,kkillingbecks@icq.com,86-(879)410-2306
30,Dr,Kirstin Jaquet,F,3/27/1994,28065,Anderson,,Armenia,kjaquett@blogspot.com,374-(593)369-0257
31,Dr,Barton Simner,F,2/20/2005,4033,Golf,,China,bsimneru@harvard.edu,86-(100)125-8480
32,Ms,Beverley Currom,M,1/28/2002,47452,Waubesa,,China,bcurromv@tamu.edu,86-(512)731-8563
33,Dr,Angelique Kasbye,M,8/16/2002,105,Fairfield,,Russia,akasbyew@phpbb.com,7-(394)817-8460
34,Dr,Phylis Sneezum,M,10/10/2005,0,Oak Valley,Coimbra,Portugal,psneezumx@4shared.com,351-(520)484-1877
35,Rev,Tedman Boot,F,2/04/1993,1996,Blaine,,Croatia,tbooty@chron.com,385-(287)611-1764
36,Honorable,Charles Janca,F,10/06/2009,17999,Eagan,,Indonesia,cjancaz@umn.edu,62-(480)437-4636
37,Dr,Betsey Nancekivell,M,12/15/1998,714,Clarendon,,Iran,bnancekivell10@storify.com,98-(906)755-7466
38,Honorable,Petronella Kiddy,F,11/21/1988,0,Coleman,Alberta,Canada,pkiddy11@yahoo.co.jp,1-(930)900-8023
39,Mrs,Derick Bradbury,F,9/29/1999,5323,Toban,,China,dbradbury12@usgs.gov,86-(400)264-0852
40,Dr,Lyndel Foakes,F,2/21/2001,8349,Rusk,,Armenia,lfoakes13@auda.org.au,374-(661)134-5349
41,Honorable,Irvine Lydall,F,12/05/2005,40373,Buell,Stockholm,Sweden,ilydall14@jiathis.com,46-(259)774-0234
42,Rev,Estrella Clausen-Thue,M,12/02/2001,6,Golden Leaf,,Indonesia,eclausenthue15@weibo.com,62-(285)294-2185
43,Dr,Doloritas Kausche,M,9/02/1995,51,Namekagon,,Israel,dkausche16@behance.net,972-(822)241-1311
44,Ms,Salvidor Alford,M,3/04/1984,2,Charing Cross,,Brazil,salford17@prweb.com,55-(137)351-0754
45,Dr,Shem Portugal,F,2/26/1999,17,Pond,,Philippines,sportugal18@arizona.edu,63-(124)143-4972
46,Dr,Beret Claasen,F,7/19/1981,4,Columbus,Uppsala,Sweden,bclaasen19@japanpost.jp,46-(688)460-3397
47,Honorable,Theda Durnall,F,9/01/2007,2266,Valley Edge,,South Korea,tdurnall1a@wikimedia.org,82-(655)662-3267
48,Ms,Marion Crankhorn,F,4/30/1984,8207,Fulton,,Argentina,mcrankhorn1b@paypal.com,54-(157)840-9738
49,Mrs,Gallard Brimm,F,5/01/2007,8386,Nancy,,El Salvador,gbrimm1c@utexas.edu,503-(825)912-3742
50,Ms,Christoper Collingdon,M,2/18/1981,1357,Monument,,Indonesia,ccollingdon1d@i2i.jp,62-(733)463-8123
51,Rev,Eleen Philipeau,F,7/01/2000,91,Hoard,,Thailand,ephilipeau1e@miibeian.gov.cn,66-(388)657-4313
52,Dr,Trenna Done,F,2/05/2008,8748,Macpherson,,Greece,tdone1f@histats.com,30-(458)544-3290
53,Ms,Agnella Ivanchenkov,M,6/30/1983,14,Delaware,Oslo,Norway,aivanchenkov1g@noaa.gov,47-(122)534-9918
54,Honorable,Bambie Beeston,F,12/28/2009,28,Kropf,,Philippines,bbeeston1h@wordpress.org,63-(335)504-8695
55,Dr,Dayna Haugeh,M,6/23/1983,80985,Valley Edge,,Indonesia,dhaugeh1i@noaa.gov,62-(105)880-6648
56,Mr,Solomon Rubery,F,4/26/2007,7031,2nd,,Pakistan,srubery1j@yahoo.co.jp,92-(941)747-7795
57,Rev,Christine Klus,M,1/28/1981,53754,Colorado,,China,cklus1k@independent.co.uk,86-(285)958-6917
58,Dr,Raine Hoxey,M,10/07/2007,22563,Fulton,,Philippines,rhoxey1l@alibaba.com,63-(709)278-8187
59,Ms,Adiana Shuttle,F,10/28/2007,1826,Eastwood,,Madagascar,ashuttle1m@dropbox.com,261-(389)209-2009
60,Ms,Free Fulcher,F,12/13/1986,3,Red Cloud,,Philippines,ffulcher1n@themeforest.net,63-(478)869-1760
61,Rev,Pietrek Berthouloume,M,6/01/2008,8,Mallard,,South Sudan,pberthouloume1o@technorati.com,249-(862)251-4052
62,Honorable,Chantalle Hugonet,M,3/30/1981,5616,Eagle Crest,,Indonesia,chugonet1p@qq.com,62-(188)684-2039
63,Honorable,Nial Andreu,M,8/12/1989,933,Monterey,,Japan,nandreu1q@cafepress.com,81-(370)146-2790
64,Mr,Annemarie Corah,F,7/22/1997,4,Forest,,China,acorah1r@nifty.com,86-(650)692-9910
65,Mr,Lorianna Bladen,F,4/22/2000,250,Westridge,,Kosovo,lbladen1s@yale.edu,383-(852)979-5048
66,Mrs,Rupert Takkos,F,12/07/1990,3,Duke,,Guinea,rtakkos1t@a8.net,224-(554)452-1584
67,Rev,Dusty Woolford,F,3/01/1982,793,Butternut,,China,dwoolford1u@vinaora.com,86-(307)441-8598
68,Rev,Renault Patrie,F,10/23/2004,76626,Daystar,,Jordan,rpatrie1v@telegraph.co.uk,962-(578)564-4269
69,Dr,Robin Tolliday,M,1/06/2006,58,Sloan,,Philippines,rtolliday1w@vinaora.com,63-(163)410-6291
70,Rev,Heath Haresnape,F,1/07/1995,938,Dakota,,Indonesia,hharesnape1x@nba.com,62-(373)933-3670
71,Rev,Wally de la Valette Parisot,F,6/11/1984,37522,Sunnyside,,Indonesia,wde1y@wsj.com,62-(621)420-9465
72,Ms,Randi Noriega,M,2/27/2002,996,Fordem,Ontario,Canada,rnoriega1z@umn.edu,1-(972)485-0305
73,Rev,Alysia Reimers,M,5/09/2006,12,West,,Brazil,areimers20@wp.com,55-(974)401-3007
74,Dr,Avigdor Maruska,M,7/18/1983,74388,Loomis,,China,amaruska21@prnewswire.com,86-(481)791-8373
75,Honorable,Brynna Dyhouse,M,12/24/2006,6,Killdeer,,Russia,bdyhouse22@spiegel.de,7-(732)323-6556
76,Ms,Meghann Ollie,F,2/21/2010,9,Monica,,Greece,mollie23@dedecms.com,30-(914)284-6618
77,Ms,Nicky Craythorne,F,11/05/2004,81140,Ridgeway,,Indonesia,ncraythorne24@livejournal.com,62-(567)739-5235
78,Dr,Boony Hallsworth,F,9/14/1990,2,Northview,Texas,United States,bhallsworth25@nydailynews.com,1-(401)564-7751
79,Rev,Mordy Mary,F,6/04/1994,74499,Bartelt,,Peru,mmary26@twitter.com,51-(814)409-2367
80,Honorable,Flory Bagnal,F,3/12/2009,3,Coolidge,Ontario,Canada,fbagnal27@aboutads.info,1-(500)852-2900
81,Dr,Farly Batkin,F,4/21/1985,35,Rigney,Porto,Portugal,fbatkin28@bbc.co.uk,351-(345)425-6227
82,Mrs,Ramsey Artin,F,2/12/2005,399,Meadow Ridge,Rhône-Alpes,France,rartin29@google.cn,33-(217)373-4138
83,Rev,Jorie Ciccotti,F,12/22/2001,99232,Truax,,China,jciccotti2a@irs.gov,86-(749)181-2424
84,Honorable,Eldridge Arbuckle,F,5/18/1981,54,Loeprich,,Indonesia,earbuckle2b@npr.org,62-(809)978-3736
85,Dr,Lori Patters,F,10/24/1998,90,Debs,,Honduras,lpatters2c@cisco.com,504-(650)655-1219
86,Mrs,Kathye Fuke,F,2/28/2001,33,Monica,,Indonesia,kfuke2d@house.gov,62-(575)327-5327
87,Honorable,Aileen Eburah,F,12/22/1983,884,Buena Vista,,Pakistan,aeburah2e@purevolume.com,92-(433)992-9313
88,Dr,Dulsea Gardner,M,7/08/2009,71,Becker,Västra Götaland,Sweden,dgardner2f@bing.com,46-(224)279-4377
89,Rev,Haskell Mityakov,F,10/19/2003,207,Springs,,Russia,hmityakov2g@uol.com.br,7-(950)508-0269
90,Honorable,Jeana Beauly,M,12/07/1985,79,Sheridan,,Poland,jbeauly2h@so-net.ne.jp,48-(770)691-7603
91,Rev,Ewart Izakson,M,5/19/2010,49362,Lindbergh,,Russia,eizakson2i@360.cn,7-(279)289-8845
92,Honorable,Inglebert Burnet,F,10/24/1997,9713,Macpherson,Negeri Sembilan,Malaysia,iburnet2j@seattletimes.com,60-(104)558-4878
93,Mr,Dene Thys,F,11/04/2005,4,Lotheville,,Russia,dthys2k@wired.com,7-(646)217-6867
94,Rev,Vernor Aburrow,M,7/25/1987,79928,Weeping Birch,,Brazil,vaburrow2l@webeden.co.uk,55-(575)574-6212
95,Rev,Alasdair Oliphard,M,5/22/1987,440,Ludington,,China,aoliphard2m@wiley.com,86-(284)666-5208
96,Rev,Gus Rennenbach,F,8/17/1988,2787,Cherokee,,Brazil,grennenbach2n@cbslocal.com,55-(673)152-3751
97,Honorable,Vaughan McIlwain,F,7/24/2003,76610,Lerdahl,,China,vmcilwain2o@dagondesign.com,86-(572)914-1743
98,Ms,Blinnie Ogg,F,6/13/1980,47870,Lakeland,,Brazil,bogg2p@slideshare.net,55-(590)658-8376
99,Ms,Darsie Agott,M,4/13/1987,705,Clemons,Florida,United States,dagott2q@usatoday.com,1-(850)923-5217
100,Mrs,Theo Aysh,F,2/15/1994,2,Old Shore,,Russia,taysh2r@walmart.com,7-(965)312-1008
101,Dr,Annabela Gemmill,M,2/23/1983,1334,Rusk,,Bangladesh,agemmill2s@cisco.com,880-(439)547-9961
102,Ms,Drugi Leadstone,F,8/24/2006,5172,Steensland,,Macedonia,dleadstone2t@answers.com,389-(646)663-5868
103,Dr,Barbette Fuente,M,8/18/2000,53,Clyde Gallagher,,Poland,bfuente2u@soup.io,48-(618)882-0833
104,Dr,Raven Landsbury,F,7/09/1990,11,Sloan,,China,rlandsbury2v@jiathis.com,86-(414)464-2943
105,Ms,Elmer Jaquiss,M,12/13/2002,67239,Forest,Île-de-France,France,ejaquiss2w@forbes.com,33-(974)139-5969
106,Honorable,Edin Sibthorpe,M,12/16/1996,6263,Stephen,Porto,Portugal,esibthorpe2x@fotki.com,351-(749)746-1402
107,Ms,Carmen Andreutti,F,10/19/1986,23919,Jana,,Ecuador,candreutti2y@usnews.com,593-(188)889-1942
108,Mr,Barbabas Jovic,M,10/01/2009,194,Larry,,Russia,bjovic2z@google.it,7-(577)498-9206
109,Ms,Felicity Sell,F,8/23/1988,75439,Lake View,Pr,Puerto Rico,fsell30@mtv.com,1-(466)718-0970
110,Ms,Mickie McNuff,F,10/11/1989,93,Darwin,,Kenya,mmcnuff31@chicagotribune.com,254-(992)132-9014
111,Rev,Dede Joron,F,12/17/1982,8,Boyd,,Ukraine,djoron32@cornell.edu,380-(459)931-0727
112,Mr,Burt Toun,F,9/19/2003,0,Linden,,South Africa,btoun33@webnode.com,27-(219)172-9717
113,Mrs,Iggie Sorrell,F,5/11/2004,4218,Vahlen,,Indonesia,isorrell34@nasa.gov,62-(723)480-8532
114,Honorable,Tremaine Horburgh,M,1/30/1995,402,Banding,,Peru,thorburgh35@ucsd.edu,51-(668)418-4303
115,Rev,Aurilia Galletly,F,7/12/1991,6,Brickson Park,,Philippines,agalletly36@ehow.com,63-(980)634-4750
116,Ms,Joannes Rottery,F,5/23/1987,7,Mallory,,China,jrottery37@whitehouse.gov,86-(860)778-9711
117,Honorable,Talya Eingerfield,M,11/25/1980,92,Morrow,,Finland,teingerfield38@unc.edu,358-(100)400-3514
118,Honorable,Camellia Erwin,F,10/25/1989,296,Holmberg,,Poland,cerwin39@wordpress.org,48-(233)381-6141
119,Mrs,Cahra Hegg,F,1/27/1981,6026,Karstens,Setúbal,Portugal,chegg3a@cloudflare.com,351-(809)343-1722
120,Mrs,Marie-jeanne Boothby,M,6/15/1999,8545,Melby,,Argentina,mboothby3b@senate.gov,54-(418)802-2992
121,Dr,Jerry Gieraths,M,9/26/1985,712,Moulton,,Russia,jgieraths3c@stanford.edu,7-(430)231-8767
122,Honorable,Caesar Gunson,M,6/29/1989,47478,Jana,,Philippines,cgunson3d@free.fr,63-(266)704-8861
123,Mrs,Sal Kubalek,M,2/04/1986,5565,7th,,Indonesia,skubalek3e@devhub.com,62-(678)820-9795
124,Mr,Coop Hobell,F,8/16/1998,3,Golf Course,,Russia,chobell3f@i2i.jp,7-(784)683-2366
125,Ms,Jesus Kingswood,M,7/12/2008,32,Havey,,Jamaica,jkingswood3g@g.co,1-(443)664-9592
126,Rev,Jinny Toombs,F,9/21/1993,88711,Ohio,,China,jtoombs3h@china.com.cn,86-(705)852-6528
127,Mr,Aime Klees,M,11/22/2001,20063,Red Cloud,,Dominican Republic,aklees3i@seesaa.net,1-(937)198-2810
128,Mrs,Phip Blondel,F,4/27/2007,328,Starling,,China,pblondel3j@amazon.co.uk,86-(765)193-4167
129,Rev,Lawry Seiler,M,7/08/2005,5953,5th,,Argentina,lseiler3k@netvibes.com,54-(755)653-1590
130,Honorable,Quintina Pengilly,M,1/24/2004,63613,Oxford,,Bosnia and Herzegovina,qpengilly3l@mediafire.com,387-(223)332-1138
131,Dr,Cully Clynter,M,6/25/1987,1,Carioca,,Nigeria,cclynter3m@archive.org,234-(669)360-2677
132,Rev,Celestyn Brigg,M,3/29/1992,6,Warner,,Thailand,cbrigg3n@thetimes.co.uk,66-(985)655-8323
133,Dr,Free McKeighen,F,6/06/1980,6850,Manitowish,Kedah,Malaysia,fmckeighen3o@intel.com,60-(362)976-3154
134,Mrs,James Conen,M,9/03/1992,6385,Birchwood,,Greece,jconen3p@unc.edu,30-(707)802-3309
135,Honorable,Sallee Bottell,F,3/01/1997,9720,Ridgeview,,Russia,sbottell3q@vkontakte.ru,7-(265)731-1821
136,Rev,Claudette Andreev,M,8/18/2006,4,Loomis,,China,candreev3r@foxnews.com,86-(263)208-1803
137,Dr,Phylis Wipfler,M,12/23/1991,479,Corben,,Thailand,pwipfler3s@hp.com,66-(672)152-4590
138,Dr,Aleen Cobbing,M,10/11/1982,9,Stone Corner,Aveiro,Portugal,acobbing3t@nifty.com,351-(636)356-3333
139,Mrs,Haily Bodker,M,6/04/1988,86,Toban,,Philippines,hbodker3u@cnbc.com,63-(258)874-2030
140,Mrs,Clarabelle Dummigan,F,3/04/2006,266,Lunder,,Russia,cdummigan3v@barnesandnoble.com,7-(600)553-5496
141,Ms,Mill Lowis,F,7/15/1995,513,Shasta,Ilha do Pico,Portugal,mlowis3w@nytimes.com,351-(668)905-8489
142,Mr,Granger Ervin,F,2/22/1995,63855,Butterfield,,Philippines,gervin3x@latimes.com,63-(453)714-8050
143,Dr,Jose Ubsdale,F,11/09/2008,1,Kropf,,China,jubsdale3y@ow.ly,86-(760)396-1953
144,Ms,Arty Prayer,F,4/17/1997,672,Fair Oaks,,Iran,aprayer3z@ox.ac.uk,98-(731)580-7370
145,Mrs,Barney Ridd,F,4/22/1992,59302,Morning,,China,bridd40@bluehost.com,86-(978)377-0529
146,Mr,Cody Kellart,F,8/12/1995,984,Veith,,Vietnam,ckellart41@domainmarket.com,84-(391)445-4451
147,Dr,Antonetta Worthy,F,2/01/2007,29578,Anzinger,,Philippines,aworthy42@simplemachines.org,63-(252)569-5348
148,Mr,Kristopher Struys,M,7/25/2007,9,Oak,California,United States,kstruys43@usa.gov,1-(562)547-6377
149,Mr,Laura Bleackley,F,7/02/1980,76,Fuller,,China,lbleackley44@nature.com,86-(471)455-0741
150,Honorable,Kinny Bench,F,1/25/2000,1,Blue Bill Park,,Myanmar,kbench45@google.com,95-(545)611-9962
151,Rev,Rey Kydd,F,9/04/2002,19707,Hudson,Ohio,United States,rkydd46@cbc.ca,1-(419)772-5919
152,Honorable,Maurie Munroe,M,3/24/1993,94,Sachtjen,Braga,Portugal,mmunroe47@lycos.com,351-(668)298-1992
153,Ms,Deloria Hallwood,F,6/21/1994,14376,Oakridge,,Ghana,dhallwood48@cnn.com,233-(411)779-1982
154,Honorable,Zita Silverlock,M,10/13/1984,4199,Mitchell,,Lebanon,zsilverlock49@newsvine.com,961-(287)951-7278
155,Mr,Fawnia Lisciandro,F,9/18/2001,8360,Upham,,Russia,flisciandro4a@trellian.com,7-(160)600-3069
156,Mr,Darline Ortes,F,8/21/1987,746,Superior,,Russia,dortes4b@foxnews.com,7-(725)917-9636
157,Rev,Ty Vear,M,10/20/2003,818,Burning Wood,,Poland,tvear4c@bing.com,48-(147)441-7087
158,Mr,Franni Duffin,M,11/01/1986,2008,Macpherson,,Nicaragua,fduffin4d@walmart.com,505-(396)121-1109
159,Mrs,Emanuele Brocks,M,2/13/1993,3459,Main,,Peru,ebrocks4e@walmart.com,51-(170)166-2071
160,Ms,Marlo Ploughwright,M,4/03/2003,1,Arrowood,,China,mploughwright4f@xrea.com,86-(676)174-1559
161,Rev,Steffen Zanneli,M,2/25/2004,7666,Grasskamp,,Indonesia,szanneli4g@usa.gov,62-(775)658-6382
162,Honorable,Amory Van Rembrandt,F,4/11/2001,6059,Fairview,,Nigeria,avan4h@skyrock.com,234-(744)375-5481
163,Ms,Sherwood Burford,F,7/02/2005,81410,Novick,,Argentina,sburford4i@blogspot.com,54-(777)706-3597
164,Dr,Jany Lambirth,F,3/02/1999,563,Springs,,Indonesia,jlambirth4j@etsy.com,62-(211)773-4517
165,Dr,Barclay Keddey,M,7/12/1988,74352,Swallow,,Latvia,bkeddey4k@dailymail.co.uk,371-(194)302-9572
166,Mr,Isadora Fazan,M,7/17/1985,239,Susan,,Indonesia,ifazan4l@mail.ru,62-(100)992-9844
167,Dr,Chelsea Albutt,M,4/08/2009,4169,Northridge,,Peru,calbutt4m@youtu.be,51-(933)792-4297
168,Rev,Mada Haberfield,M,2/10/1981,49869,Texas,,Indonesia,mhaberfield4n@edublogs.org,62-(956)267-5565
169,Mr,Claudianus Wadham,M,4/03/2007,32604,Tomscot,,Thailand,cwadham4o@hibu.com,66-(284)277-2261
170,Mr,Jerad Hofler,M,3/15/1993,1915,Vera,,Ukraine,jhofler4p@technorati.com,380-(915)559-0180
171,Rev,Barbie Sirrell,F,2/14/1987,89,Bashford,,Ethiopia,bsirrell4q@tripod.com,251-(151)966-0717
172,Mrs,Irving Ciotto,F,5/05/1992,46892,Portage,,China,iciotto4r@cnet.com,86-(353)818-7666
173,Mr,Dulce Dowsey,M,6/14/1996,4,Onsgard,,Poland,ddowsey4s@blogs.com,48-(795)185-1686
174,Honorable,Lida Draper,F,4/20/1985,9,Fieldstone,,China,ldraper4t@skype.com,86-(334)717-3926
175,Honorable,Norah Ruddick,F,6/16/1981,7905,Troy,,Pakistan,nruddick4u@lulu.com,92-(276)105-4016
176,Dr,Hester Logsdail,M,7/06/1980,11497,Jana,,Brazil,hlogsdail4v@nature.com,55-(796)326-3535
177,Mrs,Amalee Tregiddo,M,9/20/1981,26379,Lukken,,Afghanistan,atregiddo4w@ucla.edu,93-(695)766-2447
178,Dr,Anet Juszczyk,F,3/24/2005,402,Lakewood,,Philippines,ajuszczyk4x@webs.com,63-(247)601-5566
179,Dr,Udell Mingaye,F,8/24/1986,82,Sutteridge,,Madagascar,umingaye4y@dropbox.com,261-(608)167-5308
180,Mr,Ursulina Woodfield,F,8/14/2006,88913,Stoughton,,China,uwoodfield4z@senate.gov,86-(774)381-8658
181,Rev,Pammy Clipson,M,11/17/1997,14180,Wayridge,,Peru,pclipson50@mit.edu,51-(844)982-0008
182,Rev,Eunice Trippett,F,5/24/1994,917,Roxbury,,Indonesia,etrippett51@digg.com,62-(591)228-8370
183,Ms,Lynnell Crookes,F,7/26/2008,4175,Darwin,,Morocco,lcrookes52@sun.com,212-(442)281-3193
184,Ms,Rickie Dufoure,F,3/23/2008,75486,Brentwood,,China,rdufoure53@smh.com.au,86-(788)471-9193
185,Dr,Claire Garvey,F,11/14/1983,524,Vermont,,Indonesia,cgarvey54@oracle.com,62-(169)764-5716
186,Ms,Victor Clemens,F,5/06/2010,23,Monica,,Indonesia,vclemens55@behance.net,62-(545)665-6324
187,Ms,Myrta Covert,M,3/29/2007,755,Cardinal,,China,mcovert56@skyrock.com,86-(152)127-4168
188,Mr,Fawn Meredyth,M,7/01/2006,18,Burrows,Stockholm,Sweden,fmeredyth57@gravatar.com,46-(933)310-8661
189,Ms,Tanner Syddall,M,3/13/2000,1183,Westport,,Indonesia,tsyddall58@prnewswire.com,62-(891)398-8799
190,Mr,Cesar Breydin,F,10/10/2009,8434,Paget,,Russia,cbreydin59@irs.gov,7-(251)262-4160
191,Mrs,Byram Bottby,M,12/09/2008,9,Chinook,,Serbia,bbottby5a@hugedomains.com,381-(887)860-2563
192,Ms,Ranna Yven,F,3/15/2003,2,Alpine,,Ukraine,ryven5b@tmall.com,380-(278)432-8485
193,Mrs,Viki Titcumb,F,6/22/2005,86,Fisk,Ontario,Canada,vtitcumb5c@myspace.com,1-(796)273-6775
194,Rev,Oralle De Bell,F,6/19/1996,430,Melvin,Île-de-France,France,ode5d@nps.gov,33-(789)338-3054
195,Dr,Pauline Marusyak,M,6/22/2008,76,Bellgrove,,China,pmarusyak5e@usda.gov,86-(386)301-6118
196,Rev,Tonnie Rewbottom,F,6/09/1984,6,Manufacturers,,Finland,trewbottom5f@bluehost.com,358-(839)226-3126
197,Ms,Vicky Bracknall,F,11/19/1984,5536,Pond,,Vietnam,vbracknall5g@bing.com,84-(491)790-8510
198,Mr,Rivkah Ashpital,F,7/26/2008,45,Russell,,Colombia,rashpital5h@goo.ne.jp,57-(213)635-0054
199,Ms,Darice Gounel,F,6/12/1986,894,Reindahl,,China,dgounel5i@github.io,86-(121)333-8599
200,Honorable,Cherianne Stickney,M,10/29/1985,4,Parkside,,Indonesia,cstickney5j@aboutads.info,62-(153)507-5128
201,Ms,Rudd Canas,F,11/07/1999,7,Lyons,,China,rcanas5k@studiopress.com,86-(265)625-0531
202,Dr,Modesty Dunford,M,1/28/1994,600,Dryden,Braga,Portugal,mdunford5l@nature.com,351-(255)755-6035
203,Rev,Cull Mularkey,F,4/24/2002,728,Packers,,China,cmularkey5m@alexa.com,86-(916)128-0869
204,Dr,Merell Worsall,F,1/20/1987,6,Esker,,Egypt,mworsall5n@github.io,20-(142)116-2372
205,Mrs,Nicol Elrick,F,7/25/1987,64273,Schurz,,Kenya,nelrick5o@hibu.com,254-(777)913-0949
206,Dr,Nealy Smallpeace,M,6/30/1986,9678,Farragut,,Croatia,nsmallpeace5p@discuz.net,385-(977)965-3783
207,Honorable,Marc McGinnis,M,11/29/1997,55,Fulton,,Sudan,mmcginnis5q@istockphoto.com,249-(986)585-6568
208,Ms,Julian Andrez,M,8/05/2006,340,Barnett,,Ireland,jandrez5r@epa.gov,353-(127)634-8505
209,Mrs,Nikki Sara,F,5/08/2009,22191,Farmco,,Peru,nsara5s@dailymotion.com,51-(920)787-5706
210,Rev,Ricky Borrell,M,11/14/1985,143,Monument,,Argentina,rborrell5t@last.fm,54-(221)249-1887
211,Ms,Bibi Schowenburg,M,1/18/1985,3623,Anniversary,,China,bschowenburg5u@tripadvisor.com,86-(843)336-5224
212,Honorable,Jocelin Biddiss,M,7/19/1994,7170,Portage,,Russia,jbiddiss5v@ihg.com,7-(792)310-2014
213,Ms,Stormi Farey,M,7/22/1984,2,Memorial,Île-de-France,France,sfarey5w@tinypic.com,33-(425)848-9976
214,Mr,Peta Kerin,F,2/26/1995,5768,Moose,,Indonesia,pkerin5x@simplemachines.org,62-(678)506-1583
215,Ms,Nye Riseborough,M,1/27/1991,75577,Hoard,,China,nriseborough5y@stanford.edu,86-(410)831-9884
216,Rev,Cecile Pray,M,3/12/1999,9332,Tomscot,,Japan,cpray5z@cnet.com,81-(338)424-7448
217,Rev,Karyl Wathell,M,8/01/2002,955,David,,Panama,kwathell60@weather.com,507-(311)913-7822
218,Mrs,Joannes Woodard,M,6/18/1992,8,Southridge,,Argentina,jwoodard61@twitpic.com,54-(369)170-4325
219,Honorable,Tabby Murrhaupt,F,8/12/2002,91625,Milwaukee,,Israel,tmurrhaupt62@uiuc.edu,972-(502)386-1280
220,Mr,Mayne Moggie,M,11/09/2006,5047,Almo,,Indonesia,mmoggie63@home.pl,62-(451)605-7923
221,Dr,Gerri Meiningen,F,5/20/1982,58671,Linden,,Belarus,gmeiningen64@lycos.com,375-(602)713-9469
222,Rev,Doralynn Francino,F,11/26/1982,22676,Duke,Leiria,Portugal,dfrancino65@csmonitor.com,351-(801)550-2127
223,Ms,Marlow Kidson,M,7/07/1985,521,Dayton,,Russia,mkidson66@home.pl,7-(134)727-1007
224,Mr,Duky Crummie,M,8/12/1992,77,Arkansas,,Thailand,dcrummie67@123-reg.co.uk,66-(466)488-9464
225,Mr,Jocko Jales,F,12/28/1993,64,Blaine,,Armenia,jjales68@domainmarket.com,374-(596)224-6834
226,Mr,Catlin Conibere,M,4/06/1985,1445,Cambridge,,Russia,cconibere69@omniture.com,7-(136)610-4409
227,Mr,Irwinn Lorne,M,10/22/1994,43,Merry,,Brazil,ilorne6a@addthis.com,55-(210)793-2097
228,Honorable,Mal Orpyne,F,6/18/1987,71,Eggendart,,Peru,morpyne6b@washington.edu,51-(787)649-3196
229,Mr,Dene Rankling,M,9/19/2004,91411,Darwin,,Philippines,drankling6c@hc360.com,63-(897)694-0548
230,Rev,Valentine Caulfield,F,7/27/2006,72,Eastwood,,Tanzania,vcaulfield6d@yelp.com,255-(888)200-3812
231,Mr,Veronique Becconsall,M,8/22/1980,1,Cherokee,,Albania,vbecconsall6e@uiuc.edu,355-(649)605-7571
232,Ms,Jessamine Davinet,F,11/30/1997,66515,Caliangt,Alsace,France,jdavinet6f@examiner.com,33-(962)332-1651
233,Mr,Erasmus Cropton,F,2/27/2006,7,Hazelcrest,,Morocco,ecropton6g@privacy.gov.au,212-(598)306-8663
234,Ms,Jasmine Antoni,M,2/02/1997,681,Carpenter,Castelo Branco,Portugal,jantoni6h@imageshack.us,351-(345)761-2553
235,Mrs,Aubry Jones,F,4/20/1990,50,Londonderry,,Colombia,ajones6i@mayoclinic.com,57-(406)547-1953
236,Mr,Gypsy Tweedie,M,1/16/1982,21,Meadow Vale,,Tunisia,gtweedie6j@4shared.com,216-(812)267-2324
237,Rev,Sheppard Braganca,F,4/04/2007,204,Sutherland,Indiana,United States,sbraganca6k@sourceforge.net,1-(317)871-5360
238,Honorable,Margot Juszczak,M,2/12/2010,3968,Huxley,,Nigeria,mjuszczak6l@csmonitor.com,234-(238)262-8662
239,Ms,Vincenz Chang,M,10/08/2003,2139,Golf Course,,China,vchang6m@ehow.com,86-(242)935-1760
240,Ms,Frayda Brende,M,8/05/2003,932,Helena,,China,fbrende6n@smugmug.com,86-(887)567-4228
241,Honorable,Rip Oakeshott,M,7/04/2006,2324,South,,China,roakeshott6o@e-recht24.de,86-(623)277-3854
242,Ms,Cordey Lubomirski,M,1/11/2003,1913,Truax,,Indonesia,clubomirski6p@wisc.edu,62-(980)605-0716
243,Dr,Cherie Speak,F,7/14/2003,2,Glendale,,China,cspeak6q@so-net.ne.jp,86-(215)529-2970
244,Ms,Tadd Laker,M,8/06/2007,4962,Pennsylvania,Alberta,Canada,tlaker6r@amazon.co.jp,1-(596)190-1683
245,Dr,Matthaeus Lourens,M,5/16/1988,96,Meadow Vale,,Slovenia,mlourens6s@comcast.net,386-(595)735-7527
246,Ms,Jenifer Cristofori,F,8/28/1987,5,Maryland,,Czech Republic,jcristofori6t@geocities.jp,420-(450)210-4169
247,Dr,Jessamyn Isenor,M,5/28/1987,7,Welch,,China,jisenor6u@smugmug.com,86-(797)311-8644
248,Ms,Jacquetta Cossons,F,4/16/1984,71,Prairieview,,Finland,jcossons6v@list-manage.com,358-(612)816-6053
249,Ms,Saidee Alessandone,F,11/14/1986,78,Helena,Skåne,Sweden,salessandone6w@blogger.com,46-(812)207-1594
250,Dr,Chrotoem Sproston,M,5/26/1982,655,Lunder,,Gambia,csproston6x@cmu.edu,220-(789)168-8440
251,Mr,Etti Wheatman,F,10/01/2006,9,Packers,Champagne-Ardenne,France,ewheatman6y@washington.edu,33-(839)825-6365
252,Dr,Florence Fancy,M,11/08/2006,1,Stephen,,Indonesia,ffancy6z@freewebs.com,62-(343)690-5777
253,Mr,Felic Ardling,M,6/18/1983,9922,Fremont,,Ireland,fardling70@wsj.com,353-(918)885-3971
254,Ms,Alexia Lettington,F,3/03/1983,9,Amoth,,Peru,alettington71@kickstarter.com,51-(203)637-0801
255,Honorable,Tye Gorman,M,4/04/1995,67,Eggendart,,China,tgorman72@tuttocitta.it,86-(159)315-3557
256,Dr,Irwin Cazereau,M,2/23/2001,1490,Nova,,Finland,icazereau73@globo.com,358-(941)703-3241
257,Rev,Abel Hardman,M,12/18/1998,76,Schiller,,China,ahardman74@state.gov,86-(413)771-6577
258,Honorable,Abba Tippett,F,8/14/1984,6222,Center,,Brazil,atippett75@nytimes.com,55-(881)343-1408
259,Honorable,Friedrich Richie,F,6/25/2008,258,Sachtjen,,Poland,frichie76@un.org,48-(975)189-7759
260,Mrs,Frederigo Steward,M,1/04/2006,4813,Mcguire,,Poland,fsteward77@techcrunch.com,48-(524)702-8100
261,Ms,Nisse Goldman,F,1/11/1987,612,Heffernan,,Greece,ngoldman78@purevolume.com,30-(195)924-4567
262,Dr,Lara Augustus,F,9/30/1983,8,Anderson,,Finland,laugustus79@bloomberg.com,358-(504)937-9746
263,Honorable,Bobbette Dunthorn,F,7/02/1985,66,Thompson,,Slovakia,bdunthorn7a@tumblr.com,421-(158)356-7808
264,Honorable,Orella Baudin,M,9/25/2001,90200,Sage,Virginia,United States,obaudin7b@twitpic.com,1-(571)180-9690
265,Ms,Verla Yurevich,M,8/25/2006,3,Park Meadow,,China,vyurevich7c@kickstarter.com,86-(609)909-1645
266,Mrs,Jody Gerraty,F,4/06/2006,31471,Saint Paul,,Czech Republic,jgerraty7d@abc.net.au,420-(768)551-3553
267,Honorable,Berny Clavering,F,1/29/2010,9,Superior,Nordrhein-Westfalen,Germany,bclavering7e@yellowbook.com,49-(763)865-0495
268,Ms,Moyra Creser,M,8/16/2000,3,Hooker,,Turkmenistan,mcreser7f@naver.com,993-(862)533-4460
269,Mrs,Mallorie Northrop,M,12/10/1994,981,Hansons,,China,mnorthrop7g@sciencedaily.com,86-(416)165-0239
270,Ms,Vance Heikkinen,F,9/08/1994,3,8th,Rhône-Alpes,France,vheikkinen7h@google.es,33-(220)190-3012
271,Mrs,Brandais Shackleton,M,8/06/1991,3930,Harper,Kalmar,Sweden,bshackleton7i@bizjournals.com,46-(812)362-0975
272,Dr,Mathian Niche,M,4/02/1985,36905,Morningstar,,China,mniche7j@geocities.com,86-(567)493-6521
273,Ms,Constantin Alesbrook,M,12/28/1986,823,Doe Crossing,Lisboa,Portugal,calesbrook7k@biblegateway.com,351-(369)551-5526
274,Honorable,Lenora Marfield,F,4/12/1982,6633,Prairie Rose,,Argentina,lmarfield7l@forbes.com,54-(622)381-4986
275,Dr,Barbaraanne Baitson,M,4/21/1997,2,Corry,,China,bbaitson7m@miibeian.gov.cn,86-(523)724-3162
276,Dr,Merissa Bowers,F,3/22/2002,6312,Melby,,Russia,mbowers7n@yale.edu,7-(424)822-8632
277,Mr,Bevvy Delea,M,6/11/2004,6,Rusk,Lorraine,France,bdelea7o@rakuten.co.jp,33-(686)802-3312
278,Ms,Carmita Toner,M,1/02/1985,19812,Forster,Québec,Canada,ctoner7p@phoca.cz,1-(515)435-9091
279,Mr,Oberon Pantridge,M,2/26/1986,34,Northridge,,China,opantridge7q@ow.ly,86-(181)536-4129
280,Rev,Quintin Gellan,M,11/04/1992,63,Moland,,Russia,qgellan7r@altervista.org,7-(303)985-2276
281,Mrs,Garvey Birk,M,1/23/1995,9,Stang,,Burkina Faso,gbirk7s@columbia.edu,226-(350)122-3336
282,Honorable,Sharleen Huddles,F,9/29/2001,0,Menomonie,,China,shuddles7t@biglobe.ne.jp,86-(882)761-0319
283,Rev,Letty Elton,M,11/24/1994,4662,Bay,,Indonesia,lelton7u@joomla.org,62-(134)899-3915
284,Rev,Bennie Aubrun,M,10/29/1990,802,Elgar,,Greece,baubrun7v@berkeley.edu,30-(477)497-9813
285,Mr,Brigitte Malacrida,M,1/06/2006,98,Bellgrove,,Argentina,bmalacrida7w@photobucket.com,54-(179)319-5522
286,Ms,Renata Sawood,M,6/17/1989,2,Fordem,,Russia,rsawood7x@google.co.jp,7-(657)859-3115
287,Mr,Maggie Bauchop,M,4/28/2004,359,Lukken,,Indonesia,mbauchop7y@ucsd.edu,62-(277)167-3525
288,Dr,Bentley Hallworth,M,10/04/1990,81011,Sage,,Malawi,bhallworth7z@mapquest.com,265-(535)238-8826
289,Mrs,Nannette Morfey,F,7/22/1981,2,Blue Bill Park,,Libya,nmorfey80@geocities.jp,218-(470)377-8987
290,Dr,Blisse Duffer,M,1/22/1985,816,Bartillon,,Comoros,bduffer81@mashable.com,269-(434)936-7820
291,Mr,Tammie Logie,M,2/11/1981,662,Eastlawn,,Russia,tlogie82@illinois.edu,7-(561)423-0732
292,Mr,Denny Rudolf,F,3/01/2007,8,Main,,Russia,drudolf83@weather.com,7-(566)241-6509
293,Mr,Regine Woolvett,F,5/02/1982,91239,Petterle,,Poland,rwoolvett84@ebay.com,48-(684)469-8874
294,Rev,Elana Hallas,F,8/07/2000,1635,Morning,Virginia,United States,ehallas85@sciencedaily.com,1-(571)298-8186
295,Honorable,Stanfield Gercken,M,11/07/2002,68683,Kensington,,China,sgercken86@mac.com,86-(759)187-1703
296,Honorable,Francklyn Voff,M,10/05/2004,57795,Waywood,,Indonesia,fvoff87@cnbc.com,62-(680)772-7767
297,Mr,Chico Antonikov,M,5/21/1989,53948,Orin,,Georgia,cantonikov88@fda.gov,995-(455)633-9950
298,Dr,Harrison Soigne,F,9/10/1980,0,Spenser,Lisboa,Portugal,hsoigne89@nytimes.com,351-(848)838-6118
299,Rev,Lian Carley,M,2/22/2004,44241,Truax,,Saint Vincent and the Grenadines,lcarley8a@bbc.co.uk,1-(298)150-4472
300,Rev,Ruddy Rey,M,1/15/2010,98820,Rutledge,,Philippines,rrey8b@oakley.com,63-(662)943-6813
301,Rev,Dinah Duding,F,5/08/1998,66320,Westerfield,,Philippines,dduding8c@t-online.de,63-(917)665-0240
302,Dr,Cyrillus Hulls,M,7/02/1999,8322,Maryland,,Indonesia,chulls8d@posterous.com,62-(262)430-5917
303,Dr,Corey Bernardelli,M,1/03/2010,45744,Haas,,Ireland,cbernardelli8e@epa.gov,353-(632)540-0418
304,Mr,Haydon O'Currigan,M,5/31/1991,904,Pankratz,,Ethiopia,hocurrigan8f@redcross.org,251-(701)651-6097
305,Mrs,Marian Commusso,F,9/09/2006,741,Lillian,,Colombia,mcommusso8g@blogtalkradio.com,57-(282)988-1567
306,Mr,Georges Denington,M,5/31/1990,6283,Barby,,China,gdenington8h@guardian.co.uk,86-(564)732-0135
307,Mr,Nicolais Dykas,M,5/17/1998,165,Hintze,,Honduras,ndykas8i@biglobe.ne.jp,504-(135)490-4730
308,Rev,Amandie Stritton,F,10/14/1995,24,Comanche,,Peru,astritton8j@theguardian.com,51-(574)987-2594
309,Mr,Cazzie Gaine,M,3/27/1982,2,Golf,Île-de-France,France,cgaine8k@youtube.com,33-(374)502-6193
310,Honorable,Lorita Ritter,F,8/18/1998,84,3rd,Bourgogne,France,lritter8l@unblog.fr,33-(934)196-1601
311,Mrs,Bertie Johnsson,F,11/21/2009,403,Bluestem,,Gambia,bjohnsson8m@technorati.com,220-(338)932-6454
312,Mr,Lucian Tarplee,F,1/13/1992,1,Rigney,Pays de la Loire,France,ltarplee8n@blogtalkradio.com,33-(840)736-6847
313,Rev,Tadd Standeven,F,6/23/1989,9,Jenna,,Russia,tstandeven8o@homestead.com,7-(510)574-3416
314,Dr,Prisca Woollons,F,8/23/1982,4195,Northfield,Pennsylvania,United States,pwoollons8p@php.net,1-(610)810-2000
315,Mr,Cicily Valder,F,7/07/1990,6083,Pierstorff,Coimbra,Portugal,cvalder8q@cargocollective.com,351-(731)803-5412
316,Ms,Putnem McKellar,M,12/27/1984,998,Main,,China,pmckellar8r@dedecms.com,86-(416)558-2942
317,Ms,Zita Laville,F,7/27/2003,58,Bowman,,Colombia,zlaville8s@histats.com,57-(114)552-9505
318,Honorable,Eddie Hurl,F,2/28/1991,7918,Jenifer,,Poland,ehurl8t@reddit.com,48-(358)457-6587
319,Honorable,Angelique Bacon,F,5/23/2008,3019,Thierer,,Indonesia,abacon8u@meetup.com,62-(453)502-8507
320,Mrs,Starr Corthes,M,2/19/2003,2481,Cordelia,,Egypt,scorthes8v@symantec.com,20-(227)842-5169
321,Dr,Noel McGarrity,F,12/24/2000,259,Bultman,,China,nmcgarrity8w@goodreads.com,86-(771)436-8234
322,Dr,Melany Brehaut,M,6/07/1988,65,Upham,,China,mbrehaut8x@reverbnation.com,86-(649)525-2110
323,Mr,Ashlee Tregien,F,4/11/1994,109,Village,,Indonesia,atregien8y@ucsd.edu,62-(271)572-0106
324,Honorable,Egor Rottery,M,11/01/1991,2130,Sauthoff,,Saudi Arabia,erottery8z@cmu.edu,966-(461)200-3211
325,Honorable,Perl Alfuso,F,7/08/1980,1582,Truax,Porto,Portugal,palfuso90@devhub.com,351-(531)760-5687
326,Rev,Jamey Paolinelli,M,1/16/1992,9207,South,,China,jpaolinelli91@state.gov,86-(578)146-5501
327,Mrs,Aube Uman,M,1/03/2007,5723,Evergreen,,China,auman92@123-reg.co.uk,86-(948)250-5746
328,Mrs,Christyna Hunte,M,6/16/2006,32086,Meadow Ridge,,Indonesia,chunte93@php.net,62-(807)564-1980
329,Mr,Merrilee Bushnell,M,7/19/2001,7594,Continental,,Brazil,mbushnell94@weebly.com,55-(111)963-4012
330,Rev,Noni Tildesley,M,7/11/2001,70419,Sycamore,,Peru,ntildesley95@irs.gov,51-(350)339-2673
331,Mrs,Rhodia Spridgeon,M,11/15/1991,76,Maryland,,China,rspridgeon96@newyorker.com,86-(612)251-3382
332,Dr,Patrizius Oglethorpe,M,5/14/1991,42159,Bultman,,Indonesia,poglethorpe97@joomla.org,62-(694)381-0037
333,Mr,Drud Vanyushin,F,5/12/2005,9,American Ash,,Russia,dvanyushin98@tmall.com,7-(147)838-0132
334,Mr,Lola Bumpus,M,7/26/2004,2990,Monument,,Indonesia,lbumpus99@nationalgeographic.com,62-(624)114-4731
335,Honorable,Pavia Guttridge,F,9/02/1982,9693,Graceland,,Serbia,pguttridge9a@soup.io,381-(455)971-3217
336,Honorable,Stoddard Daymont,M,9/29/1986,7484,Mallard,,Philippines,sdaymont9b@ehow.com,63-(138)955-7765
337,Rev,Roseanne Regnard,F,11/08/1982,17,Merrick,,Russia,rregnard9c@cyberchimps.com,7-(777)991-4332
338,Dr,Marc Grassi,M,8/19/1999,3,Westend,Île-de-France,France,mgrassi9d@irs.gov,33-(175)261-2371
339,Honorable,Amelina Harrema,F,10/20/1980,3463,Bashford,,China,aharrema9e@unblog.fr,86-(499)276-3464
340,Ms,Devina Ludlow,M,8/03/2001,85355,Valley Edge,,Serbia,dludlow9f@cocolog-nifty.com,381-(234)751-2760
341,Honorable,Deloria Yarrow,F,8/19/2004,503,Talisman,,Poland,dyarrow9g@t-online.de,48-(384)949-1691
342,Dr,Janeva Gourlie,M,6/07/1995,98,Maple,Stockholm,Sweden,jgourlie9h@youtu.be,46-(652)631-9309
343,Ms,Danella Isselee,F,4/17/1994,8535,Killdeer,,Russia,disselee9i@drupal.org,7-(359)970-8958
344,Honorable,Anne-marie Brewer,M,9/19/2008,7096,Burning Wood,,Comoros,abrewer9j@ibm.com,269-(564)474-2907
345,Mrs,Brit Vader,M,7/28/1992,3,Darwin,,Indonesia,bvader9k@bravesites.com,62-(737)599-1508
346,Rev,Marika Alexandersson,M,11/18/1981,4,Graedel,,China,malexandersson9l@freewebs.com,86-(339)384-0825
347,Rev,Bethany Muffen,F,1/28/1989,97687,Oxford,,Albania,bmuffen9m@freewebs.com,355-(347)169-6819
348,Dr,Fernandina Darkins,M,8/11/1997,4,Bay,,Syria,fdarkins9n@sun.com,963-(411)503-9352
349,Rev,Lizzy Mee,M,1/15/2001,1,Nova,,Russia,lmee9o@guardian.co.uk,7-(214)882-7968
350,Mrs,Helenka Clooney,F,9/09/1991,200,New Castle,Viana do Castelo,Portugal,hclooney9p@google.de,351-(113)301-0863
351,Rev,Misty Robottham,F,12/28/1997,80843,Little Fleur,,Poland,mrobottham9q@blog.com,48-(559)205-5647
352,Honorable,Patin Marsay,M,3/31/1991,46240,Farmco,,Ukraine,pmarsay9r@vimeo.com,380-(385)263-1958
353,Ms,Lynnelle Whatling,F,10/25/1993,4508,Cherokee,,Albania,lwhatling9s@upenn.edu,355-(557)497-6740
354,Mrs,Esme Boshere,M,11/17/2002,436,Oxford,,Japan,eboshere9t@arstechnica.com,81-(329)949-1153
355,Mrs,Miguela Fincham,F,7/19/1982,91,Elgar,,China,mfincham9u@loc.gov,86-(713)409-6783
356,Mrs,Gram Innott,M,10/06/1990,2543,Stang,,Indonesia,ginnott9v@census.gov,62-(272)601-2382
357,Dr,Cristian Habishaw,M,4/23/2003,81268,Maryland,Kentucky,United States,chabishaw9w@patch.com,1-(502)266-7989
358,Mr,Desiree Dessaur,M,7/12/1993,0,Clove,,Philippines,ddessaur9x@cdc.gov,63-(671)581-4645
359,Mr,Paquito Withnall,M,10/18/1982,25,Graceland,,Brazil,pwithnall9y@geocities.jp,55-(151)364-2169
360,Dr,Amabel Goundrill,F,3/06/1981,9,Spenser,,Indonesia,agoundrill9z@issuu.com,62-(302)366-5702
361,Honorable,Zebulen Allabarton,F,4/04/1989,4,Transport,,Brazil,zallabartona0@businessweek.com,55-(258)993-0837
362,Rev,Bruis Launchbury,M,9/25/2003,5876,Mayer,,China,blaunchburya1@nbcnews.com,86-(592)947-5621
363,Mrs,Brucie Stoll,M,11/04/1990,2,Superior,,Indonesia,bstolla2@ning.com,62-(739)290-6600
364,Mr,Gwyn Durtnal,F,8/01/1987,93137,Arizona,,Poland,gdurtnala3@who.int,48-(128)551-5102
365,Rev,Royal MacAdie,M,10/24/1995,3,Morning,,Slovenia,rmacadiea4@ft.com,386-(137)522-9365
366,Mr,Renae Pirdue,M,11/07/1994,724,Luster,,Czech Republic,rpirduea5@weibo.com,420-(627)715-6239
367,Honorable,Heall Maddox,F,5/05/1996,1063,Hollow Ridge,Ontario,Canada,hmaddoxa6@nbcnews.com,1-(696)290-9210
368,Ms,Tam Jarnell,M,3/03/1999,9,Kennedy,,Philippines,tjarnella7@stumbleupon.com,63-(821)509-0283
369,Dr,Gerri Pendlebery,M,1/20/1990,5365,Clove,,Poland,gpendleberya8@apache.org,48-(482)216-9841
370,Honorable,Bendite Eliesco,M,5/12/1989,632,Alpine,Rhône-Alpes,France,beliescoa9@va.gov,33-(625)357-5462
371,Ms,Julieta Cave,M,4/08/1988,97623,Swallow,,Philippines,jcaveaa@bandcamp.com,63-(905)535-4845
372,Rev,Esther Duckers,M,6/14/1984,0,Autumn Leaf,,Czech Republic,educkersab@statcounter.com,420-(415)286-8692
373,Mrs,Rivi Floyde,F,6/07/2004,997,Kinsman,Viseu,Portugal,rfloydeac@ow.ly,351-(847)131-9251
374,Mrs,Lanita Hansmann,F,10/24/1990,4876,Moose,,Lithuania,lhansmannad@usatoday.com,370-(483)494-1218
375,Honorable,Saba Gutch,M,9/17/1995,4,Duke,Île-de-France,France,sgutchae@odnoklassniki.ru,33-(784)276-7578
376,Mr,Lilly Weinmann,F,3/02/1984,95,5th,,Brazil,lweinmannaf@4shared.com,55-(907)733-4693
377,Dr,Theresina London,F,12/18/1982,1844,Colorado,Centre,France,tlondonag@taobao.com,33-(714)774-9113
378,Honorable,Merla Keppel,M,7/05/2001,686,Russell,,Uruguay,mkeppelah@51.la,598-(442)679-1826
379,Mrs,Effie Garretson,F,11/01/1999,30,Menomonie,Porto,Portugal,egarretsonai@shop-pro.jp,351-(553)209-2778
380,Dr,Cassandry Clissold,M,6/26/2003,6,Kim,,Thailand,cclissoldaj@digg.com,66-(129)391-0182
381,Dr,Ev Mulder,F,7/04/1986,7,Packers,,Philippines,emulderak@google.fr,63-(720)336-7158
382,Mr,Trula Cowey,M,10/11/1981,1,Westridge,,Colombia,tcoweyal@fotki.com,57-(867)312-8474
383,Ms,Ulrica Boulstridge,M,9/17/1986,9744,Del Mar,,Czech Republic,uboulstridgeam@live.com,420-(491)380-4028
384,Mr,Lin Drews,M,8/19/1982,1,Stone Corner,,Indonesia,ldrewsan@java.com,62-(493)439-9329
385,Rev,Irita Vinson,F,5/03/1994,714,Loftsgordon,,China,ivinsonao@sogou.com,86-(543)507-7678
386,Mr,Adair Tessyman,F,6/10/1999,9776,Milwaukee,,Guatemala,atessymanap@cafepress.com,502-(878)352-9247
387,Rev,Smitty Chrippes,F,12/13/1995,31,Jenna,,Mongolia,schrippesaq@tamu.edu,976-(877)553-2089
388,Ms,Corbet Burkart,F,4/11/2000,753,Dryden,,Ukraine,cburkartar@ning.com,380-(732)214-2599
389,Mr,Alic Wheeler,F,5/05/2000,6110,Browning,,Armenia,awheeleras@google.ca,374-(276)235-6153
390,Mrs,Karisa Quennell,M,1/26/2001,1,Florence,Csongrád,Hungary,kquennellat@dedecms.com,36-(190)270-3519
391,Dr,Estrella Glover,M,4/13/1985,17693,Bobwhite,,Japan,egloverau@archive.org,81-(228)553-6534
392,Mr,Riobard Sleaford,M,1/14/2003,650,Schlimgen,,Peru,rsleafordav@uol.com.br,51-(558)928-6942
393,Rev,Tailor Stormont,F,9/03/1982,397,Merry,,Ghana,tstormontaw@jimdo.com,233-(491)531-3553
394,Mr,Gabby Civitillo,F,4/21/1993,839,Pennsylvania,Region Hovedstaden,Denmark,gcivitilloax@gov.uk,45-(995)750-6192
395,Mrs,Jaine McGilleghole,M,3/23/1997,17,Hermina,Nevada,United States,jmcgillegholeay@tripadvisor.com,1-(702)632-5847
396,Ms,Vevay de Clerk,F,10/14/2000,11149,Bunting,,Brazil,vdeaz@whitehouse.gov,55-(207)213-4233
397,Ms,Amberly Roads,M,3/07/2006,43,Delaware,,Peru,aroadsb0@people.com.cn,51-(368)137-5129
398,Ms,Sergent Jordison,M,5/06/1999,37,Fuller,,Brazil,sjordisonb1@soup.io,55-(779)131-5268
399,Ms,Maressa Condy,M,6/16/1980,5,Northview,,Brazil,mcondyb2@boston.com,55-(885)562-3422
400,Rev,Dorene Sadgrove,M,6/14/2009,5,Basil,,Ukraine,dsadgroveb3@constantcontact.com,380-(658)763-9573
401,Ms,Ara Roycroft,F,9/04/1995,8,Miller,,China,aroycroftb4@china.com.cn,86-(434)692-0385
402,Honorable,Danette Chess,F,3/23/1984,1,Corben,,Guatemala,dchessb5@google.de,502-(954)563-6960
403,Dr,Mortie Saintsbury,F,1/15/1982,313,Laurel,,Senegal,msaintsburyb6@nps.gov,221-(939)643-3718
404,Mrs,Bay Husthwaite,F,7/24/1983,7234,Grim,,Burkina Faso,bhusthwaiteb7@dion.ne.jp,226-(203)829-3567
405,Mrs,Carmen Staniforth,M,2/15/1999,7660,Spenser,,Bolivia,cstaniforthb8@utexas.edu,591-(706)302-1202
406,Mrs,Daisy Rennard,F,3/12/1989,9683,Bellgrove,,China,drennardb9@cam.ac.uk,86-(463)692-3507
407,Ms,Bink Hub,F,1/24/2005,47,Hazelcrest,,China,bhubba@gizmodo.com,86-(508)626-6326
408,Honorable,Petronilla Ghilardi,M,2/18/1999,11,Pierstorff,,China,pghilardibb@flickr.com,86-(292)375-8358
409,Mr,Nathalie Tonepohl,M,10/16/2002,8,Golf Course,,Philippines,ntonepohlbc@oracle.com,63-(318)767-4419
410,Honorable,Walsh Scheffler,F,8/28/1998,38779,Village Green,,China,wschefflerbd@marriott.com,86-(329)290-2634
411,Rev,Hyacintha Jery,M,7/03/2005,8,Mitchell,,Jamaica,hjerybe@ucla.edu,1-(899)637-9216
412,Dr,Mile Kemwall,M,4/07/1995,370,Ohio,Florida,United States,mkemwallbf@elpais.com,1-(352)692-5212
413,Mrs,Jayne Oxtaby,F,5/22/2003,2106,Karstens,,Greece,joxtabybg@wufoo.com,30-(610)531-9350
414,Dr,Kerry O'Reilly,F,12/21/1988,94,Spohn,,Brazil,koreillybh@123-reg.co.uk,55-(679)612-8263
415,Mr,Lizabeth Van der Brug,M,10/23/2002,5395,Shasta,,Indonesia,lvanbi@barnesandnoble.com,62-(721)539-4983
416,Ms,Doretta Streets,F,12/25/1985,76996,Mifflin,,Indonesia,dstreetsbj@mapy.cz,62-(469)977-7097
417,Mr,Ulrica Nettleship,M,7/22/2005,4,Dorton,,Indonesia,unettleshipbk@eepurl.com,62-(793)567-0275
418,Rev,Zea McDunlevy,F,2/02/2010,8582,Cardinal,,China,zmcdunlevybl@nationalgeographic.com,86-(911)679-1318
419,Dr,Saundra Tanton,F,3/12/1995,3428,Dorton,,China,stantonbm@imgur.com,86-(540)702-1160
420,Dr,Wilt Hallet,M,4/01/2005,1,Gina,,Japan,whalletbn@home.pl,81-(628)541-4887
421,Mrs,Jimmie Hearty,F,12/07/2009,283,Mifflin,,Peru,jheartybo@fotki.com,51-(858)160-9464
422,Dr,Samantha Briggdale,M,4/01/1990,5,Saint Paul,,Mali,sbriggdalebp@illinois.edu,223-(844)755-3569
423,Mr,Oliver Dispencer,F,6/23/1989,3169,Heath,,New Caledonia,odispencerbq@rediff.com,687-(699)346-2583
424,Rev,Shamus Gladdor,M,10/29/2004,71,Macpherson,,Indonesia,sgladdorbr@bizjournals.com,62-(297)717-1845
425,Mrs,Nariko Tucknott,M,8/25/1997,4,Thierer,,Honduras,ntucknottbs@prnewswire.com,504-(409)834-4195
426,Mr,Jessee Chagg,M,5/08/2005,25,Basil,,Israel,jchaggbt@earthlink.net,972-(133)700-0923
427,Ms,Berna Rabson,F,8/06/1998,46280,Center,England,United Kingdom,brabsonbu@google.co.uk,44-(195)975-5561
428,Rev,Melli Slowgrove,M,6/21/2006,0,Aberg,,Czech Republic,mslowgrovebv@usnews.com,420-(684)501-0033
429,Mrs,Paule Coulson,M,10/04/1988,4,Boyd,,Indonesia,pcoulsonbw@livejournal.com,62-(708)886-5939
430,Dr,Martino MacIntosh,M,5/05/1993,180,Lakewood Gardens,,Tanzania,mmacintoshbx@blogger.com,255-(153)291-5026
431,Rev,Bailey Succamore,F,5/20/2000,3283,Esker,Lorraine,France,bsuccamoreby@canalblog.com,33-(459)986-8393
432,Dr,Brennen Abatelli,M,9/13/2007,93240,Bashford,,Japan,babatellibz@nydailynews.com,81-(142)745-2395
433,Honorable,Hugues Maasz,M,11/01/1999,51,Grasskamp,,Colombia,hmaaszc0@vk.com,57-(691)812-0019
434,Honorable,Easter Kiddy,M,1/24/2001,9936,Boyd,Texas,United States,ekiddyc1@prnewswire.com,1-(210)762-2958
435,Mrs,Goldie Tallow,M,5/28/1992,264,Helena,,Poland,gtallowc2@wikimedia.org,48-(829)765-8550
436,Rev,Lek Speddin,F,10/08/1993,309,Thierer,,Indonesia,lspeddinc3@google.fr,62-(824)569-3526
437,Mr,Boote Doberer,M,12/13/1980,3,Eggendart,,Croatia,bdobererc4@instagram.com,385-(224)918-5977
438,Ms,John Baurerich,F,12/30/1986,6635,Westport,Nordrhein-Westfalen,Germany,jbaurerichc5@netscape.com,49-(254)879-4832
439,Mrs,Aldis Doley,M,5/23/1981,2018,Dennis,,Greece,adoleyc6@wordpress.com,30-(411)751-6760
440,Rev,Harley Trimby,F,10/30/1997,2,Continental,,Japan,htrimbyc7@alexa.com,81-(634)399-5807
441,Mrs,Ryan Hebdon,F,8/19/2002,1319,Steensland,,Ukraine,rhebdonc8@networkadvertising.org,380-(870)384-0794
442,Rev,Moore Caveill,F,9/06/2002,7,Knutson,,Russia,mcaveillc9@whitehouse.gov,7-(817)484-6787
443,Mrs,Lynnet Di Roberto,F,7/11/1996,30,Lakeland,,Philippines,ldica@dedecms.com,63-(621)991-5194
444,Dr,Graig Archbould,M,4/22/2002,95,Norway Maple,,Indonesia,garchbouldcb@ucla.edu,62-(712)989-9386
445,Dr,Asia Marde,F,9/02/2005,242,Talisman,,China,amardecc@oaic.gov.au,86-(855)937-9536
446,Honorable,Page Cominetti,F,10/07/1981,6083,Melby,,Philippines,pcominetticd@bbc.co.uk,63-(212)385-6279
447,Honorable,Lisha Burberye,F,9/02/2000,64,Harper,,Ukraine,lburberyece@list-manage.com,380-(248)601-3045
448,Honorable,Marthe Shaxby,F,10/02/2004,1,Melvin,,Colombia,mshaxbycf@typepad.com,57-(538)544-9690
449,Ms,Vasily Di Giacomo,F,11/26/1993,31,Acker,,Egypt,vdicg@skyrock.com,20-(214)153-9610
450,Honorable,Lacee Howat,M,6/06/1987,982,Namekagon,,Indonesia,lhowatch@bluehost.com,62-(591)441-0663
451,Honorable,Sheelagh Breagan,M,3/16/2009,2,Debs,,Iran,sbreaganci@desdev.cn,98-(438)398-2325
452,Rev,Melodie Raphael,F,4/04/1982,1299,Crest Line,,Colombia,mraphaelcj@printfriendly.com,57-(150)451-4060
453,Honorable,Guthrey Kadwallider,F,5/29/2005,81,Daystar,,Kazakhstan,gkadwalliderck@java.com,7-(959)505-2256
454,Ms,Zach McKeighan,M,2/05/1996,62,Kings,,Russia,zmckeighancl@archive.org,7-(820)540-4735
455,Ms,Annabella Dimitriades,F,10/29/1985,69,Jana,,Japan,adimitriadescm@acquirethisname.com,81-(366)825-7669
456,Honorable,Orlando Amphlett,F,6/21/1993,4,Schmedeman,,Brazil,oamphlettcn@tiny.cc,55-(213)464-9787
457,Dr,Warren Kelbie,M,1/10/1985,78845,Bluejay,,Indonesia,wkelbieco@microsoft.com,62-(595)762-2812
458,Mr,Jonell Ellacombe,M,10/02/1989,4803,Delladonna,,China,jellacombecp@parallels.com,86-(713)349-3298
459,Ms,Courtney Sitlinton,F,6/09/1997,1429,Spaight,,China,csitlintoncq@skyrock.com,86-(422)669-6372
460,Honorable,Myra Bachnic,F,9/13/1993,53,Crownhardt,,Bulgaria,mbachniccr@devhub.com,359-(408)364-2700
461,Rev,Augusto Powter,M,9/09/2009,5,East,,Bahamas,apowtercs@guardian.co.uk,1-(729)240-5124
462,Dr,Nerta Iiannoni,M,7/13/2009,3770,Anderson,,Jamaica,niiannonict@dropbox.com,1-(685)753-0675
463,Honorable,Alysa Medcalf,M,3/30/1987,3,Hoffman,,Poland,amedcalfcu@vimeo.com,48-(598)239-5942
464,Mrs,Vincenty Pollington,M,2/15/2000,497,Vermont,,Poland,vpollingtoncv@e-recht24.de,48-(924)683-6177
465,Mrs,Marlyn Harbison,F,5/14/1996,7,Fisk,,China,mharbisoncw@instagram.com,86-(118)574-3848
466,Dr,Sheilakathryn Jennery,M,10/20/1995,82,Montana,,China,sjennerycx@marketwatch.com,86-(285)105-7649
467,Mrs,Annabell Greenwood,M,10/30/1994,0,Burrows,Missouri,United States,agreenwoodcy@cam.ac.uk,1-(816)746-9606
468,Mr,Joycelin Major,F,5/22/1984,8,Mesta,,Venezuela,jmajorcz@miibeian.gov.cn,58-(830)521-3731
469,Ms,Winna McGregor,M,2/16/1997,850,Johnson,,Uganda,wmcgregord0@weebly.com,256-(484)940-7445
470,Mrs,Bron Labb,F,5/21/1995,140,Chive,,China,blabbd1@goodreads.com,86-(518)392-5716
471,Ms,Zorah Lalonde,M,11/11/1990,68337,Comanche,,Japan,zlalonded2@theguardian.com,81-(255)588-7965
472,Mr,Merrielle Dooley,F,6/24/2009,588,Vidon,,Indonesia,mdooleyd3@vk.com,62-(186)975-7847
473,Mrs,Thane Hunnable,F,7/25/1987,60,Memorial,,China,thunnabled4@intel.com,86-(423)228-2192
474,Rev,Mora Grigolon,M,5/08/2001,2022,Di Loreto,,Czech Republic,mgrigolond5@time.com,420-(246)787-2654
475,Rev,Dannel Gorman,F,8/01/2002,44747,Stang,Franche-Comté,France,dgormand6@aol.com,33-(695)959-7827
476,Rev,Wolf Lawless,F,8/15/2008,59,Lukken,Centre,France,wlawlessd7@posterous.com,33-(306)609-1514
477,Honorable,Myrtice Thrussell,F,3/31/1996,8997,Weeping Birch,,Brazil,mthrusselld8@europa.eu,55-(162)144-1558
478,Ms,Muffin Ballham,M,1/28/2008,1,Mallard,,Argentina,mballhamd9@buzzfeed.com,54-(831)406-6805
479,Ms,Moina Cliff,M,12/21/1993,5509,Troy,,Kyrgyzstan,mcliffda@biglobe.ne.jp,996-(108)977-8632
480,Mr,Jilli Dilkes,F,11/23/2007,77,Hallows,,Ukraine,jdilkesdb@amazon.com,380-(608)695-3943
481,Ms,Aldridge Penylton,M,10/10/1983,5,Blue Bill Park,,Russia,apenyltondc@jugem.jp,7-(760)999-8815
482,Rev,Shellie Ianson,F,10/05/1980,78,Magdeline,,Czech Republic,siansondd@discuz.net,420-(724)847-8615
483,Mrs,Marylynne Ortsmann,M,2/22/2002,8,Mcbride,,Indonesia,mortsmannde@reference.com,62-(977)671-4996
484,Rev,Gerda McIlrath,F,5/10/1995,4,Spohn,,Czech Republic,gmcilrathdf@histats.com,420-(765)599-7690
485,Ms,Dennie Firth,F,10/11/1995,9,Debra,,Kyrgyzstan,dfirthdg@wordpress.com,996-(726)210-0107
486,Rev,Eli Feaveryear,M,12/14/1988,80447,Oriole,Viana do Castelo,Portugal,efeaveryeardh@loc.gov,351-(527)534-4006
487,Mrs,Cornell Kusick,F,10/03/2001,968,Burning Wood,,Nigeria,ckusickdi@upenn.edu,234-(349)201-3771
488,Dr,Emylee Epton,F,5/27/2010,7691,Transport,Texas,United States,eeptondj@altervista.org,1-(915)462-9589
489,Rev,Roxine Ferebee,F,11/26/1998,0,Hovde,,Russia,rferebeedk@europa.eu,7-(381)321-3107
490,Mr,Paula Kobu,F,9/22/1989,0,Warbler,,Japan,pkobudl@multiply.com,81-(696)243-4509
491,Dr,Kirstyn Hansford,F,1/20/1989,66,Gina,,China,khansforddm@google.com.br,86-(679)628-4253
492,Dr,Casar Yonnie,F,7/16/1995,1303,Erie,,New Zealand,cyonniedn@dion.ne.jp,64-(445)439-6792
493,Ms,Izabel Malpas,F,4/14/1999,2,Fairfield,,Russia,imalpasdo@rediff.com,7-(864)153-2585
494,Ms,Sayres Soal,F,9/26/1981,84147,Monica,,China,ssoaldp@usda.gov,86-(901)734-1575
495,Mr,Ly Filtness,F,4/13/1998,8,Sachtjen,,China,lfiltnessdq@cargocollective.com,86-(133)472-3393
496,Honorable,Edgar Duxbarry,F,7/22/1998,860,Sundown,,Kazakhstan,eduxbarrydr@acquirethisname.com,7-(902)132-0767
497,Dr,Royce Matzl,F,5/23/2007,6625,Prairieview,Oaxaca,Mexico,rmatzlds@mac.com,52-(224)578-3718
498,Ms,Jada Hitzke,F,9/05/2000,6350,Sachtjen,,China,jhitzkedt@delicious.com,86-(874)274-1618
499,Honorable,Carolus Semeniuk,F,10/30/1980,895,Clarendon,Kuala Lumpur,Malaysia,csemeniukdu@privacy.gov.au,60-(936)264-6481
500,Ms,Zelig Edgler,M,10/07/1993,2,Reinke,,Indonesia,zedglerdv@themeforest.net,62-(141)695-0579
501,Ms,Eduardo Bowyer,M,10/05/1997,87290,1st,,North Korea,ebowyerdw@skype.com,850-(238)990-1164
502,Mrs,Patti Butcher,F,5/27/1999,9486,Mockingbird,,Saudi Arabia,pbutcherdx@hud.gov,966-(169)127-1413
503,Rev,Sonny Jeroch,F,5/05/1981,69871,Merry,,Argentina,sjerochdy@tinyurl.com,54-(569)782-5898
504,Honorable,Royall Mucillo,M,1/31/1996,13939,Crest Line,,Thailand,rmucillodz@indiatimes.com,66-(986)557-0415
505,Ms,Evonne Duckwith,M,1/07/1986,35,Towne,,Colombia,educkwithe0@ezinearticles.com,57-(691)448-4928
506,Dr,Humfried Porker,M,12/31/2001,3,Ridge Oak,,Indonesia,hporkere1@istockphoto.com,62-(750)672-1120
507,Ms,Georgeanne Stiller,F,12/25/1987,0,Rockefeller,,Indonesia,gstillere2@php.net,62-(812)373-8951
508,Rev,Anett Easman,F,7/25/2000,2,Ridgeview,,Costa Rica,aeasmane3@linkedin.com,506-(841)895-2120
509,Ms,Euphemia Houlton,M,5/13/1990,9,Truax,,China,ehoultone4@mlb.com,86-(194)166-1975
510,Dr,Stacie de Copeman,F,2/29/2004,4,Fallview,Sabah,Malaysia,sdee5@spotify.com,60-(406)367-9197
511,Dr,Teador Martinson,F,11/23/1991,97418,Shasta,,Panama,tmartinsone6@feedburner.com,507-(331)856-4306
512,Ms,Ami Scotchmoor,M,1/10/1982,825,Talmadge,,Ecuador,ascotchmoore7@cmu.edu,593-(865)379-6985
513,Mrs,Ingelbert Buchanan,M,4/30/2003,720,Derek,,Brazil,ibuchanane8@netscape.com,55-(138)857-7797
514,Mrs,Lilllie Medcraft,M,10/26/1990,6,Blaine,,Russia,lmedcrafte9@ask.com,7-(541)393-2760
515,Mrs,Serene Reubbens,M,9/15/1999,978,Oakridge,Sarawak,Malaysia,sreubbensea@homestead.com,60-(901)170-1801
516,Honorable,Charmaine Whieldon,M,2/17/1998,60745,Becker,,China,cwhieldoneb@over-blog.com,86-(296)706-9884
517,Rev,Jonie Minchin,M,4/30/2004,98,Sullivan,Georgia,United States,jminchinec@thetimes.co.uk,1-(770)662-7942
518,Ms,Webster Celiz,F,1/19/1993,34,Heath,,Poland,wcelized@soup.io,48-(877)437-1964
519,Mrs,Jude Saywell,F,10/07/1999,465,Carpenter,,Iraq,jsaywellee@zdnet.com,964-(468)639-8630
520,Mrs,Golda Feldberg,M,8/10/1997,0,Dwight,Québec,Canada,gfeldbergef@bing.com,1-(645)370-1087
521,Rev,Aaron Manford,M,9/26/1990,6884,Derek,,Poland,amanfordeg@virginia.edu,48-(561)906-6987
522,Dr,Cullan Sciusscietto,M,3/18/2009,5984,Pawling,,Albania,csciussciettoeh@bravesites.com,355-(446)875-5163
523,Mrs,Jemie Giacobo,M,3/14/1999,9,Lukken,Basse-Normandie,France,jgiacoboei@va.gov,33-(176)311-0710
524,Rev,Edvard Sambrok,M,4/17/1996,55,1st,,Russia,esambrokej@umich.edu,7-(358)726-0606
525,Honorable,Karole Goodyer,F,7/13/1994,92270,Calypso,,Indonesia,kgoodyerek@google.de,62-(471)882-9392
526,Ms,Koressa Gallaway,F,11/17/2007,6,Dwight,,Poland,kgallawayel@ucla.edu,48-(781)261-4763
527,Honorable,Lucas Gravatt,F,5/20/1994,759,5th,,Ecuador,lgravattem@ehow.com,593-(129)426-5783
528,Mr,Selinda Rops,M,4/30/1995,2968,Moulton,,Thailand,sropsen@nba.com,66-(696)955-6092
529,Dr,Annabela Frugier,F,12/02/1981,2,Fieldstone,,Peru,afrugiereo@senate.gov,51-(874)402-5923
530,Ms,Franklyn Raeburn,F,7/03/2000,15203,Tennyson,,Japan,fraeburnep@purevolume.com,81-(933)541-6045
531,Rev,Siana Chretien,F,1/27/1996,203,Jay,,South Africa,schretieneq@intel.com,27-(277)376-9438
532,Rev,Kenyon Sisse,M,3/05/2006,9438,Surrey,,Russia,ksisseer@cargocollective.com,7-(370)562-2127
533,Mrs,Orton Spiller,M,9/23/1991,6,Summit,,China,ospilleres@angelfire.com,86-(302)409-7192
534,Honorable,Chris Valentine,M,2/20/1986,42832,Linden,,Colombia,cvalentineet@about.me,57-(171)414-4975
535,Ms,Anya Onge,F,2/14/1994,779,Fieldstone,,Vietnam,aongeeu@goo.ne.jp,84-(334)220-7170
536,Ms,Rafe Slack,M,7/14/2000,3,Main,,Kenya,rslackev@imageshack.us,254-(953)410-8558
537,Mrs,Shoshana Mularkey,M,11/02/1985,7984,Linden,,Croatia,smularkeyew@cornell.edu,385-(338)873-5665
538,Dr,Claiborne Thomesson,F,5/23/1983,983,Graceland,,Malawi,cthomessonex@aboutads.info,265-(571)162-3491
539,Mr,Arluene Godball,M,9/05/1986,98758,Judy,,Indonesia,agodballey@apple.com,62-(570)684-7345
540,Ms,Dolli Aird,F,12/08/2004,8,Buhler,,Poland,dairdez@apache.org,48-(756)735-7860
541,Dr,Elsi St. Hill,M,12/01/1984,398,Westport,,Philippines,estf0@youtu.be,63-(111)856-1391
542,Ms,Crysta Hare,M,6/09/1983,44,Dawn,,Indonesia,charef1@unesco.org,62-(834)626-6315
543,Rev,Stanleigh Quenell,F,9/17/2002,92,Daystar,,Greece,squenellf2@amazon.co.jp,30-(436)642-8885
544,Ms,Alayne Robard,F,7/21/1995,6,Mayfield,,Indonesia,arobardf3@wunderground.com,62-(196)383-2380
545,Ms,Bartolemo Hasty,F,3/11/2006,47,Acker,,Indonesia,bhastyf4@foxnews.com,62-(902)409-7555
546,Dr,Darla Iacovielli,M,10/14/1990,75209,Arapahoe,Missouri,United States,diacoviellif5@gov.uk,1-(314)179-3369
547,Rev,Danya Oran,F,11/17/1990,12,Esker,,Brazil,doranf6@nbcnews.com,55-(411)222-8556
548,Mr,Selena Garza,F,6/09/1999,61,Annamark,Texas,United States,sgarzaf7@joomla.org,1-(915)256-8592
549,Ms,Hermann Briton,F,4/01/1992,90654,Hallows,,Indonesia,hbritonf8@comcast.net,62-(670)734-3637
550,Mrs,Norby Gullam,M,4/03/2010,24,Oriole,,China,ngullamf9@amazon.com,86-(559)301-9812
551,Rev,Alice Sandells,F,9/17/1991,3,Hazelcrest,,China,asandellsfa@wix.com,86-(104)549-9822
552,Dr,Lulu Eddington,M,3/17/2003,141,Fieldstone,,China,leddingtonfb@de.vu,86-(602)747-9545
553,Rev,Leonerd McCathay,F,11/01/1982,9,Morningstar,Île-de-France,France,lmccathayfc@friendfeed.com,33-(872)363-2449
554,Dr,Hilton Boyson,F,10/20/1988,87,Paget,Ontario,Canada,hboysonfd@phoca.cz,1-(491)669-3884
555,Rev,Giovanna Barson,M,12/11/2008,58435,Coolidge,,China,gbarsonfe@buzzfeed.com,86-(516)716-3078
556,Ms,Phylis Todman,M,11/23/1995,59,Talmadge,,Russia,ptodmanff@pbs.org,7-(278)961-1531
557,Rev,Shepard De Lisle,F,9/06/1984,98274,Doe Crossing,,Chile,sdefg@themeforest.net,56-(261)966-6446
558,Dr,Lezley Armin,F,4/21/1990,94780,Cordelia,,China,larminfh@deliciousdays.com,86-(307)663-5937
559,Dr,Allina Kobierzycki,F,12/20/1999,705,Prairieview,,Colombia,akobierzyckifi@techcrunch.com,57-(599)483-8071
560,Honorable,Flemming Ellerby,M,7/16/2007,37364,Wayridge,,China,fellerbyfj@nih.gov,86-(726)814-4310
561,Mr,Karalynn Lineham,F,6/18/1995,31,Hazelcrest,,Argentina,klinehamfk@blinklist.com,54-(871)844-6301
562,Dr,Kippie Haydon,M,3/04/1990,1,Eastlawn,,China,khaydonfl@cbc.ca,86-(667)545-0684
563,Mrs,Cyb Wimes,F,3/08/1985,4463,Nelson,,Philippines,cwimesfm@geocities.jp,63-(185)867-2743
564,Dr,Kynthia Cozby,F,7/01/1984,651,Independence,,Russia,kcozbyfn@intel.com,7-(431)798-0651
565,Ms,Gaultiero Kovalski,M,11/03/1983,80,Talisman,West Virginia,United States,gkovalskifo@whitehouse.gov,1-(304)108-1168
566,Mr,Fredek Bennett,F,11/11/1982,12,Pierstorff,,Comoros,fbennettfp@sciencedaily.com,269-(282)511-2991
567,Mr,Rudolfo Wroath,F,2/17/1982,1,Thompson,,Egypt,rwroathfq@elpais.com,20-(324)131-9949
568,Mrs,Lelah Traske,F,9/27/2008,1039,Summit,,Thailand,ltraskefr@gmpg.org,66-(742)782-9142
569,Ms,Emmalee Goodhall,F,6/26/2005,4,Ridgeway,,Finland,egoodhallfs@reddit.com,358-(707)673-0040
570,Honorable,Fabio Linning,F,5/17/2005,329,Holmberg,,Philippines,flinningft@123-reg.co.uk,63-(940)420-4223
571,Ms,Dall Polhill,M,8/06/1996,109,Carpenter,,Brazil,dpolhillfu@europa.eu,55-(382)311-7769
572,Rev,Larina Musprat,F,5/14/1997,59,Debs,,Namibia,lmuspratfv@goodreads.com,264-(802)258-3892
573,Ms,Kimmie Goodlake,F,3/20/2001,684,7th,,Nigeria,kgoodlakefw@lycos.com,234-(137)742-0746
574,Mr,Annabel Frugier,F,9/04/1988,56142,Mcbride,,Peru,afrugierfx@people.com.cn,51-(977)155-6221
575,Rev,Hyman O'Sullivan,F,9/03/2001,99574,Tennessee,Guanajuato,Mexico,hosullivanfy@blogs.com,52-(995)237-1151
576,Rev,Rolando Twoohy,M,10/30/1995,6454,Shopko,,Brazil,rtwoohyfz@abc.net.au,55-(969)260-1246
577,Mr,Brena Drees,M,5/29/1991,35,Kings,,Russia,bdreesg0@wikia.com,7-(840)572-3493
578,Mr,Ann Wickrath,M,1/06/2004,19,Moland,,Philippines,awickrathg1@yale.edu,63-(465)916-1720
579,Mr,Anne-corinne Cund,F,4/23/2000,75,Emmet,California,United States,acundg2@cocolog-nifty.com,1-(916)441-1006
580,Ms,Lou Record,M,12/28/2008,402,Twin Pines,,Indonesia,lrecordg3@paginegialle.it,62-(386)144-8899
581,Rev,Mufi Sharple,F,4/19/1988,48305,Golf Course,,Macedonia,msharpleg4@wisc.edu,389-(621)926-4695
582,Dr,Sadye Ridett,M,8/11/2001,6943,Hollow Ridge,Ohio,United States,sridettg5@dyndns.org,1-(330)945-6888
583,Mr,Rhonda Gyse,F,3/30/1991,581,Clyde Gallagher,,China,rgyseg6@usnews.com,86-(824)541-9996
584,Ms,Tracey Pinnock,F,4/14/1998,7,Montana,Mexico,Mexico,tpinnockg7@cpanel.net,52-(701)202-9179
585,Ms,Violette Kennerley,M,8/24/1990,65,Nova,,Indonesia,vkennerleyg8@webeden.co.uk,62-(444)427-7145
586,Mrs,Marta Erangy,M,4/22/1988,6,Di Loreto,,China,merangyg9@rakuten.co.jp,86-(998)594-1741
587,Mr,Kelly Helin,M,7/24/1990,4179,Menomonie,,Philippines,khelinga@kickstarter.com,63-(890)898-8116
588,Dr,Dugald Orrock,M,8/22/1995,83,Nobel,,Philippines,dorrockgb@homestead.com,63-(397)755-8847
589,Rev,Leeanne Kleinstein,F,4/14/1981,78,Nancy,,China,lkleinsteingc@google.com,86-(918)784-1861
590,Dr,Latisha Kirdsch,F,4/25/1992,78896,Prairieview,,Thailand,lkirdschgd@cnbc.com,66-(363)627-6257
591,Ms,Leigh Gosforth,F,2/26/1995,84,Nobel,,China,lgosforthge@squidoo.com,86-(897)432-5767
592,Dr,Amalia MacAlpin,M,5/05/2005,90020,Kenwood,,Democratic Republic of the Congo,amacalpingf@google.cn,242-(866)175-9260
593,Mr,Locke Phettiplace,M,1/28/1982,30270,Autumn Leaf,,Argentina,lphettiplacegg@lulu.com,54-(333)425-5485
594,Dr,Jyoti Spears,F,8/18/1985,84,Kings,,Indonesia,jspearsgh@tinyurl.com,62-(355)682-3695
595,Mrs,Dawn De Bruijne,M,2/07/2008,910,Haas,Michoacan De Ocampo,Mexico,ddegi@bbb.org,52-(339)611-3125
596,Rev,Dayna Gellett,F,1/19/2008,8521,Browning,,Bulgaria,dgellettgj@1688.com,359-(552)965-5096
597,Rev,Irma Caldow,M,9/25/1986,8525,Farmco,,Dominican Republic,icaldowgk@aboutads.info,1-(368)652-5842
598,Mrs,Carena Tobin,F,4/18/1984,1,Saint Paul,,Indonesia,ctobingl@yellowbook.com,62-(194)236-8764
599,Mrs,Brennan Red,F,1/19/1983,76545,Cherokee,,Indonesia,bredgm@livejournal.com,62-(657)227-4631
600,Mrs,Lenka Abramin,F,10/24/2001,64,Sherman,,Indonesia,labramingn@ow.ly,62-(819)930-7004
601,Mrs,Fidela Gainsbury,M,7/23/1993,45,Dixon,,Finland,fgainsburygo@163.com,358-(759)587-6895
602,Dr,Archy Dinneen,M,6/23/2007,53364,Florence,Stockholm,Sweden,adinneengp@simplemachines.org,46-(380)188-1243
603,Dr,Douglass Dudmesh,M,10/07/1983,79,Melrose,,Indonesia,ddudmeshgq@ning.com,62-(674)836-2999
604,Mrs,Willyt Buckthorp,M,12/19/2005,21,Springview,,Ukraine,wbuckthorpgr@about.com,380-(284)316-3242
605,Mr,Mona Landsberg,M,11/28/2002,4,Nevada,,Croatia,mlandsberggs@tuttocitta.it,385-(603)926-7860
606,Dr,Jobyna McCully,M,2/25/2009,40515,Katie,,China,jmccullygt@symantec.com,86-(704)725-6466
607,Mr,Gael Skoughman,F,1/29/1988,1,Sage,,Peru,gskoughmangu@mac.com,51-(167)320-7312
608,Mr,Reggie Stranahan,F,2/14/1999,879,Morning,,Cameroon,rstranahangv@buzzfeed.com,237-(553)460-7632
609,Dr,Krystalle O'Sharry,F,9/18/1999,96,Randy,,Argentina,kosharrygw@dailymail.co.uk,54-(789)127-8239
610,Ms,Mathe Perrottet,M,3/11/2008,5,Nancy,,China,mperrottetgx@sfgate.com,86-(780)102-0396
611,Mrs,Iago Orneblow,F,11/17/2005,5503,Prentice,,Honduras,iorneblowgy@va.gov,504-(331)521-6056
612,Ms,Ignaz Sorsbie,M,4/07/1991,86966,Judy,,Russia,isorsbiegz@wufoo.com,7-(912)219-5313
613,Rev,Kinna Thying,F,7/21/1985,545,Di Loreto,,Madagascar,kthyingh0@reuters.com,261-(273)293-1925
614,Ms,Davide Pinckney,M,2/11/1992,63,Russell,Södermanland,Sweden,dpinckneyh1@harvard.edu,46-(165)493-6501
615,Ms,Lilyan Grebert,F,1/13/1985,4,Mitchell,,Czech Republic,lgreberth2@google.ca,420-(396)416-0726
616,Mr,Garner Zamboniari,F,6/04/1980,5486,Everett,,Azerbaijan,gzamboniarih3@technorati.com,994-(470)349-0586
617,Dr,Tessa Ricardin,M,10/21/1991,5027,Westend,,Indonesia,tricardinh4@bandcamp.com,62-(824)896-7638
618,Rev,Maude Kingsford,M,4/15/2009,36,Rockefeller,,South Africa,mkingsfordh5@wikipedia.org,27-(700)557-8175
619,Dr,Joyan Abrahamsson,M,9/18/1999,11186,Karstens,,China,jabrahamssonh6@state.gov,86-(902)156-6299
620,Mrs,Wilbur Breffit,M,11/22/1983,474,Westend,,China,wbreffith7@booking.com,86-(476)815-2285
621,Honorable,Gerrie Poxson,M,1/28/2000,97,Goodland,,China,gpoxsonh8@tumblr.com,86-(865)975-6422
622,Mrs,Maximilianus Whithalgh,M,4/08/1985,8970,Sullivan,,Greece,mwhithalghh9@gmpg.org,30-(454)614-9867
623,Ms,Crissie Cottom,F,10/04/1993,7,Waubesa,,Russia,ccottomha@ebay.com,7-(466)882-5812
624,Ms,Alanson McGuinley,M,1/29/2010,8588,Harper,,Thailand,amcguinleyhb@virginia.edu,66-(235)138-5733
625,Dr,Inger Pordall,M,12/22/1985,82251,Spohn,,Philippines,ipordallhc@google.nl,63-(123)961-2828
626,Dr,Sissy Miklem,F,10/28/2005,24,Superior,,Brazil,smiklemhd@yahoo.com,55-(656)563-9047
627,Honorable,Caleb Cheke,F,3/17/2008,9,Redwing,,Indonesia,cchekehe@dmoz.org,62-(499)520-6719
628,Dr,Ivett Peart,M,10/16/2005,2049,Upham,,Czech Republic,ipearthf@slate.com,420-(297)629-5087
629,Dr,Raynard McGuinley,F,11/06/1992,6,Delladonna,Provincie Zeeland,Netherlands,rmcguinleyhg@netscape.com,31-(185)268-3399
630,Dr,Sandy Bodman,M,2/10/1985,474,Fallview,,China,sbodmanhh@narod.ru,86-(403)526-2681
631,Mr,Hilly Lyons,F,5/11/2004,40415,Huxley,Île-de-France,France,hlyonshi@networkadvertising.org,33-(182)104-0423
632,Rev,Ulrick Whiteford,F,11/14/2002,99,Rutledge,,Peru,uwhitefordhj@google.com.au,51-(692)190-4742
633,Rev,Thurstan Parkhouse,M,3/13/1989,586,Ronald Regan,,Indonesia,tparkhousehk@twitter.com,62-(845)638-4947
634,Mr,Ahmed Elias,M,3/28/1988,18859,Chinook,,Indonesia,aeliashl@deliciousdays.com,62-(422)138-5675
635,Ms,Charlie McGlade,M,12/29/1985,8625,Gateway,,Indonesia,cmcgladehm@gizmodo.com,62-(776)744-6911
636,Mrs,Grange Gasken,M,7/19/1997,9,Moland,,Nigeria,ggaskenhn@marriott.com,234-(653)646-4636
637,Dr,Shayne Tallet,F,8/11/1997,83,Briar Crest,,Russia,stalletho@uol.com.br,7-(371)559-2363
638,Honorable,Carlo Trehearn,F,8/18/2005,520,Loftsgordon,,Brazil,ctrehearnhp@yellowpages.com,55-(885)301-4422
639,Honorable,Cyndie Kenner,F,11/06/2009,8,Upham,,Philippines,ckennerhq@github.io,63-(122)124-8454
640,Ms,Donavon Swatradge,F,7/31/1985,1,Blue Bill Park,Setúbal,Portugal,dswatradgehr@jalbum.net,351-(881)986-7808
641,Ms,Debera Creeboe,F,7/08/2005,15564,Wayridge,Dalarna,Sweden,dcreeboehs@fda.gov,46-(146)990-2346
642,Ms,Lorne Conkling,F,7/18/2009,84,Roth,,Colombia,lconklinght@ucoz.com,57-(909)728-8757
643,Dr,Leonidas Kuschke,F,5/31/1992,7,Prentice,,Peru,lkuschkehu@goo.gl,51-(414)906-9852
644,Ms,Nelly Filon,M,4/08/2004,27074,Lillian,,Panama,nfilonhv@joomla.org,507-(301)822-1464
645,Rev,Lorianna Rowswell,F,12/25/1991,48237,Rowland,,Japan,lrowswellhw@senate.gov,81-(842)479-9499
646,Mr,Benjie Prinnett,F,11/04/1986,2,Parkside,Champagne-Ardenne,France,bprinnetthx@simplemachines.org,33-(913)848-8995
647,Dr,Maje Thorowgood,F,2/06/2003,6,Bowman,,China,mthorowgoodhy@smugmug.com,86-(700)451-8860
648,Mr,Gard Roskam,F,4/28/1995,342,Lakewood,,China,groskamhz@etsy.com,86-(677)918-5394
649,Mrs,Kelsy Charte,M,4/04/1983,29,Hanson,Provincie Zuid-Holland,Netherlands,kchartei0@cbslocal.com,31-(814)623-9851
650,Honorable,Tracie Kleiner,M,11/15/2002,26,Lien,,Philippines,tkleineri1@reference.com,63-(394)672-1839
651,Ms,Antonia Guidera,M,5/21/2009,76,Armistice,,Peru,aguiderai2@cdc.gov,51-(169)463-5974
652,Mrs,Abraham Calleja,F,11/03/1999,1468,Manley,,Russia,acallejai3@samsung.com,7-(874)374-8479
653,Ms,Harbert Hasslocher,F,10/24/2000,918,Sutteridge,,Colombia,hhasslocheri4@wikipedia.org,57-(191)395-2689
654,Mrs,Kirsten Livick,M,10/10/2005,479,Sunbrook,,Russia,klivicki5@vistaprint.com,7-(939)663-0668
655,Honorable,Waring Bush,M,2/15/2007,599,Transport,,Russia,wbushi6@youku.com,7-(655)659-6132
656,Mrs,Barbaraanne Spatarul,F,9/10/1997,96,Glacier Hill,,China,bspataruli7@hatena.ne.jp,86-(335)798-3019
657,Rev,Ezmeralda Tetley,M,1/01/1986,4,Dayton,,Russia,etetleyi8@webs.com,7-(504)709-7569
658,Rev,Stanly Somerton,F,1/12/2005,51,Mayer,Bretagne,France,ssomertoni9@mayoclinic.com,33-(884)998-9568
659,Mrs,Hildegaard Sarrell,M,4/20/2004,9,Claremont,Skåne,Sweden,hsarrellia@cornell.edu,46-(324)870-8942
660,Mr,Ronda Sleeman,F,2/12/2005,8,Colorado,,China,rsleemanib@prweb.com,86-(729)992-2049
661,Ms,Hodge MacIan,M,8/27/1990,356,Delaware,,Iran,hmacianic@trellian.com,98-(631)294-9266
662,Mr,Francesco Chasteau,F,7/20/1985,605,Northview,,South Africa,fchasteauid@issuu.com,27-(706)279-7983
663,Mr,Connor Gascoine,F,11/26/1985,16,Killdeer,,China,cgascoineie@tripadvisor.com,86-(101)493-3613
664,Ms,Urban McGloin,M,12/24/1982,59,Dottie,,Russia,umcgloinif@example.com,7-(250)248-3789
665,Ms,Robert Valeri,M,3/05/1982,35357,8th,,Czech Republic,rvaleriig@walmart.com,420-(853)387-0639
666,Mrs,Casper Adin,M,6/30/2005,70487,Sage,,Belarus,cadinih@weebly.com,375-(343)441-2875
667,Mrs,Bella Farady,M,1/23/1992,728,Laurel,,China,bfaradyii@princeton.edu,86-(971)474-5849
668,Mr,Andre Lowthorpe,M,6/14/2003,78753,Katie,,New Zealand,alowthorpeij@blog.com,64-(889)295-9326
669,Rev,Beatriz Swaton,F,6/13/2009,154,Northland,,Andorra,bswatonik@dot.gov,376-(679)503-5664
670,Mrs,Kelsey Comins,F,8/03/2004,19418,Granby,,China,kcominsil@fc2.com,86-(949)888-7969
671,Dr,Giorgia VanBrugh,M,3/01/2006,660,Lighthouse Bay,Basse-Normandie,France,gvanbrughim@free.fr,33-(768)113-5873
672,Honorable,Simonette Dake,M,12/21/1994,652,Leroy,,Philippines,sdakein@bizjournals.com,63-(648)904-1336
673,Mrs,Kristen Gravells,F,10/15/1985,1933,Menomonie,,El Salvador,kgravellsio@delicious.com,503-(690)395-6717
674,Dr,Koren Reames,M,11/11/1988,5,Burrows,,Brazil,kreamesip@loc.gov,55-(120)218-9353
675,Rev,Darby Husselbee,F,10/04/1989,85,Ridge Oak,Hamburg,Germany,dhusselbeeiq@japanpost.jp,49-(344)825-6978
676,Rev,Terencio Soldner,F,3/24/1981,496,Bayside,,China,tsoldnerir@google.de,86-(342)500-8409
677,Rev,Tull Bohlmann,M,3/09/1987,73674,Crownhardt,,Czech Republic,tbohlmannis@businessweek.com,420-(620)955-6965
678,Mrs,Valencia Goodday,F,2/22/1995,344,Dakota,,Philippines,vgooddayit@1688.com,63-(444)710-6814
679,Honorable,Lulita Kondrat,F,7/13/1998,24694,Forest Run,,Czech Republic,lkondratiu@zdnet.com,420-(403)472-9165
680,Honorable,Amandi Gumley,M,3/06/2007,8193,Westerfield,,Greece,agumleyiv@fema.gov,30-(100)430-9242
681,Mr,Shayne Gerrels,F,2/01/2006,0,Spenser,,Pakistan,sgerrelsiw@barnesandnoble.com,92-(586)662-5893
682,Mrs,Kennith Betham,M,2/20/1983,55,Morrow,Stockholm,Sweden,kbethamix@nymag.com,46-(116)449-6974
683,Honorable,Judah Scones,M,8/27/2000,2550,Pierstorff,,Russia,jsconesiy@mit.edu,7-(515)767-5883
684,Mrs,Cherilynn Calwell,F,7/20/1991,7470,Jackson,,Czech Republic,ccalwelliz@theglobeandmail.com,420-(378)321-3783
685,Dr,Charyl Geraudel,F,2/05/2007,3,Spaight,,Paraguay,cgeraudelj0@nps.gov,595-(708)844-7749
686,Mrs,Veradis Peevor,M,12/26/1995,95267,Clove,,Guatemala,vpeevorj1@go.com,502-(347)747-8188
687,Rev,Schuyler Ellen,M,6/19/2009,9098,Towne,,Russia,sellenj2@themeforest.net,7-(400)493-5857
688,Honorable,Sherlock Mungane,M,4/21/1989,8,Sullivan,,Ukraine,smunganej3@google.com.br,380-(390)506-1225
689,Mr,Chev Estrella,F,2/19/1984,12022,Hanson,,Indonesia,cestrellaj4@cafepress.com,62-(272)873-8500
690,Mr,Gates Corkett,M,12/15/1988,55,Rieder,Iowa,United States,gcorkettj5@berkeley.edu,1-(515)359-0060
691,Ms,Sinclare Guerin,M,9/08/1993,410,Forest,,Tajikistan,sguerinj6@qq.com,992-(322)582-9271
692,Honorable,Gerald Epton,M,10/05/2006,35,Myrtle,,Brazil,geptonj7@ebay.com,55-(531)736-6989
693,Mr,Terri Ingledew,M,4/10/2005,2939,Lotheville,California,United States,tingledewj8@tinypic.com,1-(916)118-1351
694,Mr,Laetitia Heinig,M,9/30/2006,7499,Emmet,,Nigeria,lheinigj9@admin.ch,234-(769)333-3860
695,Rev,Somerset Isacoff,F,8/06/1988,4488,Northport,,China,sisacoffja@so-net.ne.jp,86-(566)803-2453
696,Rev,Maje McComas,F,6/15/1981,841,Welch,,China,mmccomasjb@twitter.com,86-(315)693-9834
697,Mrs,Wittie Bouskill,M,4/26/1997,7531,Haas,,Czech Republic,wbouskilljc@paypal.com,420-(125)275-2800
698,Rev,Thaine Keer,M,5/11/2002,366,Sutherland,,China,tkeerjd@ovh.net,86-(623)347-8148
699,Mr,Marlin Mersh,F,8/04/2003,898,Eastwood,,China,mmershje@hubpages.com,86-(571)449-4169
700,Honorable,Hadria Gladwin,M,6/25/2007,91,Kim,,Indonesia,hgladwinjf@ebay.com,62-(754)825-7308
701,Dr,Ellene Leppington,F,7/05/2005,2,Gulseth,,Macedonia,eleppingtonjg@unc.edu,389-(968)187-5018
702,Mrs,Gabriell Abrahamsohn,M,6/02/1982,492,Hagan,,Philippines,gabrahamsohnjh@deviantart.com,63-(899)574-8793
703,Honorable,Pren Douse,M,4/22/2009,59642,Old Gate,,Indonesia,pdouseji@bandcamp.com,62-(952)813-4518
704,Mrs,Pavia Zecchetti,F,10/25/1989,664,Kensington,,Indonesia,pzecchettijj@prlog.org,62-(682)785-9559
705,Honorable,Jeffry Northcote,F,11/22/1998,7193,Milwaukee,,China,jnorthcotejk@cisco.com,86-(548)948-6846
706,Mr,Elysia Glyn,M,11/05/1991,965,Hanover,,Czech Republic,eglynjl@drupal.org,420-(901)282-0537
707,Dr,Addy Ligerton,F,2/18/1985,8455,Mallard,,Peru,aligertonjm@ucoz.com,51-(966)871-4851
708,Rev,Raynor Eardley,F,11/17/1987,39576,Myrtle,,Russia,reardleyjn@so-net.ne.jp,7-(610)938-3433
709,Dr,Essie Chadwell,M,2/01/1989,36,Longview,Setúbal,Portugal,echadwelljo@house.gov,351-(834)439-3650
710,Honorable,Sherwin Radband,M,12/22/1999,21,Packers,,Croatia,sradbandjp@prlog.org,385-(417)167-1369
711,Mr,Audrey Everard,M,12/12/2004,9,Barby,,Peru,aeverardjq@comsenz.com,51-(173)584-6191
712,Mrs,Esme Barette,F,8/13/2003,7831,Rusk,,Brazil,ebarettejr@comsenz.com,55-(676)538-4221
713,Dr,Aarika Shiril,F,7/07/2001,1,Gateway,,China,ashiriljs@instagram.com,86-(249)646-8899
714,Honorable,Georgie Battista,F,3/03/1999,0,Claremont,,China,gbattistajt@stanford.edu,86-(170)148-5176
715,Rev,Chad Chitham,M,8/15/1999,77,Coleman,Setúbal,Portugal,cchithamju@vinaora.com,351-(421)662-7524
716,Dr,Rozele Crighten,F,2/22/1985,412,Carberry,,Indonesia,rcrightenjv@si.edu,62-(252)517-5092
717,Rev,Jeddy Hickisson,M,10/28/1994,4406,Melody,,Honduras,jhickissonjw@va.gov,504-(246)432-7765
718,Honorable,Farand Groger,M,5/26/2005,83434,Forest,,Japan,fgrogerjx@sitemeter.com,81-(749)424-8176
719,Mrs,Hillard Woolrich,F,5/13/1990,762,Chinook,,Syria,hwoolrichjy@cloudflare.com,963-(570)126-8048
720,Mrs,Krystyna Northidge,M,9/26/1991,29,Roxbury,Bragança,Portugal,knorthidgejz@whitehouse.gov,351-(645)229-5113
721,Mr,Adora Palleske,M,2/13/2009,61420,Toban,Indiana,United States,apalleskek0@jimdo.com,1-(317)385-0200
722,Honorable,Laughton Kehoe,F,4/22/2007,91,Westport,Lorraine,France,lkehoek1@prlog.org,33-(206)784-4284
723,Honorable,Arvie Maguire,F,11/09/1996,9696,Oak Valley,Stockholm,Sweden,amaguirek2@digg.com,46-(284)320-0975
724,Dr,Nancey Dewane,M,3/06/1986,629,Continental,,Japan,ndewanek3@google.co.uk,81-(614)758-5449
725,Ms,Sibeal Courage,M,6/28/1984,3613,Sunnyside,,Indonesia,scouragek4@umich.edu,62-(664)776-6013
726,Mr,Nike Ogdahl,M,1/08/1988,11088,Cardinal,,Armenia,nogdahlk5@yolasite.com,374-(965)160-2478
727,Mrs,Adriena Brando,M,7/18/1985,37160,Banding,,Japan,abrandok6@freewebs.com,81-(945)974-6209
728,Mrs,Sandi Mordey,M,1/13/1999,1,Clarendon,,Poland,smordeyk7@goo.gl,48-(785)450-8139
729,Honorable,Velma Frostdicke,M,2/18/1990,22,Dottie,,Indonesia,vfrostdickek8@newyorker.com,62-(356)274-2633
730,Rev,Johan Domenichini,M,11/02/1986,9461,Hagan,,Philippines,jdomenichinik9@gravatar.com,63-(405)121-1850
731,Honorable,Jard Tumasian,M,7/09/2003,1,Nevada,,Tunisia,jtumasianka@artisteer.com,216-(146)657-2716
732,Mr,Ravi Dibbs,F,5/06/2005,4,Artisan,,Greece,rdibbskb@ucoz.com,30-(670)719-4240
733,Rev,Menard Stringman,F,9/27/1994,8,2nd,,Mongolia,mstringmankc@naver.com,976-(564)267-5615
734,Dr,Devinne Rumens,F,10/07/1997,8380,Daystar,,China,drumenskd@usgs.gov,86-(528)227-0568
735,Dr,Cindie Keirl,M,9/11/1991,6393,Fremont,,Ukraine,ckeirlke@exblog.jp,380-(603)888-0985
736,Rev,Berke Spurrior,F,7/31/1994,1,Claremont,,Japan,bspurriorkf@icq.com,81-(936)425-3412
737,Rev,Flore Ormshaw,M,8/15/1987,3239,Scott,,Czech Republic,formshawkg@weather.com,420-(110)857-2696
738,Honorable,Agnesse Grayne,F,9/12/1992,485,Lyons,,China,agraynekh@eepurl.com,86-(160)344-3931
739,Dr,Joseito Skeldinge,F,4/03/1983,43,Sutteridge,,Indonesia,jskeldingeki@adobe.com,62-(454)696-5420
740,Dr,Adey Tremmil,M,11/02/2006,7736,Crownhardt,,Indonesia,atremmilkj@usgs.gov,62-(682)171-6493
741,Honorable,Consolata O'Caine,M,8/21/1987,3245,Hollow Ridge,,Mongolia,cocainekk@typepad.com,976-(736)791-3598
742,Ms,Nobe Blennerhassett,M,11/12/2007,8219,Mayer,,China,nblennerhassettkl@last.fm,86-(303)919-3991
743,Ms,Lizabeth Haspineall,F,5/22/1999,9,Ridgeview,,Slovenia,lhaspineallkm@apache.org,386-(403)493-7863
744,Mr,Seward Winckworth,F,3/01/2002,11650,Helena,,Iran,swinckworthkn@ihg.com,98-(361)963-5314
745,Rev,Hana Marton,M,8/06/1985,1,Carioca,,Vietnam,hmartonko@aboutads.info,84-(998)111-5294
746,Dr,Wanda Zaniolo,F,8/29/1993,4,Northport,Connecticut,United States,wzaniolokp@amazon.com,1-(203)811-8536
747,Rev,Brockie Gilbart,F,11/09/1984,522,Meadow Ridge,,Russia,bgilbartkq@mediafire.com,7-(304)520-7270
748,Honorable,Erica Insole,M,2/05/1987,8,Cordelia,,Honduras,einsolekr@wikipedia.org,504-(235)326-8382
749,Mrs,Ivette Meddick,M,6/08/1997,94194,Vermont,,Nigeria,imeddickks@imgur.com,234-(180)338-4121
750,Dr,Alric Spuffard,F,2/15/2010,872,Dexter,,China,aspuffardkt@arstechnica.com,86-(119)869-6756
751,Mr,Sybila Dabernott,M,6/12/2009,6711,Katie,,China,sdabernottku@bandcamp.com,86-(280)856-4636
752,Mrs,Eustacia Ferrieres,M,7/23/1980,7323,Hoard,Rhône-Alpes,France,eferriereskv@sun.com,33-(923)642-5680
753,Honorable,Solly Hain,F,1/31/1993,661,Dryden,,Croatia,shainkw@adobe.com,385-(356)413-0469
754,Mr,Fabien Prinett,F,3/30/1997,311,Jana,,China,fprinettkx@imageshack.us,86-(936)657-7250
755,Dr,Adriena Yon,F,6/03/1987,7,Crowley,,Russia,ayonky@unicef.org,7-(253)711-1364
756,Dr,Reagan Beaglehole,F,8/01/2008,71,Quincy,,China,rbeagleholekz@multiply.com,86-(198)330-5155
757,Ms,Byrom Dickins,M,7/29/1985,0,Milwaukee,,China,bdickinsl0@narod.ru,86-(399)502-0881
758,Mr,Marysa Dunrige,M,7/01/1989,7,Veith,,Equatorial Guinea,mdunrigel1@de.vu,240-(408)404-8369
759,Mr,Genvieve Glasser,F,3/29/2004,6804,Dennis,,Greece,gglasserl2@technorati.com,30-(980)637-6411
760,Honorable,Arnuad Stranaghan,F,3/11/1996,9299,Orin,,China,astranaghanl3@myspace.com,86-(612)172-4447
761,Ms,Elston Minette,F,10/27/1999,73723,Porter,,Kenya,eminettel4@canalblog.com,254-(376)524-5307
762,Mr,Aubrette Higgen,F,4/16/2005,458,Dwight,Leiria,Portugal,ahiggenl5@imdb.com,351-(439)421-6983
763,Mr,Fina Whittam,M,5/21/1986,9,Carey,,El Salvador,fwhittaml6@oaic.gov.au,503-(474)848-3158
764,Ms,Nixie Flori,M,7/20/2002,34107,Killdeer,,China,nfloril7@ucoz.com,86-(358)607-6047
765,Ms,Vilhelmina Oliveira,M,3/19/1994,43050,Boyd,,Japan,voliveiral8@admin.ch,81-(233)941-3712
766,Dr,Gill Jinkinson,F,11/07/1992,34,Pepper Wood,,Nigeria,gjinkinsonl9@chicagotribune.com,234-(366)789-1863
767,Honorable,Wolf Muge,M,5/27/2004,20676,Logan,Limousin,France,wmugela@parallels.com,33-(633)172-5281
768,Ms,Nikolas Dunphie,M,12/02/1995,2,Gerald,,Indonesia,ndunphielb@bloglovin.com,62-(129)478-4830
769,Mrs,Gerri Sulley,F,6/05/1982,3960,Vermont,,Russia,gsulleylc@bravesites.com,7-(803)145-7206
770,Dr,Emlyn Boost,F,6/02/1995,7291,Brown,,Brazil,eboostld@tiny.cc,55-(420)180-3886
771,Mrs,Elsbeth Matieu,F,4/12/1985,17,Lindbergh,,Ukraine,ematieule@narod.ru,380-(267)661-0642
772,Ms,Karissa Muino,F,1/01/1981,1751,Hovde,,Panama,kmuinolf@rambler.ru,507-(165)577-0302
773,Dr,Aidan Clash,F,6/07/2003,812,Troy,,Indonesia,aclashlg@ovh.net,62-(814)350-9546
774,Mrs,Gizela Mawd,F,8/14/1982,896,Mandrake,,Philippines,gmawdlh@elegantthemes.com,63-(819)566-5971
775,Honorable,Gunar Fairbard,M,6/10/2002,9,Rutledge,,Uganda,gfairbardli@bloglovin.com,256-(236)543-9657
776,Honorable,Cointon Hilldrop,M,11/21/1980,4693,Victoria,,Ukraine,chilldroplj@opera.com,380-(141)466-1501
777,Rev,Cal Phettiplace,M,3/06/1982,408,Pierstorff,,Indonesia,cphettiplacelk@fc2.com,62-(110)366-0790
778,Honorable,Wrennie Jozwicki,M,12/16/1982,19,Barnett,,Philippines,wjozwickill@dell.com,63-(797)259-1777
779,Mr,Regen Jenman,F,4/16/1992,84,Manitowish,,Indonesia,rjenmanlm@amazon.co.jp,62-(121)435-1952
780,Mr,Earlie Warsap,M,9/19/1994,59158,Morning,,Cyprus,ewarsapln@nationalgeographic.com,357-(537)776-2878
781,Ms,Spense Somersett,M,3/24/1984,6,Superior,,Philippines,ssomersettlo@i2i.jp,63-(988)948-5689
782,Mr,Wakefield Rastall,F,5/15/2009,73992,Swallow,,Greece,wrastalllp@woothemes.com,30-(387)503-0260
783,Mr,Rodolph Sporrij,M,8/07/1999,27,Mcbride,Île-de-France,France,rsporrijlq@sciencedaily.com,33-(715)582-7892
784,Ms,Nara Healey,M,8/21/2006,34596,Green Ridge,,Peru,nhealeylr@about.com,51-(453)250-5259
785,Mrs,Tom Helling,M,6/29/1998,34186,Charing Cross,,Indonesia,thellingls@imdb.com,62-(482)792-8575
786,Mrs,Grove Tipple,M,8/28/1993,49651,Mcguire,,Russia,gtipplelt@prweb.com,7-(579)844-9612
787,Rev,Myles McMorland,F,2/05/2010,6,Westridge,,Czech Republic,mmcmorlandlu@wix.com,420-(544)125-8364
788,Honorable,Menard Crenage,F,3/03/1987,177,Old Gate,,Venezuela,mcrenagelv@mayoclinic.com,58-(333)587-3615
789,Mrs,Kerk Shakesbye,F,5/07/2004,2419,Northport,Vestfold,Norway,kshakesbyelw@etsy.com,47-(289)312-4972
790,Mr,Liuka O' Dornan,F,11/21/1991,3281,Emmet,,Russia,lolx@yellowpages.com,7-(787)116-7073
791,Ms,Ciro Capsey,F,4/23/2005,525,Pawling,,Indonesia,ccapseyly@guardian.co.uk,62-(458)579-0114
792,Dr,Alister Rawne,M,6/04/1998,28800,Eggendart,,Palestinian Territory,arawnelz@china.com.cn,970-(672)638-4611
793,Mr,Kris Brewood,M,3/02/1997,92,Bultman,,Indonesia,kbrewoodm0@bbc.co.uk,62-(626)175-6628
794,Mr,Lezlie Renol,F,2/21/1990,2844,Grayhawk,,China,lrenolm1@mozilla.org,86-(331)926-9925
795,Mr,Jobye Eakens,F,5/19/1983,6144,Paget,,Marshall Islands,jeakensm2@earthlink.net,692-(696)300-1708
796,Mrs,Angie Dall,F,11/05/1999,7584,Ridgeway,,Indonesia,adallm3@facebook.com,62-(150)747-8567
797,Mrs,Shari Schimpke,M,6/03/2009,65,Marcy,,China,sschimpkem4@homestead.com,86-(165)307-4286
798,Mrs,Haley Matyasik,F,4/30/1991,19418,Oak Valley,Västerbotten,Sweden,hmatyasikm5@cisco.com,46-(682)513-6306
799,Honorable,Benoit Growcott,F,4/08/1981,984,Leroy,,Russia,bgrowcottm6@go.com,7-(891)192-8089
800,Honorable,Karol Gunter,F,10/04/2002,5279,8th,,Thailand,kgunterm7@netlog.com,66-(841)355-9614
801,Rev,Sheff Mollindinia,F,12/27/1990,5237,Northview,Braga,Portugal,smollindiniam8@google.co.uk,351-(735)760-1705
802,Rev,Brnaba Tiner,F,5/06/2006,88608,Londonderry,,China,btinerm9@livejournal.com,86-(139)608-3936
803,Mrs,Daffi Jouannin,F,3/29/1983,1100,Warner,,China,djouanninma@ezinearticles.com,86-(137)346-5850
804,Honorable,Ogdan Jansema,F,12/29/1998,72,Sunnyside,,China,ojansemamb@utexas.edu,86-(992)911-9124
805,Mr,Joan Tire,M,10/12/1987,66,East,,Brazil,jtiremc@ucsd.edu,55-(341)165-4702
806,Mr,Imogene Robotham,M,7/16/2004,44032,Kennedy,,China,irobothammd@desdev.cn,86-(220)130-7810
807,Mr,Mikael Von Helmholtz,F,5/07/1981,38,Memorial,Nordrhein-Westfalen,Germany,mvonme@clickbank.net,49-(621)752-0935
808,Mr,Astra Enrique,F,2/03/1982,46154,Hoffman,,Colombia,aenriquemf@alibaba.com,57-(276)931-9447
809,Mr,Celestia Steenson,F,2/11/2001,570,Bluejay,,China,csteensonmg@google.fr,86-(455)296-3445
810,Ms,Lucky Harford,M,12/28/2009,94,7th,,China,lharfordmh@google.co.uk,86-(801)508-8200
811,Ms,Arvin Solway,M,3/11/1990,4434,Sullivan,,Bangladesh,asolwaymi@mozilla.org,880-(454)568-7140
812,Mr,Ernaline Konert,F,4/27/1986,3608,Sycamore,,Indonesia,ekonertmj@cbslocal.com,62-(485)902-4929
813,Mr,Myrwyn Bidwell,F,10/18/1985,27,Harper,Stockholm,Sweden,mbidwellmk@bloglovin.com,46-(584)844-2970
814,Honorable,Enrika Bresner,M,7/15/2000,15,Jenna,,Indonesia,ebresnerml@cam.ac.uk,62-(226)646-6875
815,Dr,Ludwig Gingles,M,6/20/1981,2,Petterle,,Indonesia,lginglesmm@cnn.com,62-(791)607-7079
816,Rev,Leif Ashlee,F,3/20/2009,128,Sugar,,Vietnam,lashleemn@slideshare.net,84-(451)825-6770
817,Ms,Ronnie Gonthier,F,7/07/2005,8135,Nelson,,Argentina,rgonthiermo@aboutads.info,54-(463)145-4534
818,Mr,Wynny Lightoller,F,5/24/2001,14,Granby,Texas,United States,wlightollermp@ft.com,1-(915)367-5125
819,Dr,Lane Willans,M,11/30/2003,17,Bellgrove,Braga,Portugal,lwillansmq@biglobe.ne.jp,351-(970)177-8690
820,Mrs,Cassy Perrone,F,5/31/1994,286,Magdeline,,Mali,cperronemr@cyberchimps.com,223-(442)612-6255
821,Mrs,Wileen Massenhove,F,7/07/2004,6547,Emmet,,Ukraine,wmassenhovems@marriott.com,380-(133)768-5326
822,Ms,Jude Ferrettini,F,6/22/2001,57,Mosinee,,Argentina,jferrettinimt@webs.com,54-(271)719-2700
823,Rev,Fitz Cowlam,F,3/23/1996,631,Basil,,Poland,fcowlammu@xinhuanet.com,48-(363)485-1549
824,Mr,Eugenius Purveys,M,3/20/2003,4173,Old Shore,,China,epurveysmv@1und1.de,86-(155)377-5943
825,Honorable,Humfrid Heine,M,3/21/2005,2,Maryland,,Indonesia,hheinemw@netvibes.com,62-(994)509-8805
826,Ms,Ardine Lippett,M,1/15/1981,2694,Hoffman,,Russia,alippettmx@themeforest.net,7-(229)752-7258
827,Mr,Annecorinne Bolesma,M,3/14/1998,6,Farwell,,Philippines,abolesmamy@bbb.org,63-(437)971-2747
828,Honorable,Standford Lerner,M,8/28/2007,6783,Kensington,,Indonesia,slernermz@weebly.com,62-(126)239-7912
829,Ms,Mattie Beefon,M,11/19/1994,2321,Melrose,,Peru,mbeefonn0@dailymotion.com,51-(321)535-7889
830,Honorable,Pate Bullough,F,8/29/1996,74985,Crescent Oaks,,Brazil,pbulloughn1@blinklist.com,55-(277)349-2967
831,Ms,Kailey Skyrme,M,12/24/1997,744,Loftsgordon,,Tunisia,kskyrmen2@alexa.com,216-(246)878-7888
832,Ms,Law Dyne,F,8/15/1987,3088,Gina,,Poland,ldynen3@yahoo.co.jp,48-(944)679-1994
833,Rev,Uriah Lorenzin,F,3/04/2004,5,Buhler,,China,ulorenzinn4@edublogs.org,86-(751)838-2756
834,Honorable,Ruthanne Dumbar,F,1/27/1994,426,Larry,,Indonesia,rdumbarn5@foxnews.com,62-(353)198-9048
835,Rev,Burgess Canario,F,10/25/1995,336,Meadow Vale,,Japan,bcanarion6@biglobe.ne.jp,81-(933)143-8349
836,Mrs,Casey Sidey,F,5/28/1987,263,Milwaukee,,Indonesia,csideyn7@wikia.com,62-(444)658-7699
837,Ms,Herminia Tollemache,M,5/03/2010,2754,Rigney,,Indonesia,htollemachen8@blog.com,62-(684)259-0630
838,Honorable,Candice Comar,M,9/13/1989,9460,Pawling,,Poland,ccomarn9@histats.com,48-(542)952-8854
839,Mrs,Terri Dongall,F,8/19/1987,63606,Nelson,,Indonesia,tdongallna@loc.gov,62-(938)605-3367
840,Honorable,Florencia Raubenheimers,F,9/28/1990,3052,Grasskamp,,Iran,fraubenheimersnb@facebook.com,98-(594)680-3756
841,Mr,Nataniel Pleat,M,10/10/1981,196,Dahle,,Kuwait,npleatnc@buzzfeed.com,965-(762)646-0682
842,Mr,Anny Vickors,M,3/21/1982,58,Packers,,Russia,avickorsnd@cbsnews.com,7-(793)139-7986
843,Dr,Sergei Keene,F,5/29/1984,2182,New Castle,,China,skeenene@yellowbook.com,86-(562)221-7416
844,Ms,Marleen Clerk,M,3/30/1983,1281,Little Fleur,,Chile,mclerknf@amazon.co.jp,56-(997)803-5555
845,Ms,Monah Letty,M,2/23/2002,78943,Forest,Chiapas,Mexico,mlettyng@blogs.com,52-(206)273-3963
846,Honorable,Gayla Noods,M,9/16/2008,8,Nobel,,China,gnoodsnh@istockphoto.com,86-(282)338-0377
847,Honorable,Tedman Rivalant,F,8/16/2003,89,Bashford,,Peru,trivalantni@t.co,51-(566)277-2176
848,Mr,Mallissa Gingell,F,10/11/1994,44314,Washington,,Indonesia,mgingellnj@cbsnews.com,62-(241)418-4130
849,Ms,Opal Brounfield,F,9/13/1987,575,Washington,,Japan,obrounfieldnk@nymag.com,81-(473)515-3535
850,Dr,Cherri Trevethan,F,2/18/1998,59,Loomis,,Brazil,ctrevethannl@mashable.com,55-(313)273-4152
851,Ms,Laird Lill,F,11/04/1990,4440,Gateway,,Indonesia,llillnm@dion.ne.jp,62-(672)480-2940
852,Dr,Consuelo Newcomen,M,1/19/1999,341,Havey,,Bulgaria,cnewcomennn@mit.edu,359-(556)995-6134
853,Rev,Sandi Martignoni,F,3/27/1986,7,Sutherland,Pays de la Loire,France,smartignonino@marketwatch.com,33-(746)721-6758
854,Honorable,Cathrine Julien,F,12/13/2000,10089,Graceland,,Ukraine,cjuliennp@e-recht24.de,380-(934)837-6389
855,Mrs,Odo Ballantyne,M,8/09/1989,9311,Green Ridge,,China,oballantynenq@is.gd,86-(837)176-2592
856,Rev,Michaella Michallat,F,5/03/2006,3748,Shasta,,China,mmichallatnr@cnbc.com,86-(706)336-4324
857,Ms,Pearl Plewright,M,3/31/1995,680,Reindahl,Nebraska,United States,pplewrightns@sun.com,1-(402)542-2691
858,Mr,Pen Brooksbie,M,8/30/1996,1,Stone Corner,,Nigeria,pbrooksbient@google.com.au,234-(976)662-1800
859,Ms,Marga Mannagh,M,9/20/2004,9,Wayridge,Baleares,Spain,mmannaghnu@howstuffworks.com,34-(136)513-7034
860,Honorable,Dione Kinkade,F,6/23/2000,463,Sunbrook,,China,dkinkadenv@ca.gov,86-(755)964-0858
861,Dr,Johnnie Rudham,M,5/13/2005,53,Erie,,Indonesia,jrudhamnw@geocities.jp,62-(738)848-0232
862,Mrs,Leontine Shipway,F,8/22/2004,11357,School,Guarda,Portugal,lshipwaynx@google.de,351-(927)548-0871
863,Dr,Aretha Huff,M,12/06/1986,9,Commercial,,Philippines,ahuffny@craigslist.org,63-(578)621-7808
864,Mr,Carlina Allawy,F,1/30/1984,19041,Anzinger,,Uruguay,callawynz@bloglovin.com,598-(607)623-6300
865,Dr,Ellsworth Danev,F,11/26/2008,78,Golf View,Porto,Portugal,edanevo0@cyberchimps.com,351-(680)129-0733
866,Mr,Tamqrah Gyppes,M,6/11/1987,79356,Bultman,,Czech Republic,tgyppeso1@huffingtonpost.com,420-(263)851-1282
867,Dr,Christin Kite,M,5/28/1995,36864,Veith,,Philippines,ckiteo2@chronoengine.com,63-(251)710-3529
868,Dr,Charlotta Roantree,F,1/19/1987,8104,Emmet,,Russia,croantreeo3@tamu.edu,7-(778)322-3562
869,Mrs,Suzann Maddigan,M,6/11/1980,1912,Veith,,Vietnam,smaddigano4@google.com,84-(957)594-2329
870,Honorable,Clair Rapo,M,2/13/1989,3,Eastlawn,,Indonesia,crapoo5@printfriendly.com,62-(807)840-7290
871,Ms,Ulises James,M,8/05/1993,41311,Sutteridge,,Indonesia,ujameso6@sfgate.com,62-(365)477-1490
872,Rev,Adolf Bengle,F,10/27/1991,9338,Browning,Skåne,Sweden,abengleo7@wisc.edu,46-(642)647-5835
873,Honorable,Merola Clancey,F,1/17/2007,6520,Carpenter,,Honduras,mclanceyo8@google.de,504-(398)588-8692
874,Mrs,Tanhya Ramplee,F,3/09/1988,2507,Transport,,China,trampleeo9@chron.com,86-(140)327-2128
875,Mr,Joanna Judd,M,12/20/1989,5250,Graceland,,Luxembourg,jjuddoa@aboutads.info,352-(207)696-7475
876,Dr,Filmer Waitland,M,10/22/1996,1972,Park Meadow,,Indonesia,fwaitlandob@clickbank.net,62-(715)664-2306
877,Dr,Trenna O'Leary,M,5/13/1993,8278,Straubel,,Peru,tolearyoc@paginegialle.it,51-(525)382-3967
878,Rev,Austina Weine,F,4/12/1997,60,Holy Cross,,China,aweineod@pen.io,86-(363)590-9148
879,Rev,Darn Baumler,M,8/19/2009,3657,Westend,,Philippines,dbaumleroe@usa.gov,63-(402)712-2932
880,Mrs,Marie-ann Minney,M,6/12/2005,0,Dayton,,New Zealand,mminneyof@utexas.edu,64-(291)451-6108
881,Ms,Anneliese Brownlow,M,10/12/2008,1854,Clyde Gallagher,,Indonesia,abrownlowog@geocities.com,62-(782)239-5623
882,Rev,Clarette Josephs,F,2/02/1981,2,Elka,,Honduras,cjosephsoh@surveymonkey.com,504-(898)669-9138
883,Mrs,Lock Statersfield,M,10/29/1992,5,Merchant,,Indonesia,lstatersfieldoi@ocn.ne.jp,62-(354)665-3825
884,Rev,Johannes Molohan,F,4/02/1981,6,Fisk,,Russia,jmolohanoj@howstuffworks.com,7-(903)749-0031
885,Dr,Morlee McCahill,F,3/26/1986,64,Porter,,China,mmccahillok@amazon.co.jp,86-(406)951-7541
886,Mr,Velvet Cremins,M,2/19/1990,8080,Sugar,,Philippines,vcreminsol@nyu.edu,63-(413)775-6912
887,Rev,Alfonso Gilks,F,6/29/1980,5,Bay,,China,agilksom@cpanel.net,86-(743)708-0388
888,Honorable,Jehu Giamelli,M,10/31/1983,191,Hoepker,,Peru,jgiamellion@indiatimes.com,51-(417)335-9413
889,Ms,Cosme Aylen,F,7/09/1982,174,Farmco,,China,caylenoo@diigo.com,86-(180)324-9364
890,Dr,Marisa Locke,M,9/07/1985,6,Calypso,Louisiana,United States,mlockeop@pcworld.com,1-(504)613-9842
891,Mrs,Sansone Grinov,M,12/17/2009,8982,Stone Corner,,Russia,sgrinovoq@webeden.co.uk,7-(362)282-0778
892,Honorable,Janelle Baldack,F,6/07/1991,3511,Waywood,,Bangladesh,jbaldackor@va.gov,880-(355)790-9987
893,Dr,Zak Jirek,M,1/31/2004,3,Macpherson,,Thailand,zjirekos@kickstarter.com,66-(439)509-7929
894,Rev,Billye Chainey,F,9/02/2006,6695,Starling,,China,bchaineyot@deviantart.com,86-(951)922-1025
895,Honorable,Slade Inchcomb,F,10/05/1991,1523,Butternut,,Philippines,sinchcombou@goo.ne.jp,63-(364)152-7808
896,Mr,Allistir Firby,M,8/15/1992,360,Caliangt,,Kazakhstan,afirbyov@desdev.cn,7-(430)323-1909
897,Mrs,Hermy Riddoch,F,8/31/1990,4181,Marcy,Île-de-France,France,hriddochow@theglobeandmail.com,33-(836)250-5634
898,Dr,Sanford Loiterton,M,11/28/1995,25193,Helena,,Philippines,sloitertonox@nasa.gov,63-(850)162-8022
899,Mr,Andras Pittam,F,10/26/1986,0,Lien,,Costa Rica,apittamoy@weibo.com,506-(317)839-0719
900,Rev,Frankie Koles,F,5/07/1993,1,Quincy,,China,fkolesoz@hao123.com,86-(280)703-5962
901,Honorable,Heida Rubertelli,M,8/30/2001,4,Jackson,Île-de-France,France,hrubertellip0@rakuten.co.jp,33-(786)123-8414
902,Dr,Nate Grosier,M,4/22/1994,9942,Eastwood,,Ukraine,ngrosierp1@jalbum.net,380-(776)739-5276
903,Rev,Onfroi Corkhill,M,9/24/1992,76806,Roxbury,,China,ocorkhillp2@bbb.org,86-(860)696-2567
904,Honorable,Blakeley Kibard,F,2/22/1981,9,Chinook,Aveiro,Portugal,bkibardp3@intel.com,351-(313)314-6429
905,Dr,Wake Vaisey,M,3/01/1999,714,Bashford,,Indonesia,wvaiseyp4@cdbaby.com,62-(803)530-0514
906,Honorable,Tyrone Bahls,F,4/12/1994,598,Gale,,Poland,tbahlsp5@printfriendly.com,48-(774)544-8822
907,Mr,Shela Summerhayes,M,9/30/1994,763,Alpine,,China,ssummerhayesp6@jugem.jp,86-(825)932-1954
908,Ms,Mace Boullin,M,3/08/1990,4760,Hallows,,Philippines,mboullinp7@symantec.com,63-(707)959-2448
909,Rev,Raphael Haysom,M,2/19/1998,61486,Hovde,,Afghanistan,rhaysomp8@about.com,93-(885)661-2842
910,Mrs,Ginger Shergold,F,1/25/1991,83,Hollow Ridge,,Russia,gshergoldp9@amazon.co.jp,7-(837)679-2855
911,Dr,Ardene Breitling,F,10/25/1990,5634,Brown,,Guatemala,abreitlingpa@discovery.com,502-(480)951-8208
912,Ms,Saundra Gierck,M,1/17/1998,71910,Bobwhite,,Ireland,sgierckpb@domainmarket.com,353-(356)587-6570
913,Mr,Carling Gonzalo,M,10/01/1996,4,Prairieview,,Brazil,cgonzalopc@theatlantic.com,55-(637)678-6463
914,Honorable,Gardie Cato,M,1/24/2010,4060,Scott,,Sierra Leone,gcatopd@cdbaby.com,232-(258)388-4670
915,Rev,Gunar Broader,F,5/13/2010,3,Jenna,,Peru,gbroaderpe@godaddy.com,51-(402)298-5993
916,Ms,Erinna Cram,M,9/21/1996,3121,Hooker,,Czech Republic,ecrampf@fema.gov,420-(587)985-0254
917,Ms,Leelah Gritland,M,1/22/2006,205,Walton,,Israel,lgritlandpg@seattletimes.com,972-(143)321-2449
918,Mrs,Birgit Bromont,F,8/10/1980,73,Waywood,Guanajuato,Mexico,bbromontph@e-recht24.de,52-(298)821-7615
919,Mr,Antoni Duinbleton,M,5/20/2010,8472,Village,,Poland,aduinbletonpi@drupal.org,48-(620)628-6366
920,Rev,Lucina Flobert,F,6/15/1999,6414,Bunting,,Brazil,lflobertpj@tmall.com,55-(149)863-3761
921,Mrs,Murry Tacker,F,1/23/2002,8828,Maple Wood,,Japan,mtackerpk@si.edu,81-(513)643-6330
922,Rev,Hansiain Jope,F,1/02/1997,6694,Center,Veneto,Italy,hjopepl@dropbox.com,39-(691)914-0416
923,Rev,Rolland Farnall,M,12/18/2004,15,Transport,,Russia,rfarnallpm@gizmodo.com,7-(443)243-6024
924,Mr,Aindrea Pattenden,M,12/24/1985,89,Wayridge,,China,apattendenpn@vimeo.com,86-(958)628-2875
925,Rev,Hedwig Nardoni,M,5/17/2006,3495,Esker,,Indonesia,hnardonipo@mapquest.com,62-(397)164-3088
926,Rev,Leeanne Provost,M,7/23/1994,4,Northland,,China,lprovostpp@ezinearticles.com,86-(807)523-3858
927,Honorable,Giffard Carslake,F,1/10/1996,22703,Killdeer,,Nigeria,gcarslakepq@shareasale.com,234-(163)315-1833
928,Mr,Dudley Adamek,M,10/05/1987,461,Waubesa,,Bahrain,dadamekpr@ibm.com,973-(840)571-7739
929,Honorable,Gretchen Boldecke,M,10/04/1989,7945,Melrose,,Syria,gboldeckeps@edublogs.org,963-(609)267-0647
930,Mrs,Hatti Mettrick,F,6/28/1984,36897,Tennyson,,Philippines,hmettrickpt@netlog.com,63-(882)823-0823
931,Rev,Erhart Abells,M,5/06/1996,268,Nobel,,Philippines,eabellspu@dropbox.com,63-(551)353-2838
932,Rev,Anastassia Kingscott,M,2/09/2005,26,Scofield,,Russia,akingscottpv@dailymail.co.uk,7-(795)473-2113
933,Rev,Lillis Essame,F,3/28/1994,585,Heffernan,,Ukraine,lessamepw@jalbum.net,380-(854)207-4738
934,Mrs,Tadeo Mourton,M,2/28/1998,1,Logan,,Greece,tmourtonpx@hp.com,30-(327)584-3710
935,Ms,Elsinore McDavid,M,3/08/1984,50,Autumn Leaf,,Indonesia,emcdavidpy@reddit.com,62-(762)840-7484
936,Mr,Valentine McCard,M,3/24/1988,30609,Monument,,Yemen,vmccardpz@huffingtonpost.com,967-(850)369-9830
937,Dr,Alon Pierton,F,6/11/1985,41478,Dawn,,China,apiertonq0@amazon.co.uk,86-(229)932-1768
938,Ms,Sheila-kathryn Andrew,F,6/05/2000,182,Lyons,,Indonesia,sandrewq1@amazon.co.uk,62-(402)144-4538
939,Ms,Eva O'Cannon,F,5/06/1997,38,Little Fleur,South Dakota,United States,eocannonq2@ft.com,1-(605)162-8517
940,Rev,Marna Joly,M,10/26/2008,3495,Westerfield,,Mongolia,mjolyq3@cnet.com,976-(164)802-8067
941,Rev,Marna Bosket,F,8/26/2007,231,Havey,,China,mbosketq4@tamu.edu,86-(872)638-3542
942,Mrs,Alexei Powter,F,12/04/2006,74026,Montana,,Brazil,apowterq5@studiopress.com,55-(616)540-5640
943,Mrs,Ferd Snawdon,F,8/28/1990,97,Lukken,,Serbia,fsnawdonq6@hexun.com,381-(266)259-9522
944,Rev,Jaclyn Cristoferi,M,10/14/1990,9821,Shopko,,China,jcristoferiq7@cnet.com,86-(694)648-9759
945,Mrs,Farand Wallett,F,8/13/2005,8,Sundown,,Thailand,fwallettq8@businessweek.com,66-(300)926-8151
946,Ms,Steffi Derges,F,7/27/2004,94727,Warbler,,Dominican Republic,sdergesq9@free.fr,1-(414)116-6857
947,Ms,Debor Scraggs,M,1/31/2008,2,Fairfield,,Poland,dscraggsqa@weibo.com,48-(589)282-9186
948,Ms,Shae Sergison,F,11/04/1990,359,Oneill,,Philippines,ssergisonqb@slashdot.org,63-(707)437-8347
949,Honorable,Gearard Pyle,F,3/09/1991,4310,Bunker Hill,Aveiro,Portugal,gpyleqc@is.gd,351-(484)820-8888
950,Mrs,Sheila-kathryn Issett,F,2/03/1994,1137,Canary,,Cuba,sissettqd@tinypic.com,53-(591)659-2930
951,Ms,Jacobo Faltskog,M,1/03/2003,8848,Menomonie,Rhône-Alpes,France,jfaltskogqe@vinaora.com,33-(308)619-3623
952,Mrs,Manda Ensten,F,6/30/1980,9,Washington,,Paraguay,menstenqf@miitbeian.gov.cn,595-(371)762-6123
953,Mrs,Abbe Bertl,M,8/13/1984,2,Commercial,,Indonesia,abertlqg@live.com,62-(581)737-6394
954,Mr,Elsi Jenking,M,5/22/2006,41,Fuller,,China,ejenkingqh@wordpress.org,86-(552)955-6802
955,Mr,Roanna Edmott,F,6/02/1982,6550,Ramsey,Sarawak,Malaysia,redmottqi@uiuc.edu,60-(461)325-6379
956,Ms,Robinette Heckney,M,3/11/1991,8,Farmco,,Philippines,rheckneyqj@cam.ac.uk,63-(551)592-2195
957,Ms,Melly Duferie,F,8/30/2001,558,Miller,,China,mduferieqk@gov.uk,86-(992)389-8328
958,Dr,Johna Patterfield,M,6/07/1985,6,Emmet,,Tunisia,jpatterfieldql@opensource.org,216-(298)707-8135
959,Dr,Gillie Donnison,F,1/06/1992,347,Park Meadow,,Palestinian Territory,gdonnisonqm@sitemeter.com,970-(831)802-9041
960,Mr,Hendrik Kovnot,M,3/24/2000,0,Morning,Midi-Pyrénées,France,hkovnotqn@stanford.edu,33-(808)834-5763
961,Ms,Missie Ridsdell,M,9/26/2002,72372,Claremont,,China,mridsdellqo@shop-pro.jp,86-(257)449-6144
962,Mrs,Kassi Alekseev,M,8/24/1991,836,Kropf,,Nigeria,kalekseevqp@google.com.hk,234-(684)995-6715
963,Mr,Arvin Skelding,F,2/14/2002,18822,Nancy,,Indonesia,askeldingqq@forbes.com,62-(141)630-2027
964,Mrs,Garfield Paulley,F,1/26/2004,54098,Green Ridge,,Czech Republic,gpaulleyqr@dedecms.com,420-(739)147-8617
965,Dr,Micheline Crammy,F,7/12/1990,283,Bunker Hill,,Colombia,mcrammyqs@who.int,57-(540)890-2822
966,Rev,Edwina Dublin,F,5/17/2008,883,Butterfield,Stockholm,Sweden,edublinqt@upenn.edu,46-(278)710-8429
967,Honorable,Tuck Josebury,F,4/12/2002,9293,Warner,,Jordan,tjoseburyqu@pagesperso-orange.fr,962-(843)211-7625
968,Rev,Dasi Barthot,F,8/11/1993,5491,Sauthoff,,China,dbarthotqv@zdnet.com,86-(559)722-3901
969,Dr,Jasun Chater,M,7/07/1988,57,Maple,,China,jchaterqw@cbc.ca,86-(139)804-7196
970,Mr,Myrna Renyard,F,1/15/1985,27929,Dawn,,China,mrenyardqx@cmu.edu,86-(126)535-8535
971,Dr,Theresa Kasman,M,8/10/1985,2870,Shasta,,Thailand,tkasmanqy@newyorker.com,66-(824)804-8422
972,Mr,Clayson Sebright,M,7/08/1994,80096,Pearson,,Thailand,csebrightqz@woothemes.com,66-(885)937-6563
973,Ms,Lyndsey Shellcross,F,9/13/1989,4128,Ramsey,Alberta,Canada,lshellcrossr0@hp.com,1-(284)198-3038
974,Rev,Reynard Brewerton,F,2/28/1986,87389,Melody,,Philippines,rbrewertonr1@quantcast.com,63-(507)873-8360
975,Ms,Jonathan Gallant,M,8/12/1998,718,Prentice,,China,jgallantr2@scientificamerican.com,86-(874)691-0875
976,Honorable,Chevy Griffen,M,2/01/2008,69498,Hagan,,Czech Republic,cgriffenr3@twitpic.com,420-(172)527-5870
977,Mrs,Bradford Heliar,F,12/28/1982,1076,East,,Pakistan,bheliarr4@fda.gov,92-(971)992-2130
978,Honorable,Shepherd Vinau,M,7/28/2007,7,Buena Vista,,China,svinaur5@cargocollective.com,86-(661)665-8505
979,Mrs,Dari Marple,F,6/18/2001,0,Shelley,,El Salvador,dmarpler6@hexun.com,503-(658)355-2429
980,Ms,Ronald Bollini,M,6/13/2005,3771,Pennsylvania,,Haiti,rbollinir7@va.gov,509-(448)927-2535
981,Mr,Uriel McLelland,M,11/15/2009,4225,Thompson,,Russia,umclellandr8@youtu.be,7-(331)785-0806
982,Rev,Svend Habin,F,6/08/2002,6,Meadow Vale,,Ukraine,shabinr9@unc.edu,380-(452)981-1716
983,Dr,Meghan Episcopio,M,2/14/2002,5,Thackeray,,Lithuania,mepiscopiora@gravatar.com,370-(797)719-5644
984,Honorable,Malchy Crassweller,F,10/26/1989,89,Melvin,,Colombia,mcrasswellerrb@google.nl,57-(692)392-8361
985,Ms,Belle Copin,F,1/07/1995,35945,Hintze,Québec,Canada,bcopinrc@hexun.com,1-(842)168-1969
986,Mrs,Kerry Gerbi,M,8/20/1994,757,2nd,,China,kgerbird@oakley.com,86-(911)861-4806
987,Mr,Randolph Whitefoot,M,6/30/2001,8648,Elmside,,Nigeria,rwhitefootre@quantcast.com,234-(563)587-4408
988,Mr,Emlynn Diggons,M,12/26/2005,0,Garrison,,Indonesia,ediggonsrf@ocn.ne.jp,62-(913)546-8493
989,Dr,Ripley Borrett,M,2/11/1982,712,Doe Crossing,,Ethiopia,rborrettrg@vistaprint.com,251-(579)159-7152
990,Dr,Jerrie Clemmen,F,1/30/1996,437,Ruskin,,China,jclemmenrh@cbsnews.com,86-(783)567-5990
991,Mrs,Wallas Ancell,M,10/27/1981,8333,Quincy,,Brazil,wancellri@indiatimes.com,55-(315)912-9660
992,Mrs,Renate Geggus,M,7/29/2004,5,Dawn,,China,rgeggusrj@slashdot.org,86-(846)559-2008
993,Mrs,Adoree Fidal,M,3/06/1991,4,Pankratz,,Finland,afidalrk@ifeng.com,358-(197)546-7627
994,Ms,Rafaellle Joscelin,F,12/07/1980,99069,Stone Corner,Madrid,Spain,rjoscelinrl@ftc.gov,34-(282)648-2249
995,Mrs,Lisa Quodling,M,11/29/2009,97,Sycamore,,Cuba,lquodlingrm@nytimes.com,53-(875)911-6339
996,Honorable,Marsh Biggar,M,6/03/2000,3040,Boyd,Bretagne,France,mbiggarrn@naver.com,33-(891)534-6618
997,Rev,Anastassia Willeman,M,2/05/2005,450,Reinke,,Greece,awillemanro@comsenz.com,30-(896)688-6662
998,Honorable,Minny Gristhwaite,M,12/18/1986,0,Donald,,Bangladesh,mgristhwaiterp@parallels.com,880-(133)244-7965
999,Dr,Beau Skilbeck,F,3/07/1988,7431,Prairie Rose,Oslo,Norway,bskilbeckrq@about.com,47-(645)724-9653
1000,Mr,Kelley Joutapavicius,M,5/03/1997,2099,Burrows,,Russia,kjoutapaviciusrr@furl.net,7-(971)108-5841
