"leagueName","leagueShortname","id","fullName","shortName","leagueCountry","firstName","countryAbbr","displayName","lastName"
"Barclays Premier League","Premier League","106957","Christian Benteke","C. Benteke","England","Christian","ENG","Christian Benteke","Benteke"
"Barclays Premier League","Premier League","151276","Saido Berahino","S. Berahino","England","Saido","ENG","Saido Berahino","Berahino"
"Barclays Premier League","Premier League","91489","Ryan Bertrand","R. Bertrand","England","Ryan","ENG","Ryan Bertrand","Bertrand"
"Barclays Premier League","Premier League","151226","Muhamed Besic","M. Besic","England","Muhamed","ENG","Muhamed Besic","Besic"
"Barclays Premier League","Premier League","106957","Christian Benteke","C. Benteke","England","Christian","ENG","Christian Benteke","Benteke"
"Barclays Premier League","Premier League","151276","Saido Berahino","S. Berahino","England","Saido","ENG","Saido Berahino","Berahino"
"Barclays Premier League","Premier League","91489","Ryan Bertrand","R. Bertrand","England","Ryan","ENG","Ryan Bertrand","Bertrand"
"Barclays Premier League","Premier League","151226","Muhamed Besic","M. Besic","England","Muhamed","ENG","Muhamed Besic","Besic"
"Barclays Premier League","Premier League","139718","Paulinho Bezzera Maciel Jnior","P. Bezzera Maciel Jnior","England","Paulinho","ENG","Paulinho","Bezzera Maciel Jnior"
"Barclays Premier League","Premier League","143759","Mame Biram Diouf","M. Biram Diouf","England","Mame","ENG","Mame Biram Diouf","Biram Diouf"
"Barclays Premier League","Premier League","175303","Tyler Blackett","T. Blackett","England","Tyler","ENG","Tyler Blackett","Blackett"
"Barclays Premier League","Premier League","76914","Sebastin Blanco","S. Blanco","England","Sebastin","ENG","Sebastin Blanco","Blanco"
"Barclays Premier League","Premier League","126489","Daley Blind","D. Blind","England","Daley","ENG","Daley Blind","Blind"
"Barclays Premier League","Premier League","181755","Hiram Boateng","H. Boateng","England","Hiram","ENG","Hiram Boateng","Boateng"
"Barclays Premier League","Premier League","121921","Yannick Bolasie","Y. Bolasie","England","Yannick","ENG","Yannick Bolasie","Bolasie"
"Barclays Premier League","Premier League","153824","Wilfried Bony","W. Bony","England","Wilfried","ENG","Wilfried Bony","Bony"
"Barclays Premier League","Premier League","140931","Fabio Borini","F. Borini","England","Fabio","ENG","Fabio Borini","Borini"
"Barclays Premier League","Premier League","143592","Dedryck Boyata","D. Boyata","England","Dedryck","ENG","Dedryck Boyata","Boyata"
"Barclays Premier League","Premier League","26378","George Boyd","G. Boyd","England","George","ENG","George Boyd","Boyd"
"Barclays Premier League","Premier League","153310","Robert Brady","R. Brady","England","Robert","ENG","Robert Brady","Brady"
"Barclays Premier League","Premier League","115967","Liam Bridcutt","L. Bridcutt","England","Liam","ENG","Liam Bridcutt","Bridcutt"
"Barclays Premier League","Premier League","7957","Leon Britton","L. Britton","England","Leon","ENG","Leon Britton","Britton"
"Barclays Premier League","Premier League","144527","Ideye Aide Brown","I. Brown","England","Ideye","ENG","Brown Ideye","Brown"
"Barclays Premier League","Premier League","8866","Wes Brown","W. Brown","England","Wes","ENG","Wes Brown","Brown"
"Barclays Premier League","Premier League","181393","Tyias Browning","T. Browning","England","Tyias","ENG","Tyias Browning","Browning"
"Barclays Premier League","Premier League","43942","Alex Bruce","A. Bruce","England","Alex","ENG","Alex Bruce","Bruce"
"Barclays Premier League","Premier League","41967","Chris Brunt","C. Brunt","England","Chris","ENG","Chris Brunt","Brunt"
"Barclays Premier League","Premier League","116070","William Buckley","W. Buckley","England","William","ENG","William Buckley","Buckley"
"Barclays Premier League","Premier League","197924","Reece Burke","R. Burke","England","Reece","ENG","Reece Burke","Burke"
"Barclays Premier League","Premier League","157933","Jack Butland","J. Butland","England","Jack","ENG","Jack Butland","Butland"
"Barclays Premier League","Premier League","34949","Wilfredo Caballero","W. Caballero","England","Wilfredo","ENG","Wilfredo Caballero","Caballero"
"Barclays Premier League","Premier League","136688","Rmy Cabella","R. Cabella","England","Rmy","ENG","Rmy Cabella","Cabella"
"Barclays Premier League","Premier League","40509","Gary Cahill","G. Cahill","England","Gary","ENG","Gary Cahill","Cahill"
"Barclays Premier League","Premier League","19084","Esteban Matias Cambiasso","E. Cambiasso","England","Esteban","ENG","Esteban Cambiasso","Cambiasso"
"Barclays Premier League","Premier League","118125","Geoff Cameron","G. Cameron","England","Geoff","ENG","Geoff Cameron","Cameron"
"Barclays Premier League","Premier League","42248","Fraizer Campbell","F. Campbell","England","Fraizer","ENG","Fraizer Campbell","Campbell"
"Barclays Premier League","Premier League","166669","Joel Campbell","J. Campbell","England","Joel","ENG","Joel Campbell","Campbell"
"Barclays Premier League","Premier League","159142","Emre Can","E. Can","England","Emre","ENG","Emre Can","Can"
"Barclays Premier League","Premier League","84892","Etienne Capoue","E. Capoue","England","Etienne","ENG","Etienne Capoue","Capoue"
"Barclays Premier League","Premier League","7971","Michael Carrick","M. Carrick","England","Michael","ENG","Michael Carrick","Carrick"
"Barclays Premier League","Premier League","91478","Andy Carroll","A. Carroll","England","Andy","ENG","Andrew Carroll","Carroll"
"Barclays Premier League","Premier League","155736","Thomas Carroll","T. Carroll","England","Thomas","ENG","Thomas Carroll","Carroll"
"Barclays Premier League","Premier League","72918","Lee Cattermole","L. Cattermole","England","Lee","ENG","Lee Cattermole","Cattermole"
"Barclays Premier League","Premier League","132436","Steven Caulker","S. Caulker","England","Steven","ENG","Steven Caulker","Caulker"
"Barclays Premier League","Premier League","40202","Santi Gonzalez Cazorla","S. Cazorla","England","Santi","ENG","Santi Cazorla","Cazorla"
"Barclays Premier League","Premier League","167123","Cristian Ceballos","C. Ceballos","England","Cristian","ENG","Cristian Ceballos","Ceballos"
"Barclays Premier League","Premier League","13069","Petr Cech","P. Cech","England","Petr","ENG","Petr Cech","Cech"
"Barclays Premier League","Premier League","122633","Nacer Chadli","N. Chadli","England","Nacer","ENG","Nacer Chadli","Chadli"
"Barclays Premier League","Premier League","149755","Nathaniel Chalobah","N. Chalobah","England","Nathaniel","ENG","Nathaniel Chalobah","Chalobah"
"Barclays Premier League","Premier League","84609","Marouane Chamakh","M. Chamakh","England","Marouane","ENG","Marouane Chamakh","Chamakh"
"Barclays Premier League","Premier League","176266","Calum Chambers","C. Chambers","England","Calum","ENG","Calum Chambers","Chambers"
"Barclays Premier League","Premier League","108328","James Chester","J. Chester","England","James","ENG","James Chester","Chester"
"Barclays Premier League","Premier League","164764","Vlad Chiriches","V. Chiriches","England","Vlad","ENG","Vlad Chiriches","Chiriches"
"Barclays Premier League","Premier League","101423","Papiss Demba Cisse","P. Cisse","England","Papiss Demba","ENG","Papiss Demba Cisse","Cisse"
"Barclays Premier League","Premier League","35099","Gal Clichy","G. Clichy","England","Gal","ENG","Gal Clichy","Clichy"
"Barclays Premier League","Premier League","127865","Nathaniel Clyne","N. Clyne","England","Nathaniel","ENG","Nathaniel Clyne","Clyne"
"Barclays Premier League","Premier League","145450","Sebastin Coates","S. Coates","England","Sebastin","ENG","Sebastin Coates","Coates"
"Barclays Premier League","Premier League","123697","Jack Colback","J. Colback","England","Jack","ENG","Jack Colback","Colback"
"Barclays Premier League","Premier League","20544","Carlton Cole","C. Cole","England","Carlton","ENG","Carlton Cole","Cole"
"Barclays Premier League","Premier League","7976","Joe Cole","J. Cole","England","Joe","ENG","Joe Cole","Cole"
"Barclays Premier League","Premier League","131639","Seamus Coleman","S. Coleman","England","Seamus","ENG","Seamus Coleman","Coleman"
"Barclays Premier League","Premier League","5527","James Collins","J. Collins","England","James","ENG","James Collins","Collins"
"Barclays Premier League","Premier League","12265","Fabricio Coloccini","F. Coloccini","England","Fabricio","ENG","Fabricio Coloccini","Coloccini"
"Barclays Premier League","Premier League","121406","Francis Coquelin","F. Coquelin","England","Francis","ENG","Francis Coquelin","Coquelin"
"Barclays Premier League","Premier League","91481","Jack  Cork","J. Cork","England","Jack","ENG","Jack  Cork","Cork"
"Barclays Premier League","Premier League","134283","Thibaut Courtois","T. Courtois","England","Thibaut","ENG","Thibaut Courtois","Courtois"
"Barclays Premier League","Premier League","130372","Philippe Coutinho","P. Coutinho","England","Philippe","ENG","Philippe Coutinho","Coutinho"
"Barclays Premier League","Premier League","121473","Aaron Cresswell","A. Cresswell","England","Aaron","ENG","Aaron Cresswell","Cresswell"
"Barclays Premier League","Premier League","5388","Peter Crouch","P. Crouch","England","Peter","ENG","Peter Crouch","Crouch"
"Barclays Premier League","Premier League","25409","Rafael Da Silva","R. Da Silva","England","Rafael","ENG","Rafael","Da Silva"
"Barclays Premier League","Premier League","178487","Willian Borges Da Silva","W. Da Silva","England","Willian","ENG","Willian","Da Silva"
"Barclays Premier League","Premier League","95410","Diego da Silva Costa","D. da Silva Costa","England","Diego","ENG","Diego Costa","da Silva Costa"
"Barclays Premier League","Premier League","186039","Donervon Daniels","D. Daniels","England","Donervon","ENG","Donervon Daniels","Daniels"
"Barclays Premier League","Premier League","82889","Luke Daniels","L. Daniels","England","Luke","ENG","Luke Daniels","Daniels"
"Barclays Premier League","Premier League","43493","Scott Dann","S. Dann","England","Scott","ENG","Scott Dann","Dann"
"Barclays Premier League","Premier League","143791","Jason Davidson","J. Davidson","England","Jason","ENG","Jason Davidson","Davidson"
"Barclays Premier League","Premier League","6327","Ben Davies","B. Davies","England","Ben","ENG","Ben Davies","Davies"
"Barclays Premier League","Premier League","39488","Curtis Davies","C. Davies","England","Curtis","ENG","Curtis Davies","Davies"
"Barclays Premier League","Premier League","5278","Kelvin Davis","K. Davis","England","Kelvin","ENG","Kelvin Davis","Davis"
"Barclays Premier League","Premier League","161788","Steven Davis","S. Davis","England","Steven","ENG","Steven Davis","Davis"
"Barclays Premier League","Premier League","133938","Craig Dawson","C. Dawson","England","Craig","ENG","Craig Dawson","Dawson"
"Barclays Premier League","Premier League","19812","Michael Dawson","M. Dawson","England","Michael","ENG","Michael Dawson","Dawson"
"Barclays Premier League","Premier League","108482","David Quintana De Gea","D. De Gea","England","David","ENG","David De Gea","De Gea"
"Barclays Premier League","Premier League","110066","Siem De Jong","S. De Jong","England","Siem","ENG","Siem De Jong","De Jong"
"Barclays Premier League","Premier League","107452","Ritchie De Laet","R. De Laet","England","Ritchie","ENG","Ritchie De Laet","De Laet"
"Barclays Premier League","Premier League","69458","Mathieu Debuchy","M. Debuchy","England","Mathieu","ENG","Mathieu Debuchy","Debuchy"
"Barclays Premier League","Premier League","7875","Damien Delaney","D. Delaney","England","Damien","ENG","Damien Delaney","Delaney"
"Barclays Premier League","Premier League","98926","Fabian Delph","F. Delph","England","Fabian","ENG","Fabian Delph","Delph"
"Barclays Premier League","Premier League","67490","Mousa Dembl","M. Dembl","England","Mousa","ENG","Mousa Dembl","Dembl"
"Barclays Premier League","Premier League","84798","Guy Demel","G. Demel","England","Guy","ENG","Guy Demel","Demel"
"Barclays Premier League","Premier League","33885","Martn Demichelis","M. Demichelis","England","Martn","ENG","Martn Demichelis","Demichelis"
"Barclays Premier League","Premier League","108223","ngel Di Mara",". Di Mara","England","ngel","ENG","ngel Di Mara","Di Mara"
"Barclays Premier League","Premier League","86233","Mohamed Diame","M. Diame","England","Mohamed","ENG","Mohamed Diame","Diame"
"Barclays Premier League","Premier League","155532","Eric Dier","E. Dier","England","Eric","ENG","Eric Dier","Dier"
"Barclays Premier League","Premier League","10438","Sylvain Distin","S. Distin","England","Sylvain","ENG","Sylvain Distin","Distin"
"Barclays Premier League","Premier League","61892","Graham Dorrans","G. Dorrans","England","Graham","ENG","Graham Dorrans","Dorrans"
"Barclays Premier League","Premier League","173667","Oscar dos Santos Emboaba Jnior","O. dos Santos Emboaba Jnior","England","Oscar","ENG","Oscar","dos Santos Emboaba Jnior"
"Barclays Premier League","Premier League","21187","Stewart Downing","S. Downing","England","Stewart","ENG","Stewart Downing","Downing"
"Barclays Premier League","Premier League","33534","Kevin Doyle","K. Doyle","England","Kevin","ENG","Kevin Doyle","Doyle"
"Barclays Premier League","Premier League","135376","Daniel Drinkwater","D. Drinkwater","England","Daniel","ENG","Daniel Drinkwater","Drinkwater"
"Barclays Premier League","Premier League","18727","Didier Drogba","D. Drogba","England","Didier","ENG","Didier Drogba","Drogba"
"Barclays Premier League","Premier League","182403","Mike Duff","M. Duff","England","Mike","ENG","Mike Duff","Duff"
"Barclays Premier League","Premier League","167118","Paul Dummett","P. Dummett","England","Paul","ENG","Paul Dummett","Dummett"
"Barclays Premier League","Premier League","196795","Cameron Dummigan","C. Dummigan","England","Cameron","ENG","Cameron Dummigan","Dummigan"
"Barclays Premier League","Premier League","182403","Mike Duff","M. Duff","England","Mike","ENG","Mike Duff","Duff"
"Barclays Premier League","Premier League","167118","Paul Dummett","P. Dummett","England","Paul","ENG","Paul Dummett","Dummett"
"Barclays Premier League","Premier League","196795","Cameron Dummigan","C. Dummigan","England","Cameron","ENG","Cameron Dummigan","Dummigan"
"Barclays Premier League","Premier League","8210","Richard Dunne","R. Dunne","England","Richard","ENG","Richard Dunne","Dunne"
"Barclays Premier League","Premier League","67796","Nathan Dyer","N. Dyer","England","Nathan","ENG","Nathan Dyer","Dyer"
"Barclays Premier League","Premier League","102337","Edin Dzeko","E. Dzeko","England","Edin","ENG","Edin Dzeko","Dzeko"
"Barclays Premier League","Premier League","42176","Karim El Ahmadi","K. El Ahmadi","England","Karim","ENG","Karim El Ahmadi","El Ahmadi"
"Barclays Premier League","Premier League","47039","Robert Elliot","R. Elliot","England","Robert","ENG","Robert Elliot","Elliot"
"Barclays Premier League","Premier League","145468","Ahmed Elmohamady","A. Elmohamady","England","Ahmed","ENG","Ahmed Elmohamady","Elmohamady"
"Barclays Premier League","Premier League","73201","Marvin Emnes","M. Emnes","England","Marvin","ENG","Marvin Emnes","Emnes"
"Barclays Premier League","Premier League","144130","Christian Eriksen","C. Eriksen","England","Christian","ENG","Christian Eriksen","Eriksen"
"Barclays Premier League","Premier League","214319","Jose Angel Esmoris Tasende","J. Esmoris Tasende","England","Jose Angel","ENG","Jose Angel Esmoris Tasende","Esmoris Tasende"
"Barclays Premier League","Premier League","11718","Samuel Eto'o","S. Eto'o","England","Samuel","ENG","Samuel Eto'o","Eto'o"
"Barclays Premier League","Premier League","83176","Jonathan Evans","J. Evans","England","Jonny","ENG","Jonathan Evans","Evans"
"Barclays Premier League","Premier League","77403","Lukasz Fabianski","L. Fabianski","England","Lukasz","ENG","Lukasz Fabianski","Fabianski"
"Barclays Premier League","Premier League","87706","Radamel Zarate Falcao Garcia","R. Falcao Garcia","England","Radamel","ENG","Radamel Falcao","Falcao Garcia"
"Barclays Premier League","Premier League","87709","Alejandro Damian Faurlin","A. Faurlin","England","Alejandro Damian","ENG","Alejandro Damian Faurlin","Faurlin"
"Barclays Premier League","Premier League","97425","Federico Fazio","F. Fazio","England","Federico","ENG","Federico Fazio","Fazio"
"Barclays Premier League","Premier League","84535","Marouane Fellaini","M. Fellaini","England","Marouane","ENG","Marouane Fellaini","Fellaini"
"Barclays Premier League","Premier League","113083","Leroy Fer","L. Fer","England","Leroy","ENG","Leroy Fer","Fer"
"Barclays Premier League","Premier League","7825","Rio Ferdinand","R. Ferdinand","England","Rio","ENG","Rio Ferdinand","Ferdinand"
"Barclays Premier League","Premier League","164800","Jesus Fernandez Saez","J. Fernandez Saez","England","Jesus","ENG","Suso","Fernandez Saez"
"Barclays Premier League","Premier League","118287","Federico Fernndez","F. Fernndez","England","Federico","ENG","Federico Fernndez","Fernndez"
"Barclays Premier League","Premier League","51848","Facundo Ferreyra","F. Ferreyra","England","Facundo","ENG","Facundo Ferreyra","Ferreyra"
"Barclays Premier League","Premier League","93156","Maynor Figueroa","M. Figueroa","England","Maynor","ENG","Maynor Figueroa","Figueroa"
"Barclays Premier League","Premier League","40501","Mathieu Flamini","M. Flamini","England","Mathieu","ENG","Mathieu Flamini","Flamini"
"Barclays Premier League","Premier League","8871","Darren Fletcher","D. Fletcher","England","Darren","ENG","Darren Fletcher","Fletcher"
"Barclays Premier League","Premier League","42189","Steven Fletcher","S. Fletcher","England","Steven","ENG","Steven Fletcher","Fletcher"
"Barclays Premier League","Premier League","104172","Jose Fonte","J. Fonte","England","Jose","ENG","Jose Fonte","Fonte"
"Barclays Premier League","Premier League","93193","Fraser Forster","F. Forster","England","Fraser","ENG","Fraser Forster","Forster"
"Barclays Premier League","Premier League","22777","Ben Foster","B. Foster","England","Ben","ENG","Ben Foster","Foster"
"Barclays Premier League","Premier League","7777","Brad Friedel","B. Friedel","England","Brad","ENG","Brad Friedel","Friedel"
"Barclays Premier League","Premier League","167113","Ezekiel Fryers","E. Fryers","England","Ezekiel","ENG","Ezekiel Fryers","Fryers"
"Barclays Premier League","Premier League","150603","Jay Fulton","J. Fulton","England","Jay","ENG","Jay Fulton","Fulton"
"Barclays Premier League","Premier League","38886","Cesc Fbregas","C. Fbregas","England","Cesc","ENG","Cesc Fbregas","Fbregas"
"Barclays Premier League","Premier League","141429","Cristian Gamboa","C. Gamboa","England","Cristian","ENG","Cristian Gamboa","Gamboa"
"Barclays Premier League","Premier League","143535","Luke Garbutt","L. Garbutt","England","Luke","ENG","Luke Garbutt","Garbutt"
"Barclays Premier League","Premier League","73339","Craig Gardner","C. Gardner","England","Craig","ENG","Craig Gardner","Gardner"
"Barclays Premier League","Premier League","152426","Florin Gardos","F. Gardos","England","Florin","ENG","Florin Gardos","Gardos"
"Barclays Premier League","Premier League","168992","Dwight Gayle","D. Gayle","England","Dwight","ENG","Dwight Gayle","Gayle"
"Barclays Premier League","Premier League","7935","Steven Gerrard","S. Gerrard","England","Steven","ENG","Steven Gerrard","Gerrard"
"Barclays Premier League","Premier League","134438","Emanuele Giaccherini","E. Giaccherini","England","Emanuele","ENG","Emanuele Giaccherini","Giaccherini"
"Barclays Premier League","Premier League","99500","Kieran Gibbs","K. Gibbs","England","Kieran","ENG","Kieran Gibbs","Gibbs"
"Barclays Premier League","Premier League","71653","Darron Gibson","D. Gibson","England","Darron","ENG","Darron Gibson","Gibson"
"Barclays Premier League","Premier League","6516","Matthew Gilks","M. Gilks","England","Matthew","ENG","Matthew Gilks","Gilks"
"Barclays Premier League","Premier League","88965","Olivier Giroud","O. Giroud","England","Olivier","ENG","Olivier Giroud","Giroud"
"Barclays Premier League","Premier League","8944","Shay Given","S. Given","England","Shay","ENG","Shay Given","Given"
"Barclays Premier League","Premier League","84940","Bafetimbi Gomis","B. Gomis","England","Bafetimbi","ENG","Bafetimbi Gomis","Gomis"
"Barclays Premier League","Premier League","103023","Varela Manuel Goncalves Gonalves Varela","V. Gonalves Varela","England","Varela","ENG","Varela","Gonalves Varela"
"Barclays Premier League","Premier League","101379","Yoan Gouffran","Y. Gouffran","England","Yoan","ENG","Yoan Gouffran","Gouffran"
"Barclays Premier League","Premier League","159274","Danny Graham","D. Graham","England","Danny","ENG","Danny Graham","Graham"
"Barclays Premier League","Premier League","172850","Jack Grealish","J. Grealish","England","Jack","ENG","Jack Grealish","Grealish"
"Barclays Premier League","Premier League","5112","Robert Green","R. Green","England","Robert","ENG","Robert Green","Green"
"Barclays Premier League","Premier League","144515","Adlne Gudioura","A. Guedioura","England","Adlene","ENG","Adlene Guedioura","Guedioura"
"Barclays Premier League","Premier League","147337","Sandro Ranieri Guimares Cordeiro","S. Guimares Cordeiro","England","Sandro","ENG","Sandro","Guimares Cordeiro"
"Barclays Premier League","Premier League","56935","Brad Guzan","B. Guzan","England","Brad","ENG","Brad Guzan","Guzan"
"Barclays Premier League","Premier League","117833","Jordi Gmez Garca-Penche","J. Gmez Garca-Penche","England","Jordi","ENG","Jordi Gmez","Gmez Garca-Penche"
"Barclays Premier League","Premier League","154532","Massadio Haidara","M. Haidara","England","Massadio","ENG","Massadio Haidara","Haidara"
"Barclays Premier League","Premier League","83011","Ben Hamer","B. Hamer","England","Ben","ENG","Ben Hamer","Hamer"
"Barclays Premier League","Premier League","5496","Dean Hammond","D. Hammond","England","Dean","ENG","Dean Hammond","Hammond"
"Barclays Premier League","Premier League","13269","Brede Hangeland","B. Hangeland","England","Brede","ENG","Brede Hangeland","Hangeland"
"Barclays Premier League","Premier League","8948","Steve Harper","S. Harper","England","Steve","ENG","Steve Harper","Harper"
"Barclays Premier League","Premier League","30462","Joe Hart","J. Hart","England","Joe","ENG","Joe Hart","Hart"
"Barclays Premier League","Premier League","101390","Eden Hazard","E. Hazard","England","Eden","ENG","Eden Hazard","Hazard"
"Barclays Premier League","Premier League","42250","Tom Heaton","T. Heaton","England","Tom","ENG","Tom Heaton","Heaton"
"Barclays Premier League","Premier League","127262","Jordan Henderson","J. Henderson","England","Jordan","ENG","Jordan Henderson","Henderson"
"Barclays Premier League","Premier League","83526","Wayne Hennessey","W. Hennessey","England","Wayne","ENG","Wayne Hennessey","Hennessey"
"Barclays Premier League","Premier League","5814","Karl Henry","K. Henry","England","Karl","ENG","Karl Henry","Henry"
"Barclays Premier League","Premier League","113837","Chris Herd","C. Herd","England","Chris","ENG","Chris Herd","Herd"
"Barclays Premier League","Premier League","131430","Abel Hernndez","A. Hernndez","England","Abel","ENG","Abel Hernndez","Hernndez"
"Barclays Premier League","Premier League","146419","Javier Hernndez","J. Hernndez","England","Javier","ENG","Javier Hernndez","Hernndez"
"Barclays Premier League","Premier League","131481","Ander Herrera Aguera","A. Herrera Aguera","England","Ander","ENG","Ander Herrera","Herrera Aguera"
"Barclays Premier League","Premier League","165536","Steven Hewitt","S. Hewitt","England","Steven","ENG","Steven Hewitt","Hewitt"
"Barclays Premier League","Premier League","7732","Tony Hibbert","T. Hibbert","England","Tony","ENG","Tony Hibbert","Hibbert"
"Barclays Premier League","Premier League","5906","Clint Hill","C. Hill","England","Clint","ENG","Clint Hill","Hill"
"Barclays Premier League","Premier League","116662","David Hoilett","D. Hoilett","England","David","ENG","David Hoilett","Hoilett"
"Barclays Premier League","Premier League","122289","Lewis Holtby","L. Holtby","England","Lewis","ENG","Lewis Holtby","Holtby"
"Barclays Premier League","Premier League","31806","Jos Hooiveld","J. Hooiveld","England","Jos","ENG","Jos Hooiveld","Hooiveld"
"Barclays Premier League","Premier League","170551","Tom Hopper","T. Hopper","England","Tom","ENG","Tom Hopper","Hopper"
"Barclays Premier League","Premier League","34158","Tim Howard","T. Howard","England","Tim","ENG","Tim Howard","Howard"
"Barclays Premier League","Premier League","26412","Tom Huddlestone","T. Huddlestone","England","Tom","ENG","Tom Huddlestone","Huddlestone"
"Barclays Premier League","Premier League","18891","Robert Huth","R. Huth","England","Robert","ENG","Robert Huth","Huth"
"Barclays Premier League","Premier League","27736","Alan Hutton","A. Hutton","England","Alan","ENG","Alan Hutton","Hutton"
"Barclays Premier League","Premier League","164646","Jordan Ibe","J. Ibe","England","Jordan","ENG","Jordan Ibe","Ibe"
"Barclays Premier League","Premier League","150012","Thomas Ince","T. Ince","England","Thomas","ENG","Thomas Ince","Ince"
"Barclays Premier League","Premier League","141706","Danny Ings","D. Ings","England","Danny","ENG","Danny Ings","Ings"
"Barclays Premier League","Premier League","46525","Stephen Ireland","S. Ireland","England","Stephen","ENG","Stephen Ireland","Ireland"
"Barclays Premier League","Premier League","180167","Lloyd Isgrove","L. Isgrove","England","Lloyd","ENG","Lloyd Isgrove","Isgrove"
"Barclays Premier League","Premier League","113574","Mauricio Isla","M. Isla","England","Mauricio","ENG","Mauricio Isla","Isla"
"Barclays Premier League","Premier League","83519","Branislav Ivanovic","B. Ivanovic","England","Branislav","ENG","Branislav Ivanovic","Ivanovic"
"Barclays Premier League","Premier League","7908","Jussi Jaaskelainen","J. Jaaskelainen","England","Jussi","ENG","Jussi Jaaskelainen","Jaaskelainen"
"Barclays Premier League","Premier League","4745","Phil Jagielka","P. Jagielka","England","Phil","ENG","Phil Jagielka","Jagielka"
"Barclays Premier League","Premier League","69318","Eldin Jakupovic","E. Jakupovic","England","Eldin","ENG","Eldin Jakupovic","Jakupovic"
"Barclays Premier League","Premier League","135430","Matthew James","M. James","England","Matthew","ENG","Matthew James","James"
"Barclays Premier League","Premier League","189007","Reece James","R. James","England","Reece","ENG","Reece James","James"
"Barclays Premier League","Premier League","125285","Daryl Janmaat","D. Janmaat","England","Daryl","ENG","Daryl Janmaat","Janmaat"
"Barclays Premier League","Premier League","186432","Adnan Januzaj","A. Januzaj","England","Adnan","ENG","Adnan Januzaj","Januzaj"
"Barclays Premier League","Premier League","39484","Matthew Jarvis","M. Jarvis","England","Matthew","ENG","Matthew Jarvis","Jarvis"
"Barclays Premier League","Premier League","85979","Mile Jedinak","M. Jedinak","England","Mile","ENG","Mile Jedinak","Jedinak"
"Barclays Premier League","Premier League","39511","Nikica Jelavic","N. Jelavic","England","Nikica","ENG","Nikica Jelavic","Jelavic"
"Barclays Premier League","Premier League","150844","Carl Jenkinson","C. Jenkinson","England","Carl","ENG","Carl Jenkinson","Jenkinson"
"Barclays Premier League","Premier League","55814","Adam Johnson","A. Johnson","England","Adam","ENG","Adam Johnson","Johnson"
"Barclays Premier League","Premier League","5317","Andrew Johnson","A. Johnson","England","Andrew","ENG","Andrew Johnson","Johnson"
"Barclays Premier League","Premier League","23650","Glen Johnson","G. Johnson","England","Glen","ENG","Glen Johnson","Johnson"
"Barclays Premier League","Premier League","38871","Billy Jones","B. Jones","England","Billy","ENG","Billy Jones","Jones"
"Barclays Premier League","Premier League","46050","Brad Jones","B. Jones","England","Brad","ENG","Brad Jones","Jones"
"Barclays Premier League","Premier League","86616","David Frank Llwyd Jones","D. Jones","England","David","ENG","David Jones","Jones"
"Barclays Premier League","Premier League","140032","Phil Jones","P. Jones","England","Phil","ENG","Phil Jones","Jones"
"Barclays Premier League","Premier League","119612","Stevan Jovetic","S. Jovetic","England","Stevan","ENG","Stevan Jovetic","Jovetic"
"Barclays Premier League","Premier League","184797","Lucas Jutkiewicz","L. Jutkiewicz","England","Lucas","ENG","Lucas Jutkiewicz","Jutkiewicz"
"Barclays Premier League","Premier League","42191","Younes Kaboul","Y. Kaboul","England","Younes","ENG","Younes Kaboul","Kaboul"
"Barclays Premier League","Premier League","102139","Shinji Kagawa","S. Kagawa","England","Shinji","ENG","Shinji Kagawa","Kagawa"
"Barclays Premier League","Premier League","142200","Harry Kane","H. Kane","England","Harry","ENG","Harry Kane","Kane"
"Barclays Premier League","Premier League","52994","Filipe Luis Kasmirski","F. Kasmirski","England","Filipe","ENG","Filipe Luis","Kasmirski"
"Barclays Premier League","Premier League","4946","Michael Keane","M. Keane","England","Michael","ENG","Michael Keane","Keane"
"Barclays Premier League","Premier League","153743","William Keane","W. Keane","England","William","ENG","William Keane","Keane"
"Barclays Premier League","Premier League","123515","Martin Kelly","M. Kelly","England","Martin","ENG","Martin Kelly","Kelly"
"Barclays Premier League","Premier League","27834","Michael Kightly","M. Kightly","England","Michael","ENG","Michael Kightly","Kightly"
"Barclays Premier League","Premier League","111350","Andy King","A. King","England","Andy","ENG","Andy King","King"
"Barclays Premier League","Premier League","103939","Aleksandar Kolarov","A. Kolarov","England","Aleksandar","ENG","Aleksandar Kolarov","Kolarov"
"Barclays Premier League","Premier League","72935","Vincent Kompany","V. Kompany","England","Vincent","ENG","Vincent Kompany","Kompany"
"Barclays Premier League","Premier League","7686","Paul Konchesky","P. Konchesky","England","Paul","ENG","Paul Konchesky","Konchesky"
"Barclays Premier League","Premier League","164367","Anthony Konckaert","A. Konckaert","England","Anthony","ENG","Anthony Konckaert","Konckaert"
"Barclays Premier League","Premier League","88970","Laurent Koscielny","L. Koscielny","England","Laurent","ENG","Laurent Koscielny","Koscielny"
"Barclays Premier League","Premier League","154027","Cheikhou Kouyat","C. Kouyat","England","Cheikhou","ENG","Cheikhou Kouyat","Kouyat"
"Barclays Premier League","Premier League","26740","Niko Kranjcar","N. Kranjcar","England","Niko","ENG","Niko Kranjcar","Kranjcar"
"Barclays Premier League","Premier League","92802","Bojan Krkic","B. Krkic","England","Bojan","ENG","Bojan Krkic","Krkic"
"Barclays Premier League","Premier League","85285","Tim Krul","T. Krul","England","Tim","ENG","Tim Krul","Krul"
"Barclays Premier League","Premier League","144471","Daniel Lafferty","D. Lafferty","England","Daniel","ENG","Daniel Lafferty","Lafferty"
"Barclays Premier League","Premier League","85472","Adam Lallana","A. Lallana","England","Adam","ENG","Adam Lallana","Lallana"
"Barclays Premier League","Premier League","174560","Rickie Lambert","R. Lambert","England","Rickie","ENG","Rickie Lambert","Lambert"
"Barclays Premier League","Premier League","130870","Erik Lamela","E. Lamela","England","Erik","ENG","Erik Lamela","Lamela"
"Barclays Premier League","Premier League","8941","Frank Lampard","F. Lampard","England","Frank","ENG","Frank Lampard","Lampard"
"Barclays Premier League","Premier League","42772","Sebastian Larsson","S. Larsson","England","Sebastian","ENG","Sebastian Larsson","Larsson"
"Barclays Premier League","Premier League","45409","Joe Ledley","J. Ledley","England","Joe","ENG","Joe Ledley","Ledley"
"Barclays Premier League","Premier League","194119","Ryan Ledson","R. Ledson","England","Ryan","ENG","Ryan Ledson","Ledson"
"Barclays Premier League","Premier League","26614","Elliot Lee","E. Lee","England","Elliot","ENG","Elliot Lee","Lee"
"Barclays Premier League","Premier League","35866","Aaron Lennon","A. Lennon","England","Aaron","ENG","Aaron Lennon","Lennon"
"Barclays Premier League","Premier League","5355","Joleon Lescott","J. Lescott","England","Joleon","ENG","Joleon Lescott","Lescott"
"Barclays Premier League","Premier League","82967","Anders Lindegaard","A. Lindegaard","England","Anders","ENG","Anders Lindegaard","Lindegaard"
"Barclays Premier League","Premier League","169136","Jesse Lingard","J. Lingard","England","Jesse","ENG","Jesse Lingard","Lingard"
"Barclays Premier League","Premier League","111336","Jake Livermore","J. Livermore","England","Jake","ENG","Jake Livermore","Livermore"
"Barclays Premier League","Premier League","180955","Sebastian Lletget","S. Lletget","England","Sebastian","ENG","Sebastian Lletget","Lletget"
"Barclays Premier League","Premier League","43372","Hugo Lloris","H. Lloris","England","Hugo","ENG","Hugo Lloris","Lloris"
"Barclays Premier League","Premier League","140531","Kevin Long","K. Long","England","Kevin","ENG","Kevin Long","Long"
"Barclays Premier League","Premier League","127978","Shane Long","S. Long","England","Shane","ENG","Shane Long","Long"
"Barclays Premier League","Premier League","123560","Dejan Lovren","D. Lovren","England","Dejan","ENG","Dejan Lovren","Lovren"
"Barclays Premier League","Premier League","145738","Matthew Lowton","M. Lowton","England","Matthew","ENG","Matthew Lowton","Lowton"
"Barclays Premier League","Premier League","139437","Romelu Lukaku","R. Lukaku","England","Romelu","ENG","Romelu Lukaku","Lukaku"
"Barclays Premier League","Premier League","214199","Matthew Macey","M. Macey","England","Matthew","ENG","Matthew Macey","Macey"
"Barclays Premier League","Premier League","157073","Harry Maguire","H. Maguire","England","Harry","ENG","Harry Maguire","Maguire"
"Barclays Premier League","Premier League","163940","Riyad Mahrez","R. Mahrez","England","Riyad","ENG","Riyad Mahrez","Mahrez"
"Barclays Premier League","Premier League","214402","Ainsley Maitland-Niles","A. Maitland-Niles","England","Ainsley","ENG","Ainsley Maitland-Niles","Maitland-Niles"
"Barclays Premier League","Premier League","169797","Sadio Mane","S. Mane","England","Sadio","ENG","Sadio Mane","Mane"
"Barclays Premier League","Premier League","127479","Eliaquim Mangala","E. Mangala","England","Eliaquim","ENG","Eliaquim Mangala","Mangala"
"Barclays Premier League","Premier League","85400","Vito Mannone","V. Mannone","England","Vito","ENG","Vito Mannone","Mannone"
"Barclays Premier League","Premier League","169220","Javier Manquillo Gaitn","J. Manquillo Gaitn","England","Javier","ENG","Javi Manquillo","Manquillo Gaitn"
"Barclays Premier League","Premier League","62131","Adrian Mariappa","A. Mariappa","England","Adrian","ENG","Adrian Mariappa","Mariappa"
"Barclays Premier League","Premier League","165218","Lazar Markovic","L. Markovic","England","Lazar","ENG","Lazar Markovic","Markovic"
"Barclays Premier League","Premier League","28710","Dean Marney","D. Marney","England","Dean","ENG","Dean Marney","Marney"
"Barclays Premier League","Premier League","158626","Damian Emiliano  Martinez","D. Martinez","England","Damian","ENG","Emiliano Martinez","Martinez"
"Barclays Premier League","Premier League","129670","Ryan Glen Mason","R. Mason","England","Ryan","ENG","Ryan Mason","Mason"
"Barclays Premier League","Premier League","103025","Juan Manuel Garcia Mata","J. Mata","England","Juan","ENG","Juan Mata","Mata"
"Barclays Premier League","Premier League","135743","Nemanja Matic","N. Matic","England","Nemanja","ENG","Nemanja Matic","Matic"
"Barclays Premier League","Premier League","152193","Charalampos Mavrias","C. Mavrias","England","Charalampos","ENG","Charalampos Mavrias","Mavrias"
"Barclays Premier League","Premier League","178245","Emmanuel Mayuka","E. Mayuka","England","Emmanuel","ENG","Emmanuel Mayuka","Mayuka"
"Barclays Premier League","Premier League","46963","James McArthur","J. McArthur","England","James","ENG","James McArthur","McArthur"
"Barclays Premier League","Premier League","32588","Gareth McAuley","G. McAuley","England","Gareth","ENG","Gareth McAuley","McAuley"
"Barclays Premier League","Premier League","107542","Alex McCarthy","A. McCarthy","England","Alex","ENG","Alex McCarthy","McCarthy"
"Barclays Premier League","Premier League","137100","James McCarthy","J. McCarthy","England","James","ENG","James McCarthy","McCarthy"
"Barclays Premier League","Premier League","194276","Jason McCarthy","J. McCarthy","England","Jason","ENG","Jason McCarthy","McCarthy"
"Barclays Premier League","Premier League","5032","Patrick McCarthy","P. McCarthy","England","Patrick","ENG","Patrick McCarthy","McCarthy"
"Barclays Premier League","Premier League","86424","Aiden McGeady","A. McGeady","England","Aiden","ENG","Aiden McGeady","McGeady"
"Barclays Premier League","Premier League","108348","Allan McGregor","A. McGregor","England","Allan","ENG","Allan McGregor","McGregor"
"Barclays Premier League","Premier League","210139","Patrick McNair","P. McNair","England","Patrick","ENG","Patrick McNair","McNair"
"Barclays Premier League","Premier League","200846","Sam McQueen","S. McQueen","England","Sam","ENG","Sam McQueen","McQueen"
"Barclays Premier League","Premier League","42732","Paul McShane","P. McShane","England","Paul","ENG","Paul McShane","McShane"
"Barclays Premier League","Premier League","138159","Benjamin Mee","B. Mee","England","Benjamin","ENG","Benjamin Mee","Mee"
"Barclays Premier League","Premier League","34041","Per Mertesacker","P. Mertesacker","England","Per","ENG","Per Mertesacker","Mertesacker"
"Barclays Premier League","Premier League","121849","David Meyler","D. Meyler","England","David","ENG","David Meyler","Meyler"
"Barclays Premier League","Premier League","99829","Simon Mignolet","S. Mignolet","England","Simon","ENG","Simon Mignolet","Mignolet"
"Barclays Premier League","Premier League","60503","John Obi John Mikel","J. Mikel","England","John Obi","ENG","John Obi Mikel","Mikel"
"Barclays Premier League","Premier League","26843","James Milner","J. Milner","England","James","ENG","James Milner","Milner"
"Barclays Premier League","Premier League","161664","Kevin Mirallas","K. Mirallas","England","Kevin","ENG","Kevin Mirallas","Mirallas"
"Barclays Premier League","Premier League","85361","Nacho Monreal","N. Monreal","England","Nacho","ENG","Nacho Monreal","Monreal"
"Barclays Premier League","Premier League","136453","Jefferson Montero","J. Montero","England","Jefferson","ENG","Jefferson Montero","Montero"
"Barclays Premier League","Premier League","150493","Liam Moore","L. Moore","England","Liam","ENG","Liam Moore","Moore"
"Barclays Premier League","Premier League","172998","Alberto Moreno","A. Moreno","England","Alberto","ENG","Alberto Moreno","Moreno"
"Barclays Premier League","Premier League","31376","Wes Morgan","W. Morgan","England","Wes","ENG","Wes Morgan","Morgan"
"Barclays Premier League","Premier League","39542","James Morrison","J. Morrison","England","James","ENG","James Morrison","Morrison"
"Barclays Premier League","Premier League","153297","Ravel Morrison","R. Morrison","England","Ravel","ENG","Ravel Morrison","Morrison"
"Barclays Premier League","Premier League","112547","Victor Moses","V. Moses","England","Victor","ENG","Victor Moses","Moses"
"Barclays Premier League","Premier League","88221","Youssuf Mulumbu","Y. Mulumbu","England","Youssuf","ENG","Youssuf Mulumbu","Mulumbu"
"Barclays Premier League","Premier League","135405","Marc Muniesa","M. Muniesa","England","Marc","ENG","Marc Muniesa","Muniesa"
"Barclays Premier League","Premier League","5037","Brian Murphy","B. Murphy","England","Brian","ENG","Brian Murphy","Murphy"
"Barclays Premier League","Premier League","46553","Glenn Murray","G. Murray","England","Glenn","ENG","Glenn Murray","Murray"
"Barclays Premier League","Premier League","130912","Jordon Mutch","J. Mutch","England","Jordon","ENG","Jordon Mutch","Mutch"
"Barclays Premier League","Premier League","4680","Boaz Myhill","B. Myhill","England","Boaz","ENG","Boaz Myhill","Myhill"
"Barclays Premier League","Premier League","44626","Charles N'Zogbia","C. N'Zogbia","England","Charles","ENG","Charles N'Zogbia","N'Zogbia"
"Barclays Premier League","Premier League","108763","Steven Naismith","S. Naismith","England","Steven","ENG","Steven Naismith","Naismith"
"Barclays Premier League","Premier League","164802","Liam O'Neil","L. O'Neil","England","Liam","ENG","Liam O'Neil","O'Neil"
"Barclays Premier League","Premier League","7624","John O'Shea","J. O'Shea","England","John","ENG","John O'Shea","O'Shea"
"Barclays Premier League","Premier League","86215","Gabriel Obertan","G. Obertan","England","Gabriel","ENG","Gabriel Obertan","Obertan"
"Barclays Premier League","Premier League","69453","Peter Odemwingie","P. Odemwingie","England","Peter","ENG","Peter Odemwingie","Odemwingie"
"Barclays Premier League","Premier League","157389","Jores Okore","J. Okore","England","Jores","ENG","Jores Okore","Okore"
"Barclays Premier League","Premier League","88360","Anderson Oliveira","A. Oliveira","England","Anderson","ENG","Anderson","Oliveira"
"Barclays Premier League","Premier League","67860","Jonas Olsson","J. Olsson","England","Jonas","ENG","Jonas Olsson","Olsson"
"Barclays Premier League","Premier League","45836","Nedum Onuoha","N. Onuoha","England","Nedum","ENG","Nedum Onuoha","Onuoha"
"Barclays Premier League","Premier League","7709","Leon Osman","L. Osman","England","Leon","ENG","Leon Osman","Osman"
"Barclays Premier League","Premier League","121842","David Ospina","D. Ospina","England","David","ENG","David Ospina","Ospina"
"Barclays Premier League","Premier League","147197","Bryan Oviedo","B. Oviedo","England","Bryan","ENG","Bryan Oviedo","Oviedo"
"Barclays Premier League","Premier League","145392","Alex Oxlade-Chamberlain","A. Oxlade-Chamberlain","England","Alex","ENG","Alex Oxlade-Chamberlain","Oxlade-Chamberlain"
"Barclays Premier League","Premier League","126727","Costel Pantilimon","C. Pantilimon","England","Costel","ENG","Costel Pantilimon","Pantilimon"
"Barclays Premier League","Premier League","40846","Graziano Pelle","G. Pelle","England","Graziano","ENG","Graziano Pelle","Pelle"
"Barclays Premier League","Premier League","210143","Andreas Pereira","A. Pereira","England","Andreas","ENG","Andreas Pereira","Pereira"
"Barclays Premier League","Premier League","108315","Lucas Pezzini-Leiva","L. Pezzini-Leiva","England","Lucas","ENG","Lucas","Pezzini-Leiva"
"Barclays Premier League","Premier League","119004","Matthew Phillips","M. Phillips","England","Matthew","ENG","Matthew Phillips","Phillips"
"Barclays Premier League","Premier League","19544","Steven Pienaar","S. Pienaar","England","Steven","ENG","Steven Pienaar","Pienaar"
"Barclays Premier League","Premier League","124890","Erik Pieters","E. Pieters","England","Erik","ENG","Erik Pieters","Pieters"
"Barclays Premier League","Premier League","125299","Sbastien Pocognoli","S. Pocognoli","England","Sbastien","ENG","Sbastien Pocognoli","Pocognoli"
"Barclays Premier League","Premier League","39759","Lukas Podolski","L. Podolski","England","Lukas","ENG","Lukas Podolski","Podolski"
"Barclays Premier League","Premier League","150469","Nick Powell","N. Powell","England","Nick","ENG","Nick Powell","Powell"
"Barclays Premier League","Premier League","191606","Diego Poyet","D. Poyet","England","Diego","ENG","Diego Poyet","Poyet"
"Barclays Premier League","Premier League","178838","Jose Pozos","J. Pozos","England","Jose","ENG","Jose Pozos","Pozos"
"Barclays Premier League","Premier League","42019","Jason Puncheon","J. Puncheon","England","Jason","ENG","Jason Puncheon","Puncheon"
"Barclays Premier League","Premier League","192133","Ayoze Prez Gutirrez","A. Prez Gutirrez","England","Ayoze","ENG","Ayoze Prez","Prez Gutirrez"
"Barclays Premier League","Premier League","65473","Stephen Quinn","S. Quinn","England","Stephen","ENG","Stephen Quinn","Quinn"
"Barclays Premier League","Premier League","98681","Aaron Ramsey","A. Ramsey","England","Aaron","ENG","Aaron Ramsey","Ramsey"
"Barclays Premier League","Premier League","130591","Gastn Ramrez","G. Ramrez","England","Gastn","ENG","Gastn Ramrez","Ramrez"
"Barclays Premier League","Premier League","102588","Angel Rangel","A. Rangel","England","Angel","ENG","Angel Rangel","Rangel"
"Barclays Premier League","Premier League","193246","Harrison Reed","H. Reed","England","Harrison","ENG","Harrison Reed","Reed"
"Barclays Premier League","Premier League","124066","Fernando Francisco Reges","F. Reges","England","Fernando","ENG","Fernando","Reges"
"Barclays Premier League","Premier League","5081","Steven Reid","S. Reid","England","Steven","ENG","Steven Reid","Reid"
"Barclays Premier League","Premier League","99875","Winston Reid","W. Reid","England","Winston","ENG","Winston Reid","Reid"
"Barclays Premier League","Premier League","30075","Anthony Reveillere","A. Reveillere","England","Anthony","ENG","Anthony Reveillere","Reveillere"
"Barclays Premier League","Premier League","132635","Ashley Richards","A. Richards","England","Ashley","ENG","Ashley Richards","Richards"
"Barclays Premier League","Premier League","23139","Kieran Richardson","K. Richardson","England","Kieran","ENG","Kieran Richardson","Richardson"
"Barclays Premier League","Premier League","107033","Emmanuel Riviere","E. Riviere","England","Emmanuel","ENG","Emmanuel Riviere","Riviere"
"Barclays Premier League","Premier League","149625","Valentin Roberge","V. Roberge","England","Valentin","ENG","Valentin Roberge","Roberge"
"Barclays Premier League","Premier League","104943","Andrew Robertson","A. Robertson","England","Andrew","ENG","Andrew Robertson","Robertson"
"Barclays Premier League","Premier League","141624","Joel Robles","J. Robles","England","Joel","ENG","Joel Robles","Robles"
"Barclays Premier League","Premier League","213552","Thomas Robson","T. Robson","England","Thomas","ENG","Thomas Robson","Robson"
"Barclays Premier League","Premier League","112092","Jack Rodwell","J. Rodwell","England","Jack","ENG","Jack Rodwell","Rodwell"
"Barclays Premier League","Premier League","129426","Marcos Rojo","M. Rojo","England","Marcos","ENG","Marcos Rojo","Rojo"
"Barclays Premier League","Premier League","21046","Wayne Rooney","W. Rooney","England","Wayne","ENG","Wayne Rooney","Rooney"
"Barclays Premier League","Premier League","178486","Fernandinho Rosa","F. Rosa","England","Fernandinho","ENG","Fernandinho","Rosa"
"Barclays Premier League","Premier League","104991","Danny Rose","D. Rose","England","Danny","ENG","Danny Rose","Rose"
"Barclays Premier League","Premier League","133897","Liam Rosenior","L. Rosenior","England","Liam","ENG","Liam Rosenior","Rosenior"
"Barclays Premier League","Premier League","10726","Tomas Rosicky","T. Rosicky","England","Tomas","ENG","Tomas Rosicky","Rosicky"
"Barclays Premier League","Premier League","16155","Wayne Routledge","W. Routledge","England","Wayne","ENG","Wayne Routledge","Routledge"
"Barclays Premier League","Premier League","104943","Andrew Robertson","A. Robertson","England","Andrew","ENG","Andrew Robertson","Robertson"
"Barclays Premier League","Premier League","194272","Callum Robinson","C. Robinson","England","Callum","ENG","Callum Robinson","Robinson"
"Barclays Premier League","Premier League","141624","Joel Robles","J. Robles","England","Joel","ENG","Joel Robles","Robles"
"Barclays Premier League","Premier League","213552","Thomas Robson","T. Robson","England","Thomas","ENG","Thomas Robson","Robson"
"Barclays Premier League","Premier League","112092","Jack Rodwell","J. Rodwell","England","Jack","ENG","Jack Rodwell","Rodwell"
"Barclays Premier League","Premier League","129426","Marcos Rojo","M. Rojo","England","Marcos","ENG","Marcos Rojo","Rojo"
"Barclays Premier League","Premier League","21046","Wayne Rooney","W. Rooney","England","Wayne","ENG","Wayne Rooney","Rooney"
"Barclays Premier League","Premier League","178486","Fernandinho Rosa","F. Rosa","England","Fernandinho","ENG","Fernandinho","Rosa"
"Barclays Premier League","Premier League","104991","Danny Rose","D. Rose","England","Danny","ENG","Danny Rose","Rose"
"Barclays Premier League","Premier League","133897","Liam Rosenior","L. Rosenior","England","Liam","ENG","Liam Rosenior","Rosenior"
"Barclays Premier League","Premier League","10726","Tomas Rosicky","T. Rosicky","England","Tomas","ENG","Tomas Rosicky","Rosicky"
"Barclays Premier League","Premier League","16155","Wayne Routledge","W. Routledge","England","Wayne","ENG","Wayne Routledge","Routledge"
"Barclays Premier League","Premier League","84886","Loc Rmy","L. Rmy","England","Loc","ENG","Loc Rmy","Rmy"
"Barclays Premier League","Premier League","120949","Yannick Sagbo","Y. Sagbo","England","Yannick","ENG","Yannick Sagbo","Sagbo"
"Barclays Premier League","Premier League","38880","Bacary Sagna","B. Sagna","England","Bacary","ENG","Bacary Sagna","Sagna"
"Barclays Premier League","Premier League","138561","Diafra Sakho","D. Sakho","England","Diafra","ENG","Diafra Sakho","Sakho"
"Barclays Premier League","Premier League","96162","Mamadou Sakho","M. Sakho","England","Mamadou","ENG","Mamadou Sakho","Sakho"
"Barclays Premier League","Premier League","173896","Mohamed Ghaly Salah","M. Salah","England","Mohamed","ENG","Mohamed Salah","Salah"
"Barclays Premier League","Premier League","26416","Giorgos Samaras","G. Samaras","England","Giorgos","ENG","Giorgos Samaras","Samaras"
"Barclays Premier League","Premier League","134230","Adrin San Miguel del Castillo","A. San Miguel del Castillo","England","Adrin","ENG","Adrin","San Miguel del Castillo"
"Barclays Premier League","Premier League","144279","Yaya Sanogo","Y. Sanogo","England","Yaya","ENG","Yaya Sanogo","Sanogo"
"Barclays Premier League","Premier League","99025","Ramires Santos do Nascimento","R. Santos do Nascimento","England","Ramires","ENG","Ramires","Santos do Nascimento"
"Barclays Premier League","Premier League","205646","Jefferey Schlupp","J. Schlupp","England","Jefferey","ENG","Jefferey Schlupp","Schlupp"
"Barclays Premier League","Premier League","40200","Kasper Schmeichel","K. Schmeichel","England","Kasper","ENG","Kasper Schmeichel","Schmeichel"
"Barclays Premier League","Premier League","101461","Morgan Schneiderlin","M. Schneiderlin","England","Morgan","ENG","Morgan Schneiderlin","Schneiderlin"
"Barclays Premier League","Premier League","136580","Andr Schrrle","A. Schrrle","England","Andr","ENG","Andr Schrrle","Schrrle"
"Barclays Premier League","Premier League","19435","Philippe Senderos","P. Senderos","England","Philippe","ENG","Philippe Senderos","Senderos"
"Barclays Premier League","Premier League","85095","Stephane Sessegnon","S. Sessegnon","England","Stephane","ENG","Stephane Sessegnon","Sessegnon"
"Barclays Premier League","Premier League","31664","Jason Shackell","J. Shackell","England","Jason","ENG","Jason Shackell","Shackell"
"Barclays Premier League","Premier League","167127","Luke Shaw","L. Shaw","England","Luke","ENG","Luke Shaw","Shaw"
"Barclays Premier League","Premier League","89557","Ryan Shawcross","R. Shawcross","England","Ryan","ENG","Ryan Shawcross","Shawcross"
"Barclays Premier League","Premier League","187177","Josh Sheehan","J. Sheehan","England","Josh","ENG","Josh Sheehan","Sheehan"
"Barclays Premier League","Premier League","119005","Jonjo Shelvey","J. Shelvey","England","Jonjo","ENG","Jonjo Shelvey","Shelvey"
"Barclays Premier League","Premier League","210175","Oliver Shenton","O. Shenton","England","Oliver","ENG","Oliver Shenton","Shenton"
"Barclays Premier League","Premier League","192654","Liam Shephard","L. Shephard","England","Liam","ENG","Liam Shephard","Shephard"
"Barclays Premier League","Premier League","15820","Steve Sidwell","S. Sidwell","England","Steve","ENG","Steve Sidwell","Sidwell"
"Barclays Premier League","Premier League","121910","Gylfi Sigurdsson","G. Sigurdsson","England","Gylfi","ENG","Gylfi Sigurdsson","Sigurdsson"
"Barclays Premier League","Premier League","43815","David Jimenez Silva","D. Silva","England","David","ENG","David Silva","Silva"
"Barclays Premier League","Premier League","83177","Danny Simpson","D. Simpson","England","Danny","ENG","Danny Simpson","Simpson"
"Barclays Premier League","Premier League","46565","Scott Sinclair","S. Sinclair","England","Scott","ENG","Scott Sinclair","Sinclair"
"Barclays Premier League","Premier League","104658","Moussa Sissoko","M. Sissoko","England","Moussa","ENG","Moussa Sissoko","Sissoko"
"Barclays Premier League","Premier League","45606","Martin Skrtel","M. Skrtel","England","Martin","ENG","Martin Skrtel","Skrtel"
"Barclays Premier League","Premier League","123605","Chris Smalling","C. Smalling","England","Chris","ENG","Chris Smalling","Smalling"
"Barclays Premier League","Premier League","157858","Adam Smith","A. Smith","England","Adam","ENG","Adam Smith","Smith"
"Barclays Premier League","Premier League","156085","Robert Snodgrass","R. Snodgrass","England","Robert","ENG","Robert Snodgrass","Snodgrass"
"Barclays Premier League","Premier League","194115","Dominic Solanke","D. Solanke","England","Dominic","ENG","Dominic Solanke","Solanke"
"Barclays Premier League","Premier League","42042","Roberto Soldado","R. Soldado","England","Roberto","ENG","Roberto Soldado","Soldado"
"Barclays Premier League","Premier League","43447","Alex Song","A. Song","England","Alex","ENG","Alex Song","Song"
"Barclays Premier League","Premier League","127138","Marvin Sordell","M. Sordell","England","Marvin","ENG","Marvin Sordell","Sordell"
"Barclays Premier League","Premier League","8067","Thomas Sorensen","T. Sorensen","England","Thomas","ENG","Thomas Sorensen","Sorensen"
"Barclays Premier League","Premier League","144280","Benjamin Stambouli","B. Stambouli","England","Benjamin","ENG","Benjamin Stambouli","Stambouli"
"Barclays Premier League","Premier League","152475","Jack Stephens","J. Stephens","England","Jack","ENG","Jack Stephens","Stephens"
"Barclays Premier League","Premier League","156366","Raheem Sterling","R. Sterling","England","Raheem","ENG","Raheem Sterling","Sterling"
"Barclays Premier League","Premier League","157974","John Stones","J. Stones","England","John","ENG","John Stones","Stones"
"Barclays Premier League","Premier League","181391","Remie Streete","R. Streete","England","Remie","ENG","Remie Streete","Streete"
"Barclays Premier League","Premier League","85291","Daniel Sturridge","D. Sturridge","England","Daniel","ENG","Daniel Sturridge","Sturridge"
"Barclays Premier League","Premier League","175140","Yun Suk-Young","Y. Suk-Young","England","Yun","ENG","Yun Suk-Young","Suk-Young"
"Barclays Premier League","Premier League","122608","Ki Sung-Yeung","K. Sung-Yeung","England","Ki","ENG","Ki Sung-Yeung","Sung-Yeung"
"Barclays Premier League","Premier League","131634","Wojciech Szczesny","W. Szczesny","England","Wojciech","ENG","Wojciech Szczesny","Szczesny"
"Barclays Premier League","Premier League","92055","Alexis Snchez","A. Snchez","England","Alexis","ENG","Alexis Snchez","Snchez"
"Barclays Premier League","Premier League","101471","Carlos Snchez","C. Snchez","England","Carlos","ENG","Carlos Snchez","Snchez"
"Barclays Premier League","Premier League","68594","Jos Enrique Snchez Daz","J. Snchez Daz","England","Jos","ENG","Jos Enrique","Snchez Daz"
"Barclays Premier League","Premier League","87623","Adel Taarabt","A. Taarabt","England","Adel","ENG","Adel Taarabt","Taarabt"
"Barclays Premier League","Premier League","122575","Dusan Tadic","D. Tadic","England","Dusan","ENG","Dusan Tadic","Tadic"
"Barclays Premier League","Premier League","192929","Matt Targett","M. Targett","England","Matt","ENG","Matt Targett","Targett"
"Barclays Premier League","Premier League","125941","Adilson Cabral Tavares Varela","A. Tavares Varela","England","Adilson Cabral","ENG","Cabral","Tavares Varela"
"Barclays Premier League","Premier League","6136","Matthew Taylor","M. Taylor","England","Matthew","ENG","Matthew Taylor","Taylor"
"Barclays Premier League","Premier League","107571","Neil Taylor","N. Taylor","England","Neil","ENG","Neil Taylor","Taylor"
"Barclays Premier League","Premier League","16216","Ryan Taylor","R. Taylor","England","Ryan","ENG","Ryan Taylor","Taylor"
"Barclays Premier League","Premier League","17812","Steven Taylor","S. Taylor","England","Steven","ENG","Steven Taylor","Taylor"
"Barclays Premier League","Premier League","6190","Gary Taylor-Fletcher","G. Taylor-Fletcher","England","Gary","ENG","Gary Taylor-Fletcher","Taylor-Fletcher"
"Barclays Premier League","Premier League","146636","Saphir Tader","S. Tader","England","Saphir","ENG","Saphir Tader","Tader"
"Barclays Premier League","Premier League","205604","Dionatan do Nascimento Teixeira","D. Teixeira","England","Dionatan","ENG","Dionatan Teixeira","Teixeira"
"Barclays Premier League","Premier League","8931","John Terry","J. Terry","England","John","ENG","John Terry","Terry"
"Barclays Premier League","Premier League","16703","Jerome Thomas","J. Thomas","England","Jerome","ENG","Jerome Thomas","Thomas"
"Barclays Premier League","Premier League","167117","Tom Thorpe","T. Thorpe","England","Tom","ENG","Tom Thorpe","Thorpe"
"Barclays Premier League","Premier League","46034","Dwight Tiendalli","D. Tiendalli","England","Dwight","ENG","Dwight Tiendalli","Tiendalli"
"Barclays Premier League","Premier League","73076","Ismael Tiot","I. Tiot","England","Ismael","ENG","Ismael Tiot","Tiot"
"Barclays Premier League","Premier League","104917","James Tomkins","J. Tomkins","England","James","ENG","James Tomkins","Tomkins"
"Barclays Premier League","Premier League","24257","Fernando Torres","F. Torres","England","Fernando","ENG","Fernando Torres","Torres"
"Barclays Premier League","Premier League","23601","Kolo Tour","K. Tour","England","Kolo","ENG","Kolo Tour","Tour"
"Barclays Premier League","Premier League","69277","Yaya Tour","Y. Tour","England","Yaya","ENG","Yaya Tour","Tour"
"Barclays Premier League","Premier League","132432","Andros Townsend","A. Townsend","England","Andros","ENG","Andros Townsend","Townsend"
"Barclays Premier League","Premier League","89374","Armand Traore","A. Traore","England","Armand","ENG","Armand Traore","Traore"
"Barclays Premier League","Premier League","84678","Gerhard Tremmel","G. Tremmel","England","Gerhard","ENG","Gerhard Tremmel","Tremmel"
"Barclays Premier League","Premier League","143637","Kieran Trippier","K. Trippier","England","Kieran","ENG","Kieran Trippier","Trippier"
"Barclays Premier League","Premier League","67327","Jos Leonardo Ulloa","J. Ulloa","England","Jos","ENG","Leonardo Ulloa","Ulloa"
"Barclays Premier League","Premier League","65629","Antonio Valencia","A. Valencia","England","Antonio","ENG","Antonio Valencia","Valencia"
"Barclays Premier League","Premier League","171771","Enner Valencia","E. Valencia","England","Enner","ENG","Enner Valencia","Valencia"
"Barclays Premier League","Premier League","138746","Patrick Van Aanholt","P. Van Aanholt","England","Patrick","ENG","Patrick Van Aanholt","Van Aanholt"
"Barclays Premier League","Premier League","18858","Robin van Persie","R. van Persie","England","Robin","ENG","Robin van Persie","van Persie"
"Barclays Premier League","Premier League","165648","Jamie Vardy","J. Vardy","England","Jamie","ENG","Jamie Vardy","Vardy"
"Barclays Premier League","Premier League","169773","Eduardo Vargas","E. Vargas","England","Eduardo","ENG","Eduardo Vargas","Vargas"
"Barclays Premier League","Premier League","101268","Ricardo Vaz Te","R. Vaz Te","England","Ricardo","ENG","Ricardo Vaz Te","Vaz Te"
"Barclays Premier League","Premier League","140902","Santiago Vergini","S. Vergini","England","Santiago","ENG","Santiago Vergini","Vergini"
"Barclays Premier League","Premier League","168255","Marnick Vermijl","M. Vermijl","England","Marnick","ENG","Marnick Vermijl","Vermijl"
"Barclays Premier League","Premier League","125086","Jan Vertonghen","J. Vertonghen","England","Jan","ENG","Jan Vertonghen","Vertonghen"
"Barclays Premier League","Premier League","127433","Ron Vlaar","R. Vlaar","England","Ron","ENG","Ron Vlaar","Vlaar"
"Barclays Premier League","Premier League","19705","Michel Vorm","M. Vorm","England","Michel","ENG","Michel Vorm","Vorm"
"Barclays Premier League","Premier League","67507","Theo Walcott","T. Walcott","England","Theo","ENG","Theo Walcott","Walcott"
"Barclays Premier League","Premier League","23770","Jonathan Walters","J. Walters","England","Jonathan","ENG","Jonathan Walters","Walters"
"Barclays Premier League","Premier League","139703","Victor Wanyama","V. Wanyama","England","Victor","ENG","Victor Wanyama","Wanyama"
"Barclays Premier League","Premier League","136571","Joel Ward","J. Ward","England","Joel","ENG","Joel Ward","Ward"
"Barclays Premier League","Premier League","94701","Stephen Ward","S. Ward","England","Stephen","ENG","Stephen Ward","Ward"
"Barclays Premier League","Premier League","163111","James Ward-Prowse","J. Ward-Prowse","England","James","ENG","James Ward-Prowse","Ward-Prowse"
"Barclays Premier League","Premier League","32061","Marcin Wasilewski","M. Wasilewski","England","Marcin","ENG","Marcin Wasilewski","Wasilewski"
"Barclays Premier League","Premier League","213218","Rory Watson","R. Watson","England","Rory","ENG","Rory Watson","Watson"
"Barclays Premier League","Premier League","138905","Andreas Weimann","A. Weimann","England","Andreas","ENG","Andreas Weimann","Weimann"
"Barclays Premier League","Premier League","115271","Danny Welbeck","D. Welbeck","England","Danny","ENG","Danny Welbeck","Welbeck"
"Barclays Premier League","Premier League","7567","Ashley Westwood","A. Westwood","England","Ashley","ENG","Ashley Westwood","Westwood"
"Barclays Premier League","Premier League","5026","Glenn Whelan","G. Whelan","England","Glenn","ENG","Glenn Whelan","Whelan"
"Barclays Premier League","Premier League","130189","Connor Wickham","C. Wickham","England","Connor","ENG","Connor Wickham","Wickham"
"Barclays Premier League","Premier League","129481","Ashley Williams","A. Williams","England","Ashley","ENG","Ashley Williams","Williams"
"Barclays Premier League","Premier League","24675","Jonathan Williams","J. Williams","England","Jonathan","ENG","Jonathan Williams","Williams"
"Barclays Premier League","Premier League","37569","Michael Williamson","M. Williamson","England","Michael","ENG","Michael Williamson","Williamson"
"Barclays Premier League","Premier League","122089","Jack Wilshere","J. Wilshere","England","Jack","ENG","Jack Wilshere","Wilshere"
"Barclays Premier League","Premier League","202808","James Wilson","J. Wilson","England","James","ENG","James Wilson","Wilson"
"Barclays Premier League","Premier League","77070","Marc Wilson","M. Wilson","England","Marc","ENG","Marc Wilson","Wilson"
"Barclays Premier League","Premier League","152596","Andre Wisdom","A. Wisdom","England","Andre","ENG","Andre Wisdom","Wisdom"
"Barclays Premier League","Premier League","134190","Chris Wood","C. Wood","England","Chris","ENG","Chris Wood","Wood"
"Barclays Premier League","Premier League","5030","Shaun Wright-Phillips","S. Wright-Phillips","England","Shaun","ENG","Shaun Wright-Phillips","Wright-Phillips"
"Barclays Premier League","Premier League","92080","Claudio Yacob","C. Yacob","England","Claudio","ENG","Claudio Yacob","Yacob"
"Barclays Premier League","Premier League","105803","Maya Yoshida","M. Yoshida","England","Maya","ENG","Maya Yoshida","Yoshida"
"Barclays Premier League","Premier League","31810","Ashley Young","A. Young","England","Ashley","ENG","Ashley Young","Young"
"Barclays Premier League","Premier League","68058","Pablo Zabaleta","P. Zabaleta","England","Pablo","ENG","Pablo Zabaleta","Zabaleta"
"Barclays Premier League","Premier League","146324","Wilfried Zaha","W. Zaha","England","Wilfried","ENG","Wilfried Zaha","Zaha"
"Barclays Premier League","Premier League","5500","Bobby Zamora","B. Zamora","England","Bobby","ENG","Bobby Zamora","Zamora"
"Barclays Premier League","Premier League","159319","Kurt Zouma","K. Zouma","England","Kurt","ENG","Kurt Zouma","Zouma"
"Barclays Premier League","Premier League","69133","Mauro Zrate","M. Zrate","England","Mauro","ENG","Mauro Zrate","Zrate"
"Barclays Premier League","Premier League","161562","Ricardo lvarez","R. lvarez","England","Ricardo","ENG","Ricardo lvarez","lvarez"
"Barclays Premier League","Premier League","84775","Mesut zil","M. zil","England","Mesut","ENG","Mesut zil","zil"
"Barclays Premier League","Premier League","67716","John Swift","Nani","England","Nani","ENG","Nani","Swift"
"Barclays Premier League","Premier League","4775","Wojciech Szczesny","J. Swift","England","John","ENG","John Swift","Szczesny"
"Barclays Premier League","Premier League","131634","Alexis Snchez","W. Szczesny","England","Wojciech","ENG","Wojciech Szczesny","Snchez"
"Barclays Premier League","Premier League","92055","Jos Enrique Snchez Daz","A. Snchez","England","Alexis","ENG","Alexis Snchez","Snchez Daz"
"Barclays Premier League","Premier League","68594","Adel Taarabt","J. Snchez Daz","England","Jos","ENG","Jos Enrique","Taarabt"
"Barclays Premier League","Premier League","87623","Dusan Tadic","A. Taarabt","England","Adel","ENG","Adel Taarabt","Tadic"
"Barclays Premier League","Premier League","122575","Alan Tate","D. Tadic","England","Dusan","ENG","Dusan Tadic","Tate"
"Barclays Premier League","Premier League","16380","Adilson Cabral Tavares Varela","A. Tate","England","Alan","ENG","Alan Tate","Tavares Varela"
"Barclays Premier League","Premier League","125941","Matthew Taylor","A. Tavares Varela","England","Adilson Cabral","ENG","Cabral","Taylor"
"Barclays Premier League","Premier League","6136","Neil Taylor","M. Taylor","England","Matthew","ENG","Matthew Taylor","Taylor"
"Barclays Premier League","Premier League","107571","Ryan Taylor","N. Taylor","England","Neil","ENG","Neil Taylor","Taylor"
"Barclays Premier League","Premier League","16216","Steven Taylor","R. Taylor","England","Ryan","ENG","Ryan Taylor","Taylor"
"Barclays Premier League","Premier League","17812","Gary Taylor-Fletcher","S. Taylor","England","Steven","ENG","Steven Taylor","Taylor-Fletcher"
"Barclays Premier League","Premier League","6190","Dionatan do Nascimento Teixeira","G. Taylor-Fletcher","England","Gary","ENG","Gary Taylor-Fletcher","Teixeira"
"Barclays Premier League","Premier League","205604","John Terry","D. Teixeira","England","Dionatan","ENG","Dionatan do Nascimento Teixeira","Terry"
