"FIFADisplayName","","Height","LastName","DateofBirth","FirstName","ShirtName","Position","Club","ClubCountry","Country"
"Lounes GAOUAOUI","1","188","GAOUAOUI","28 Sep 1977","Lounes","GAOUAOUI","Goalkeeper","Chlef","ALG","Algeria"
"Madjid BOUGHERRA","2","190","BOUGHERRA","07 Oct 1982","Madjid","BOUGHERRA","Defender","Rangers","SCO","Algeria"
"Nadir BELHADJ","3","180","BELHADJ","18 Jun 1982","Nadir","BELHADJ","Defender","Portsmouth","ENG","Algeria"
"Anther YAHIA","4","185","YAHIA","21 Mar 1982","Anther","YAHIA","Defender","Bochum","GER","Algeria"
"Rafik HALLICHE","5","187","HALLICHE","02 Sep 1986","Rafik","HALLICHE","Defender","Nacional Madeira","POR","Algeria"
"Yazid MANSOURI","6","175","MANSOURI","25 Feb 1978","Yazid","MANSOURI","Midfielder","Lorient","FRA","Algeria"
"Ryad BOUDEBOUZ","7","178","BOUDEBOUZ","19 Feb 1990","Ryad","BOUDEBOUZ","Midfielder","Sochaux","FRA","Algeria"
"Medhi LACEN","8","178","LACEN","15 Mar 1984","Medhi Gregory Guiseppe","LACEN","Midfielder","Racing Santander","ESP","Algeria"
"Abdelkader GHEZZAL","9","186","GHEZZAL","05 Dec 1984","Abdelkader Mohamed","GHEZZAL","Forward","Siena","ITA","Algeria"
"Rafik SAIFI","10","178","SAIFI","07 Feb 1975","Rafik","SAIFI","Forward","Istres","FRA","Algeria"
"Rafik DJEBBOUR","11","185","DJEBBOUR","08 Mar 1984","Rafik Zoheir","DJEBBOUR","Forward","AEK Athens","GRE","Algeria"
"Habib BELLAID","12","189","BELLAID","28 Mar 1986","Habib Mohamed","BELLAID","Defender","Boulogne","FRA","Algeria"
"Karim MATMOUR","13","181","MATMOUR","25 Jun 1985","Karim","MATMOUR","Midfielder","Borussia Moenchengladbach","GER","Algeria"
"Abdelkader LAIFAOUI","14","177","LAIFAOUI","29 Jul 1981","Abdelkader","LAIFAOUI","Defender","Setif","ALG","Algeria"
"Karim ZIANI","15","168","ZIANI","17 Aug 1982","Karim Koceila Yanis","ZIANI","Midfielder","Wolfsburg","GER","Algeria"
"Faouzi CHAOUCHI","16","180","CHAOUCHI","05 Dec 1984","Faouzi","CHAOUCHI","Goalkeeper","Setif","ALG","Algeria"
"Adlane GUEDIOURA","17","183","GUEDIOURA","12 Nov 1985","Adlane","GUEDIOURA","Midfielder","Wolverhampton","ENG","Algeria"
"Carl MEDJANI","18","184","MEDJANI","15 May 1985","Carl","MEDJANI","Defender","Ajaccio","FRA","Algeria"
"Hassan YEBDA","19","188","YEBDA","14 May 1984","Hassan","YEBDA","Midfielder","Portsmouth","ENG","Algeria"
"Djamel MESBAH","20","180","MESBAH","MESBAH 09 Oct 1984","Djamel","Eddine","Defender","Lecce","ITA","Algeria"
"Foued KADIR","21","180","KADIR","05 Dec 1983","Foued","KADIR","Midfielder","Valenciennes","FRA","Algeria"
"Djamal ABDOUN","22","180","ABDOUN","14 Feb 1986","Djamal","ABDOUN","Midfielder","Nantes","FRA","Algeria"
"Rais M BOLHI","23","190","M'BOLHI","25 Apr 1986","Adi Rais Cobos Adrien","MBOLHI","Goalkeeper","Slavia Sofia","BUL","Algeria"
"Diego POZO","1","183","POZO","16 Feb 1978","Diego","POZO","Goalkeeper","Atletico Colon","ARG","Argentina"
"Martin DEMICHELIS","2","184","DEMICHELIS","20 Dec 1980","Martin Gaston","DEMICHELIS","Defender","Bayern Munich","GER","Argentina"
"Clemente RODRIGUEZ","3","166","RODRIGUEZ","31 Jul 1981","Clemente Juan","RODRIGUEZ C.","Defender","Estudiantes La Plata","ARG","Argentina"
"Nicolas BURDISSO","4","174","BURDISSO","12 Apr 1981","Nicolas Andres","BURDISSO","Defender","AS Roma","ITA","Argentina"
"Mario BOLATTI","5","189","BOLATTI","17 Feb 1985","Mario Ariel","BOLATTI","Midfielder","Fiorentina","ITA","Argentina"
"Gabriel HEINZE","6","178","HEINZE","19 Apr 1978","Gabriel Ivan","HEINZE","Defender","Marseille","FRA","Argentina"
"Angel DI MARIA","7","180","DI MARIA","14 Feb 1988","Angel Fabian","DI MARIA","Midfielder","Benfica","POR","Argentina"
"Juan VERON","8","183","VERON","09 Mar 1975","Juan Sebastian","VERON","Midfielder","Estudiantes La Plata","ARG","Argentina"
"Gonzalo HIGUAIN","9","182","HIGUAIN","10 Dec 1987","Gonzalo Gerardo","HIGUAIN","Forward","Real Madrid","ESP","Argentina"
"Lionel MESSI","10","170","MESSI CUCCITTINI","24 Jun 1987","Lionel Andres","MESSI","Forward","Barcelona","ESP","Argentina"
"Carlos TEVEZ","11","173","TEVEZ","05 Feb 1984","Carlos Alberto","CARLITOS","Forward","Manchester City","ENG","Argentina"
"Ariel GARCE","12","175","GARCE","14 Jul 1979","Ariel Hernan","GARCE","Defender","Atletico Colon","ARG","Argentina"
"Walter SAMUEL","13","182","SAMUEL","23 Mar 1978","Walter Adrian","SAMUEL","Defender","Inter","ITA","Argentina"
"Javier MASCHERANO","14","171","MASCHERANO","08 Jun 1984","Javier Alejandro","MASCHERANO","Midfielder","Liverpool","ENG","Argentina"
"Nicolas OTAMENDI","15","171","OTAMENDI","12 Feb 1988","Nicolas Hernan","OTAMENDI","Defender","Velez Sarsfield","ARG","Argentina"
"Sergio AGUERO","16","170","AGERO","02 Jun 1988","Sergio Leonel","KUN AGUERO","Forward","Atletico Madrid","ESP","Argentina"
"Jonas GUTIERREZ","17","182","GUTIERREZ","05 Jul 1983","Jonas Manuel","JONAS","Midfielder","Newcastle Utd.","ENG","Argentina"
"Martin PALERMO","18","188","PALERMO","07 Nov 1973","Martin","PALERMO","Forward","Boca Juniors","ARG","Argentina"
"Diego MILITO","19","177","MILITO","12 Jun 1979","Diego","MILITO D.","Forward","Inter","ITA","Argentina"
"Maxi RODRIGUEZ","20","173","RODRIGUEZ","02 Jan 1981","Maximiliano Ruben","RODRIGUEZ M.","Midfielder","Liverpool","ENG","Argentina"
"Mariano ANDUJAR","21","180","ANDUJAR","30 Jul 1983","Mariano","ANDUJAR","Goalkeeper","Catania","ITA","Argentina"
"Sergio ROMERO","22","191","ROMERO","22 Feb 1987","Sergio German","ROMERO","Goalkeeper","AZ Alkmaar","NED","Argentina"
"Javier PASTORE","23","173","PASTORE","20 Jun 1989","Javier","PASTORE","Midfielder","Palermo","ITA","Argentina"
"Mark SCHWARZER","1","196","SCHWARZER","06 Oct 1972","Mark","SCHWARZER","Goalkeeper","Fulham","ENG","Australia"
"Lucas NEILL","2","185","NEILL","09 Mar 1978","Lucas Edward","NEILL","Defender","Galatasaray","TUR","Australia"
"Craig MOORE","3","186","MOORE","12 Dec 1975","Craig Andrew","MOORE","Defender","No club affiliation","UNK","Australia"
"Tim CAHILL","4","180","CAHILL","06 Dec 1979","Timothy Filiga","CAHILL","Forward","Everton","ENG","Australia"
"Jason CULINA","5","175","CULINA","05 Aug 1980","Jason","CULINA","Midfielder","Gold Coast United","AUS","Australia"
"Michael BEAUCHAMP","6","191","BEAUCHAMP","08 Mar 1981","Michael Francis","BEAUCHAMP","Defender","Al Jazira","UAE","Australia"
"Brett EMERTON","7","185","EMERTON","22 Feb 1979","Brett Michael","EMERTON","Midfielder","Blackburn Rovers","ENG","Australia"
"Luke WILKSHIRE","8","177","WILKSHIRE","02 Oct 1981","Luke","WILKSHIRE","Defender","Dynamo Moscow","RUS","Australia"
"Joshua KENNEDY","9","192","KENNEDY","20 Aug 1982","Joshua Blake","KENNEDY","Forward","Nagoya Grampus Eight","JPN","Australia"
"Harry KEWELL","10","183","KEWELL","22 Sep 1978","Harry","KEWELL","Forward","Galatasaray","TUR","Australia"
"Scott CHIPPERFIELD","11","180","CHIPPERFIELD","30 Dec 1975","Scott Kenneth","CHIPPERFIELD","Defender","Basel","SUI","Australia"
"Adam FEDERICI","12","188","FEDERICI","31 Jan 1985","Adam Jay","FEDERICI","Goalkeeper","Reading","ENG","Australia"
"Vince GRELLA","13","183","GRELLA","05 Oct 1979","Vincenzo","GRELLA","Midfielder","Blackburn Rovers","ENG","Australia"
"Brett HOLMAN","14","176","HOLMAN","27 Mar 1984","Brett Trevor","HOLMAN","Forward","AZ Alkmaar","NED","Australia"
"Mile JEDINAK","15","188","JEDINAK","03 Aug 1984","Michael John","JEDINAK","Midfielder","Antalyaspor","TUR","Australia"
"Carl VALERI","16","180","VALERI","14 Aug 1984","Carl","VALERI","Midfielder","Sassuolo","ITA","Australia"
"Nikita RUKAVYTSYA","17","183","RUKAVYTSYA","22 Jun 1987","Nikita","RUKAVYTSYA","Forward","Twente Enschede","NED","Australia"
"Brad JONES","18","193","JONES","19 Mar 1982","Bradley Scott","JONES","Goalkeeper","Middlesbrough","ENG","Australia"
"Richard GARCIA","19","180","GARCIA","04 Sep 1981","Richard","GARCIA","Forward","Hull City","ENG","Australia"
"Mark MILLIGAN","20","178","MILLIGAN","04 Aug 1985","Mark Daniel","MILLIGAN","Defender","JEF United Ichihara","JPN","Australia"
"David CARNEY","21","181","CARNEY","30 Nov 1983","David Raymond","CARNEY","Defender","Twente Enschede","NED","Australia"
"Dario VIDOSIC","22","185","VIDOSIC","08 Apr 1987","Dario","VIDOSIC","Midfielder","MSV Duisburg","GER","Australia"
"Marco BRESCIANO","23","182","BRESCIANO","11 Feb 1980","Mark","BRESCIANO","Forward","Palermo","ITA","Australia"
"JULIO CESAR","1","186","SOARES DE ESPINDOLA","03 Sep 1979","Julio Cesar","JULIO CESAR","Goalkeeper","Inter","ITA","Brazil"
"MAICON","2","186","SISENANDO","26 Jul 1981","Maicon Douglas","MAICON","Defender","Inter","ITA","Brazil"
"LUCIO","3","188","DA SILVA FERREIRA","08 May 1978","Lucimar","LCIO","Defender","Inter","ITA","Brazil"
"JUAN","4","182","SILVEIRA DOS SANTOS","01 Feb 1979","Juan","JUAN","Defender","AS Roma","ITA","Brazil"
"FELIPE MELO","5","183","MELO DE CARVALHO","26 Jun 1983","Felipe","FELIPE MELO","Midfielder","Juventus","ITA","Brazil"
"MICHEL BASTOS","6","179","FERNANDES BASTOS","02 Aug 1983","Michel M.","BASTOS","Defender","Lyon","FRA","Brazil"
"ELANO","7","174","BLUMER","14 Jun 1981","Elano","ELANO","Midfielder","Galatasaray","TUR","Brazil"
"GILBERTO SILVA","8","184","DA SILVA","07 Oct 1976","Gilberto Aparecido","G. SILVA","Midfielder","Panathinaikos","GRE","Brazil"
"LUIS FABIANO","9","186","CLEMENTE","08 Nov 1980","Luis Fabiano","L. FABIANO","Forward","Sevilla FC","ESP","Brazil"
"KAKA","10","186","IZECSON DOS SANTOS LEITE","22 Apr 1982","Ricardo","KAK","Midfielder","Real Madrid","ESP","Brazil"
"ROBINHO","11","175","DE SOUZA","25 Jan 1984","Robson","ROBINHO","Forward","Santos","BRA","Brazil"
"GOMES","12","191","DA SILVA GOMES","15 Feb 1981","Heurelho","GOMES","Goalkeeper","Tottenham Hotspur","ENG","Brazil"
"DANI ALVES","13","173","ALVES DA SILVA","06 May 1983","Daniel D.","ALVES","Defender","Barcelona","ESP","Brazil"
"LUISAO","14","193","DA SILVA","13 Feb 1981","Anderson Luis","LUISO","Defender","Benfica","POR","Brazil"
"THIAGO SILVA","15","183","DA SILVA","22 Sep 1984","Thiago Emiliano","T. SILVA","Defender","AC Milan","ITA","Brazil"
"GILBERTO MELO","16","180","DA SILVA MELO","25 Apr 1976","Gilberto","GILBERTO","Defender","Cruzeiro","BRA","Brazil"
"JOSUE","17","169","DE OLIVEIRA","19 Jul 1979","Josu Anunciado","JOSU","Midfielder","Wolfsburg","GER","Brazil"
"RAMIRES","18","179","SANTOS DO NASCIMENTO","24 Mar 1987","Ramires","RAMIRES","Midfielder","Benfica","POR","Brazil"
"JULIO BAPTISTA","19","185","BAPTISTA","01 Oct 1981","Julio Cesar J.","BAPTISTA","Midfielder","AS Roma","ITA","Brazil"
"KLEBERSON","20","175","PEREIRA","19 Jun 1979","Jos Kleberson","KLEBERSON","Midfielder","Flamengo","BRA","Brazil"
"NILMAR","21","180","HONORATO DA SILVA","14 Jul 1984","Nilmar","NILMAR","Forward","Villarreal","ESP","Brazil"
"DONI","22","194","MARANGON","22 Oct 1979","Donieber Alexander","DONI","Goalkeeper","AS Roma","ITA","Brazil"
"GRAFITE","23","189","LIBANIO BATISTA","02 Apr 1979","Edinaldo","GRAFITE","Forward","Wolfsburg","GER","Brazil"
"Idriss KAMENI","1","185","KAMENI","18 Feb 1984","Idris Carlos","KAMENI","Goalkeeper","Espanyol","ESP","Cameroon"
"Benoit ASSOU-EKOTTO","2","178","ASSOU-EKOTTO","24 Mar 1984","Benoit","ASSOU EKOTTO","Defender","Tottenham Hotspur","ENG","Cameroon"
"Nicolas NKOULOU","3","185","NKOULOU NDOUBENA","27 Mar 1990","Nicolas Julio","NKOULOU","Defender","Monaco","FRA","Cameroon"
"Rigobert SONG","4","185","SONG BAHANAG","01 Jul 1976","Rigobert","SONG","Defender","Trabzonspor","TUR","Cameroon"
"Sebastien BASSONG","5","187","BASSONG NGUEMA","09 Jul 1986","Sebastien Aymer","BASSONG","Defender","Tottenham Hotspur","ENG","Cameroon"
"Alexandre SONG","6","183","SONG BILONG","09 Sep 1987","Alexandre Dimitri","A. SONG","Midfielder","Arsenal","ENG","Cameroon"
"Landry NGUEMO","7","172","TSAFACK NGUEMO","28 Nov 1985","Joel Landry","NGUEMO","Midfielder","Celtic","SCO","Cameroon"
"GEREMI","8","177","NJITAP FOTSO","20 Dec 1978","Geremi Sorelle","NJITAP","Defender","Ankaragucu","TUR","Cameroon"
"Samuel ETOO","9","178","ETO'O FILS","10 Mar 1981","Samuel","ETO'O","Forward","Inter","ITA","Cameroon"
"Achille EMANA","10","180","EMANA EDZIMBI","05 Jun 1982","Achille","EMANA","Forward","Betis Sevilla","ESP","Cameroon"
"Jean MAKOUN","11","170","MAKOUN","29 May 1983","Jean II","MAKOUN","Midfielder","Lyon","FRA","Cameroon"
"Gaetan BONG","12","183","BONG","25 Apr 1988","Thomas Gatan","BONG","Defender","Valenciennes","FRA","Cameroon"
"Eric CHOUPO MOTING","13","190","CHOUPO MOTING","23 Mar 1989","Eric Maxim","CHOUPO - MOTING","Forward","Nuremberg","GER","Cameroon"
"Aurelien CHEDJOU","14","185","CHEDJOU FONGANG","20 Jun 1985","Aurelien Bayard","CHEDJOU","Defender","Lille","FRA","Cameroon"
"Pierre WEBO","15","180","WEBO KOUAMO","20 Jan 1982","Pierre Achille","WEBO","Forward","Mallorca","ESP","Cameroon"
"Souleymanou HAMIDOU","16","187","HAMIDOU","22 Nov 1973","Souleymanou","SOULEYMANOU","Goalkeeper","Kayserispor","TUR","Cameroon"
"Mohamadou IDRISSOU","17","190","IDRISSOU","08 Mar 1980","Mohamadou","IDRISSOU","Forward","SC Freiburg","GER","Cameroon"
"Eyong ENOH","18","180","TARKANG ENOH","23 Mar 1986","Eyong","EYONG","Midfielder","Ajax","NED","Cameroon"
"Stephane MBIA","19","190","MBIA ETOUNDI","20 May 1986","Stephane","MBIA","Defender","Marseille","FRA","Cameroon"
"Georges MANDJECK","20","181","MANDJECK","09 Dec 1988","Georges Constant","MANDJECK","Midfielder","Kaiserslautern","GER","Cameroon"
"Joel MATIP","21","194","MATIP JOB","08 Aug 1991","Joel Andre","MATIP","Midfielder","Schalke 04","GER","Cameroon"
"Guy NDY","22","185","NDY ASSEMBE","28 Feb 1986","Guy Roland","NDY ASSEMBE","Goalkeeper","Valenciennes","FRA","Cameroon"
"Vincent ABOUBAKAR","23","176","ABOUBAKAR","22 Jan 1992","Vincent","ABOUBAKAR","Forward","Coton Sport","CMR","Cameroon"
"Claudio BRAVO","1","183","BRAVO MUNOZ","13 Apr 1983","Claudio Andres","BRAVO","Goalkeeper","Real Sociedad","ESP","Chile"
"Ismael FUENTES","2","181","FUENTES CASTRO","04 Aug 1981","Ismael Ignacio","FUENTES","Defender","Univ. Catolica","CHI","Chile"
"Waldo PONCE","3","183","PONCE CARRIZO","04 Dec 1982","Waldo Alonso","PONCE","Defender","Univ. Catolica","CHI","Chile"
"Mauricio ISLA","4","177","ISLA ISLA","12 Jun 1988","Mauricio Anibal","ISLA","Defender","Udinese","ITA","Chile"
"Pablo CONTRERAS","5","178","CONTRERAS FICA","11 Sep 1978","Pablo Andres","CONTRERAS","Defender","PAOK","GRE","Chile"
"Carlos CARMONA","6","179","CARMONA TELLO","21 Feb 1987","Carlos Emilio","CARMONA","Midfielder","Reggina","ITA","Chile"
"Alexis SANCHEZ","7","168","SANCHEZ SANCHEZ","19 Dec 1988","Alexis Alejandro","SANCHEZ","Forward","Udinese","ITA","Chile"
"Arturo VIDAL","8","178","VIDAL PARDO","22 May 1987","Arturo Erasmo","VIDAL","Midfielder","Bayer Leverkusen","GER","Chile"
"Humberto SUAZO","9","171","SUAZO PONTIVO","10 May 1981","Humberto Andres","SUAZO","Forward","Zaragoza","ESP","Chile"
"Jorge VALDIVIA","10","173","VALDIVIA TORO","19 Oct 1983","Jorge Luis","VALDIVIA","Midfielder","Al Ain","UAE","Chile"
"Mark GONZALEZ","11","175","GONZALEZ HOFFMANN","10 Jul 1984","Mark Dennis M.","GONZALEZ","Forward","CSKA Moscow","RUS","Chile"
"Miguel PINTO","12","180","PINTO JEREZ","04 Jul 1983","Miguel Angel","PINTO","Goalkeeper","Univ. de Chile","CHI","Chile"
"Marco ESTRADA","13","174","ESTRADA QUINTEROS","28 May 1983","Marco Andres","ESTRADA","Midfielder","Univ. de Chile","CHI","Chile"
"Matias FERNANDEZ","14","176","FERNANDEZ FERNANDEZ","15 May 1986","Matias Ariel","FERNANDEZ","Midfielder","Sporting Lisbon","POR","Chile"
"Jean BEAUSEJOUR","15","178","BEAUSEJOUR COLIQUEO","01 Jun 1984","Jean Andre","BEAUSEJOUR","Forward","America","MEX","Chile"
"Fabian ORELLANA","16","168","ORELLANA VALENZUELA","27 Jan 1986","Fabian Ariel","ORELLANA","Forward","Xerez","ESP","Chile"
"Gary MEDEL","17","171","MEDEL SOTO","03 Aug 1987","Gary Alexis","MEDEL","Defender","Boca Juniors","ARG","Chile"
"Gonzalo JARA","18","177","JARA REYES","29 Aug 1985","Gonzalo Alejandro","JARA","Defender","West Bromwich Albion","ENG","Chile"
"Gonzalo FIERRO","19","171","FIERRO CANIULLAN","21 Mar 1983","Gonzalo Antonio","FIERRO","Midfielder","Flamengo","BRA","Chile"
"Rodrigo MILLAR","20","182","MILLAR CARVAJAL","03 Nov 1981","Rodrigo Javier","MILLAR","Midfielder","Colo Colo","CHI","Chile"
"Rodrigo TELLO","21","171","TELLO VALENZUELA","14 Oct 1979","Rodrigo Alvaro","TELLO","Midfielder","Besiktas","TUR","Chile"
"Esteban PAREDES","22","179","PAREDES QUINTANILLA","01 Aug 1980","Esteban Efrain","PAREDES","Forward","Colo Colo","CHI","Chile"
"Luis MARIN","23","186","MARIN BARAHONA","18 May 1983","Luis Antonio","MARIN","Goalkeeper","Union Espanola","CHI","Chile"
"Boubacar BARRY","1","180","BARRY","30 Dec 1979","Boubacar","BARRY","Goalkeeper","Lokeren","BEL","Cte d'Ivoire"
"Brou ANGOUA","2","178","ANGOUA","28 Nov 1986","Brou Benjamin","ANGOUA","Defender","Valenciennes","FRA","Cte d'Ivoire"
"Arthur BOKA","3","166","BOKA","02 Apr 1983","Etienne Arthur","BOKA","Defender","VfB Stuttgart","GER","Cte d'Ivoire"
"Kolo TOURE","4","183","TOURE","19 Mar 1981","Kolo Habib","TOURE KOLO","Defender","Manchester City","ENG","Cte d'Ivoire"
"Didier ZOKORA","5","183","ZOKORA","14 Dec 1980","Alain Didier Deguy","ZOKORA","Midfielder","Sevilla FC","ESP","Cte d'Ivoire"
"Steve GOHOURI","6","187","GOHOURI","08 Feb 1981","Lohore Steve Ulrich","GOHOURI","Defender","Wigan","ENG","Cte d'Ivoire"
"Seydou DOUMBIA","7","183","DOUMBIA","31 Dec 1987","Seydou","DOUMBIA","Forward","Young Boys","SUI","Cte d'Ivoire"
"Salomon KALOU","8","175","KALOU","05 Aug 1985","Salomon Armand Magloire","KALOU","Forward","Chelsea","ENG","Cte d'Ivoire"
"Ismael TIOTE","9","175","TIOTE CHEIK","21 Jun 1986","Ismael","TIOTE","Midfielder","Twente Enschede","NED","Cte d'Ivoire"
"GERVINHO","10","179","YAO KOUASSI","27 May 1987","Gervais","GERVINHO","Forward","Lille","FRA","Cte d'Ivoire"
"Didier DROGBA","11","180","DROGBA TEBILY","11 Mar 1978","Didier Yves","DROGBA","Forward","Chelsea","ENG","Cte d'Ivoire"
"Jean Jacques GOSSO","12","177","GOSSO","15 Mar 1983","Jean Jacques","GOSSO","Midfielder","Monaco","FRA","Cte d'Ivoire"
"ROMARIC","13","187","N'DRI","04 Jun 1983","Koffi Christian Romaric","ROMARIC","Midfielder","Sevilla FC","ESP","Cte d'Ivoire"
"Emmanuel KONE","14","177","KONE KOUAMATIEN","31 Dec 1986","Emmanuel","KONE","Midfielder","International","ROU","Cte d'Ivoire"
"Aruna DINDANE","15","174","DINDANE","26 Nov 1980","Aruna","DINDANE","Forward","Portsmouth","ENG","Cte d'Ivoire"
"Aristide ZOGBO","16","183","ZOGBO","30 Dec 1981","Aristide Benoit","ZOGBO","Goalkeeper","Maccabi Netanya","ISR","Cte d'Ivoire"
"Siaka TIENE","17","176","TIENE","22 Feb 1982","Siaka","TIENE","Defender","Valenciennes","FRA","Cte d'Ivoire"
"Kader KEITA","18","184","KEITA","06 Aug 1981","Abdul Kader","KEITA","Forward","Lyon","FRA","Cte d'Ivoire"
"Yaya TOURE","19","189","TOURE","13 May 1983","Yaya Gnegneri","TOURE YAYA","Midfielder","Barcelona","ESP","Cte d'Ivoire"
"Guy DEMEL","20","191","DEMEL","13 Jun 1981","Guy","DEMEL","Defender","Hamburger SV","GER","Cte d'Ivoire"
"Emmanuel EBOUE","21","178","EBOUE","04 Jun 1983","Emmanuel","EBOUE","Defender","Arsenal","ENG","Cte d'Ivoire"
"Souleymane BAMBA","22","190","BAMBA","13 Jan 1985","Souleman","BAMBA","Defender","Hibernian","SCO","Cte d'Ivoire"
"Daniel YEBOAH","23","187","YEBOAH","13 Nov 1984","Daniel Techi","YEBOAH","Goalkeeper","ASEC Mimosas","CIV","Cte d'Ivoire"
"Thomas SORENSEN","1","185","SORENSEN","12 Jun 1976","Thomas Lvendahl","SRENSEN","Goalkeeper","Stoke City","ENG","Denmark"
"Christian POULSEN","2","182","POULSEN","28 Feb 1980","Christian Bjrnshj","C. POULSEN","Midfielder","Juventus","ITA","Denmark"
"Simon KJAER","3","191","KJAER","26 Mar 1989","Simon Thorup","KJR","Defender","Palermo","ITA","Denmark"
"Daniel AGGER","4","188","AGGER","12 Dec 1984","Daniel Munthe","AGGER","Defender","Liverpool","ENG","Denmark"
"William KVIST","5","185","KVIST JRGENSEN","24 Feb 1985","William","KVIST","Midfielder","Copenhagen","DEN","Denmark"
"Lars JACOBSEN","6","184","JACOBSEN","20 Sep 1979","Lars Christian","L. JACOBSEN","Defender","Blackburn Rovers","ENG","Denmark"
"Daniel JENSEN","7","180","JENSEN","25 Jun 1979","Daniel Monberg","JENSEN","Midfielder","Werder Bremen","GER","Denmark"
"Jesper GRONKJAER","8","187","GRONKJAER","12 Aug 1977","Jesper","GRNKJR","Forward","Copenhagen","DEN","Denmark"
"Jon Dahl TOMASSON","9","182","TOMASSON","29 Aug 1976","Jon Dahl","TOMASSON","Forward","Feyenoord","NED","Denmark"
"Martin JORGENSEN","10","180","JORGENSEN","06 Oct 1976","Lars Martin","JRGENSEN","Midfielder","AGF Aarhus","DEN","Denmark"
"Nicklas BENDTNER","11","194","BENDTNER","16 Jan 1988","Nicklas","BENDTNER","Forward","Arsenal","ENG","Denmark"
"Thomas KAHLENBERG","12","185","KAHLENBERG","20 Mar 1983","Thomas","KAHLENBERG","Midfielder","Wolfsburg","GER","Denmark"
"Per KROLDRUP","13","194","KROLDRUP","31 Jul 1979","Per Billeskov","KRLDRUP","Defender","Fiorentina","ITA","Denmark"
"Jakob POULSEN","14","185","POULSEN","07 Jul 1983","Jakob Bendix Uhd","J. POULSEN","Midfielder","AGF Aarhus","DEN","Denmark"
"Simon POULSEN","15","187","BUSK POULSEN","07 Apr 1984","Simon","S.B. POULSEN","Defender","AZ Alkmaar","NED","Denmark"
"Stephan ANDERSEN","16","188","ANDERSEN","26 Nov 1981","Stephan Maigaard","ANDERSEN","Goalkeeper","Brondby","DEN","Denmark"
"Mikkel BECKMANN","17","178","BECKMANN","24 Oct 1983","Mikkel","BECKMANN","Forward","Randers","DEN","Denmark"
"Soren LARSEN","18","194","LARSEN","06 Sep 1981","Soren","LARSEN","Forward","MSV Duisburg","GER","Denmark"
"Dennis ROMMEDAHL","19","178","ROMMEDAHL","22 Jul 1978","Dennis","ROMMEDAHL","Forward","Ajax","NED","Denmark"
"Thomas ENEVOLDSEN","20","182","ENEVOLDSEN","27 Jul 1987","Thomas","ENEVOLDSEN","Midfielder","Groningen","NED","Denmark"
"Christian ERIKSEN","21","181","ERIKSEN","14 Feb 1992","Christian Dannemann","ERIKSEN","Midfielder","Ajax","NED","Denmark"
"Jesper CHRISTIANSEN","22","192","RINGSBORG CHRISTIANSEN","24 Apr 1978","Jesper","CHRISTIANSEN","Goalkeeper","Copenhagen","DEN","Denmark"
"Patrick MTILIGA","23","170","MTILIGA","28 Jan 1981","Patrick Jan","MTILIGA","Defender","Malaga","ESP","Denmark"
"David JAMES","1","196","JAMES","01 Aug 1970","David Benjamin","JAMES","Goalkeeper","Portsmouth","ENG","England"
"Glen JOHNSON","2","178","JOHNSON","23 Aug 1984","Glen","JOHNSON","Defender","Liverpool","ENG","England"
"Ashley COLE","3","173","COLE","20 Dec 1980","Ashley","A COLE","Defender","Chelsea","ENG","England"
"Steven GERRARD","4","185","GERRARD","30 May 1980","Steven George","GERRARD","Midfielder","Liverpool","ENG","England"
"Rio FERDINAND","5","188","FERDINAND","07 Nov 1978","Rio Gavin","FERDINAND","Defender","Manchester Utd.","ENG","England"
"John TERRY","6","188","TERRY","07 Dec 1980","John George","TERRY","Defender","Chelsea","ENG","England"
"Aaron LENNON","7","165","LENNON","16 Apr 1987","Aaron","LENNON","Midfielder","Tottenham Hotspur","ENG","England"
"Frank LAMPARD","8","183","LAMPARD","20 Jun 1978","Frank James","LAMPARD","Midfielder","Chelsea","ENG","England"
"Peter CROUCH","9","201","CROUCH","30 Jan 1981","Peter James","CROUCH","Forward","Tottenham Hotspur","ENG","England"
"Wayne ROONEY","10","178","ROONEY","24 Oct 1985","Wayne Mark","ROONEY","Forward","Manchester Utd.","ENG","England"
"Joe COLE","11","175","COLE","08 Nov 1981","Joseph John","J COLE","Midfielder","Chelsea","ENG","England"
"Robert GREEN","12","187","GREEN","18 Jan 1980","Robert Paul","GREEN","Goalkeeper","West Ham Utd.","ENG","England"
"Stephen WARNOCK","13","175","WARNOCK","12 Dec 1981","Stephen","WARNOCK","Defender","Aston Villa","ENG","England"
"Gareth BARRY","14","180","BARRY","23 Feb 1981","Gareth","BARRY","Midfielder","Manchester City","ENG","England"
"Matt UPSON","15","185","UPSON","18 Apr 1979","Matthew","UPSON","Defender","West Ham Utd.","ENG","England"
"James MILNER","16","170","MILNER","04 Jan 1986","James","MILNER","Midfielder","Aston Villa","ENG","England"
"Shaun WRIGHT-PHILLIPS","17","168","WRIGHT-PHILLIPS","25 Oct 1981","Shaun Cameron","WRIGHT-PHILLIPS","Midfielder","Manchester City","ENG","England"
"Jamie CARRAGHER","18","185","CARRAGHER","28 Jan 1978","James Lee","CARRAGHER","Defender","Liverpool","ENG","England"
"Jermain DEFOE","19","170","DEFOE","07 Oct 1982","Jermain Colin","DEFOE","Forward","Tottenham Hotspur","ENG","England"
"Ledley KING","20","188","KING","12 Oct 1980","Ledley Brenton","KING","Defender","Tottenham Hotspur","ENG","England"
"Emile HESKEY","21","188","HESKEY","11 Jan 1978","Emile William Ivanhoe","HESKEY","Forward","Aston Villa","ENG","England"
"Michael CARRICK","22","183","CARRICK","28 Jul 1981","Michael","CARRICK","Midfielder","Manchester Utd.","ENG","England"
"Joe HART","23","191","HART","19 Apr 1987","Joe","HART","Goalkeeper","Birmingham City","ENG","England"
"Hugo LLORIS","1","188","LLORIS","26 Dec 1986","Hugo","LLORIS","Goalkeeper","Lyon","FRA","France"
"Bakari SAGNA","2","175","SAGNA","14 Feb 1983","Bakari","SAGNA","Defender","Arsenal","ENG","France"
"Eric ABIDAL","3","180","ABIDAL","11 Sep 1979","Eric Sylvain","ABIDAL","Defender","Barcelona","ESP","France"
"Anthony REVEILLERE","4","181","REVEILLERE","10 Nov 1979","Anthony","REVEILLERE","Defender","Lyon","FRA","France"
"William GALLAS","5","181","GALLAS","17 Aug 1977","William Eric","GALLAS","Defender","Arsenal","ENG","France"
"Marc PLANUS","6","183","PLANUS","07 Mar 1982","Marc","PLANUS","Defender","Bordeaux","FRA","France"
"Franck RIBERY","7","175","RIBRY","07 Apr 1983","Franck","RIBERY","Forward","Bayern Munich","GER","France"
"Yoann GOURCUFF","8","185","GOURCUFF","11 Jul 1986","Yoann Miguel","GOURCUFF","Midfielder","Bordeaux","FRA","France"
"Djibril CISSE","9","182","CISSE","12 Aug 1981","Djibril","CISSE","Forward","Panathinaikos","GRE","France"
"Sidney GOVOU","10","175","GOVOU","27 Jul 1979","Sidney Rodrigue Noukpo","GOVOU","Forward","Lyon","FRA","France"
"Andre Pierre GIGNAC","11","187","GIGNAC","05 Dec 1985","Andr Pierre","GIGNAC","Forward","Toulouse","FRA","France"
"Thierry HENRY","12","188","HENRY","17 Aug 1977","Thierry Daniel","HENRY","Forward","Barcelona","ESP","France"
"Patrice EVRA","13","171","EVRA","15 May 1981","Patrice Latyr","EVRA","Defender","Manchester Utd.","ENG","France"
"Jeremy TOULALAN","14","183","TOULALAN","10 Sep 1983","Jeremy","TOULALAN","Midfielder","Lyon","FRA","France"
"Florent MALOUDA","15","184","MALOUDA","13 Jun 1980","Florent","MALOUDA","Midfielder","Chelsea","ENG","France"
"Steve MANDANDA","16","185","MANDANDA","28 Mar 1985","Steve","MANDANDA","Goalkeeper","Marseille","FRA","France"
"Sebastien SQUILLACI","17","184","SQUILLACI","11 Aug 1980","Sbastien","SQUILLACI","Defender","Sevilla FC","ESP","France"
"Alou DIARRA","18","190","DIARRA","15 Jul 1981","Alou","A. DIARRA","Midfielder","Bordeaux","FRA","France"
"Abou DIABY","19","188","DIABY","11 May 1986","Abou","DIABY","Midfielder","Arsenal","ENG","France"
"Mathieu VALBUENA","20","167","VALBUENA","28 Sep 1984","Mathieu","VALBUENA","Forward","Marseille","FRA","France"
"Nicolas ANELKA","21","185","ANELKA","14 Mar 1979","Nicolas Sebastien","ANELKA","Forward","Chelsea","ENG","France"
"Gael CLICHY","22","181","CLICHY","26 Jul 1985","Gael","CLICHY","Defender","Arsenal","ENG","France"
"Cedric CARRASSO","23","187","CARRASSO","30 Dec 1981","Cedric","CARRASSO","Goalkeeper","Bordeaux","FRA","France"
"Manuel NEUER","1","190","NEUER","27 Mar 1986","Manuel","NEUER","Goalkeeper","Schalke 04","GER","Germany"
"Marcell JANSEN","2","190","JANSEN","04 Nov 1985","Marcell","JANSEN","Midfielder","Hamburger SV","GER","Germany"
"Arne FRIEDRICH","3","185","FRIEDRICH","29 May 1979","Arne","FRIEDRICH","Defender","Hertha Berlin","GER","Germany"
"Dennis AOGO","4","184","AOGO","14 Jan 1987","Dennis","AOGO","Defender","Hamburger SV","GER","Germany"
"Serdar TASCI","5","186","TASCI","24 Apr 1987","Serdar","TASCI","Defender","VfB Stuttgart","GER","Germany"
"Sami KHEDIRA","6","189","KHEDIRA","04 Apr 1987","Sami","KHEDIRA","Midfielder","VfB Stuttgart","GER","Germany"
"Bastian SCHWEINSTEIGER","7","180","SCHWEINSTEIGER","01 Aug 1984","Bastian","SCHWEINSTEIGER","Midfielder","Bayern Munich","GER","Germany"
"Mesut OEZIL","8","182","ZIL","15 Oct 1988","Mesut","ZIL","Midfielder","Werder Bremen","GER","Germany"
"Stefan KIESSLING","9","191","KIESSLING","25 Jan 1984","Stefan","KIESSLING","Forward","Bayer Leverkusen","GER","Germany"
"Lukas PODOLSKI","10","180","PODOLSKI","04 Jun 1985","Lukas Josef","PODOLSKI","Forward","FC Cologne","GER","Germany"
"Miroslav KLOSE","11","182","KLOSE","09 Jun 1978","Miroslaw Josef","KLOSE","Forward","Bayern Munich","GER","Germany"
"Tim WIESE","12","193","WIESE","17 Dec 1981","Tim","WIESE","Goalkeeper","Werder Bremen","GER","Germany"
"Thomas MUELLER","13","186","MLLER","13 Sep 1989","Thomas","MLLER","Midfielder","Bayern Munich","GER","Germany"
"Holger BADSTUBER","14","190","BADSTUBER","13 Mar 1989","Holger","BADSTUBER","Defender","Bayern Munich","GER","Germany"
"Piotr TROCHOWSKI","15","168","TROCHOWSKI","22 Mar 1984","Piotr Artur","TROCHOWSKI","Midfielder","Hamburger SV","GER","Germany"
"Philipp LAHM","16","170","LAHM","11 Nov 1983","Philipp","LAHM","Defender","Bayern Munich","GER","Germany"
"Per MERTESACKER","17","196","MERTESACKER","29 Sep 1984","Per","MERTESACKER","Defender","Werder Bremen","GER","Germany"
"Toni KROOS","18","180","KROOS","04 Jan 1990","Toni","KROOS","Midfielder","Bayer Leverkusen","GER","Germany"
"CACAU","19","180","BARRETO","27 Mar 1981","Claudemir Jeronimo","CACAU","Forward","VfB Stuttgart","GER","Germany"
"Jerome BOATENG","20","192","BOATENG","03 Sep 1988","Jerome","BOATENG","Defender","Hamburger SV","GER","Germany"
"Marko MARIN","21","169","MARIN","13 Mar 1989","Marko","MARIN","Midfielder","Werder Bremen","GER","Germany"
"Hans Joerg BUTT","22","191","BUTT","28 May 1974","Hans Jrg","BUTT","Goalkeeper","Bayern Munich","GER","Germany"
"Mario GOMEZ","23","189","GOMEZ GARCIA","10 Jul 1985","Mario","GOMEZ","Forward","Bayern Munich","GER","Germany"
"Daniel AGYEI","1","186","AGYEI","10 Nov 1989","Daniel","AGYEI","Goalkeeper","Liberty","GHA","Ghana"
"Hans SARPEI","2","178","SARPEI","28 Jun 1976","Hans Adu","SARPEI","Defender","Bayer Leverkusen","GER","Ghana"
"Asamoah GYAN","3","186","GYAN","22 Nov 1985","Asamoah","A. GYAN","Forward","Rennes","FRA","Ghana"
"John PANTSIL","4","178","PANTSIL","15 Jun 1981","John","PANTSIL","Defender","Fulham","ENG","Ghana"
"John MENSAH","5","177","MENSAH","29 Nov 1982","John","MENSAH","Defender","Sunderland","ENG","Ghana"
"Anthony ANNAN","6","171","ANNAN","21 Jul 1986","Anthony","ANNAN","Midfielder","Rosenborg","NOR","Ghana"
"Samuel INKOOM","7","179","INKOOM","01 Jun 1989","Samuel","INKOOM","Defender","Basel","SUI","Ghana"
"Jonathan MENSAH","8","182","MENSAH","13 Jul 1990","Jonathan","JONATHAN","Defender","Free State Stars","RSA","Ghana"
"Derek BOATENG","9","185","BOATENG","02 May 1983","Derek Owusu","D. BOATENG","Midfielder","Getafe","ESP","Ghana"
"Stephen APPIAH","10","178","APPIAH","24 Dec 1980","Stephen","S. APPIAH","Midfielder","Bologna","ITA","Ghana"
"Sulley MUNTARI","11","180","MUNTARI","27 Aug 1984","Sulley Ali","MUNTARI","Midfielder","Inter","ITA","Ghana"
"Prince TAGOE","12","179","TAGOE","09 Nov 1986","Prince","TAGOE","Forward","Hoffenheim","GER","Ghana"
"Andre AYEW","13","175","AYEW","17 Dec 1989","Andre Morgan Rami","A. AYEW","Midfielder","Arles","FRA","Ghana"
"Matthew AMOAH","14","175","AMOAH","24 Oct 1980","Matthew","AMOAH","Forward","NAC Breda","NED","Ghana"
"Isaac VORSAH","15","180","VORSAH","21 Jun 1988","Isaac","VORSAH","Defender","Hoffenheim","GER","Ghana"
"Stephen AHORLU","16","179","AHORLU","05 Sep 1988","Stephen","AHORLU","Goalkeeper","Heart of Lions","GHA","Ghana"
"Ibrahim AYEW","17","176","AYEW","16 Apr 1988","Ibrahim","I. AYEW","Defender","Zamalek","EGY","Ghana"
"Dominic ADIYIAH","18","170","ADIYIAH","29 Nov 1989","Dominic","ADIYIAH","Forward","AC Milan","ITA","Ghana"
"Lee ADDY","19","178","ADDY","26 Sep 1985","Lee","ADDY","Defender","Bechem Chelsea","GHA","Ghana"
"Quincy OWUSU-ABEYIE","20","180","OWUSU-ABEYIE","15 Apr 1986","Quincy Jamie","OWUSU ABEYIE","Forward","Al Sadd","QAT","Ghana"
"Kwadwo ASAMOAH","21","168","ASAMOAH","09 Dec 1988","Kwadwo","K. ASAMOAH","Midfielder","Udinese","ITA","Ghana"
"Richard KINGSON","22","182","KINGSON","13 Jun 1978","Richard","KINGSON","Goalkeeper","Wigan","ENG","Ghana"
"Kevin Prince BOATENG","23","182","BOATENG","06 Mar 1987","Kevin Prince","PRINCE","Forward","Portsmouth","ENG","Ghana"
"Konstantinos CHALKIAS","1","198","CHALKIAS","30 May 1974","Konstantinos","CHALKIAS","Goalkeeper","PAOK","GRE","Greece"
"Giourkas SEITARIDIS","2","185","SEITARIDIS","04 Jun 1981","Georgios","GIOURKAS","Defender","Panathinaikos","GRE","Greece"
"Christos PATSATZOGLOU","3","183","PATSATZOGLOU","19 Mar 1979","Christos","PATSA","Defender","Omonia","CYP","Greece"
"Nikos SPIROPOULOS","4","171","SPYROPOULOS","10 Oct 1983","Nikolaos","SPYROPOULOS","Defender","Panathinaikos","GRE","Greece"
"Vangelis MORAS","5","193","MORAS","26 Aug 1981","Evangelos","MORAS","Defender","Bologna","ITA","Greece"
"Alexandros TZIOLIS","6","190","TZIOLIS","13 Feb 1985","Alexandros","TZIOLIS","Midfielder","Siena","ITA","Greece"
"Georgios SAMARAS","7","192","SAMARAS","21 Feb 1985","Georgios","SAMARAS","Forward","Celtic","SCO","Greece"
"Avraam PAPADOPOULOS","8","186","PAPADOPOULOS","03 Dec 1984","Avraam","PAPADOPOULOS","Defender","Olympiacos","GRE","Greece"
"Angelos CHARISTEAS","9","191","CHARISTEAS","09 Feb 1980","Angelos","CHARISTEAS","Forward","Nuremberg","GER","Greece"
"Georgios KARAGOUNIS","10","176","KARAGKOUNIS","06 Mar 1977","Georgios","KARAGOUNIS","Midfielder","Panathinaikos","GRE","Greece"
"Loukas VYNTRA","11","184","VYNTRA","05 Feb 1981","Loukas","VYNTRA","Defender","Panathinaikos","GRE","Greece"
"Alexandros TZORVAS","12","190","TZORVAS","12 Aug 1982","Alexandros","TZORVAS","Goalkeeper","Panathinaikos","GRE","Greece"
"Michail SIFAKIS","13","186","SIFAKIS","09 Sep 1984","Michail","SIFAKIS","Goalkeeper","Aris Thessaloniki","GRE","Greece"
"Dimitrios SALPINGIDIS","14","171","SALPINGIDIS","18 Aug 1981","Dimitrios","SALPINGIDIS","Forward","Panathinaikos","GRE","Greece"
"Vasileios TOROSIDIS","15","185","TOROSIDIS","10 Jun 1985","Vasileios","TOROSIDIS","Defender","Olympiacos","GRE","Greece"
"Sotirios KYRGIAKOS","16","192","KYRGIAKOS","23 Jul 1979","Sotirios","KYRGIAKOS","Defender","Liverpool","ENG","Greece"
"Theofanis GEKAS","17","179","GKEKAS","23 May 1980","Theofanis","GEKAS","Forward","Hertha Berlin","GER","Greece"
"Sotiris NINIS","18","173","NINIS","03 Apr 1990","Sotiris","NINIS","Midfielder","Panathinaikos","GRE","Greece"
"Sokratis PAPASTATHOPOULOS","19","186","PAPASTATHOPOULOS","09 Jun 1988","Sokratis","SOKRATIS","Defender","Genoa","ITA","Greece"
"Pantelis KAPETANOS","20","190","KAPETANOS","08 Jun 1983","Pantelis","KAPETANOS","Forward","Steaua","ROU","Greece"
"Konstantinos KATSOURANIS","21","183","KATSOURANIS","21 Jun 1979","Konstantinos","KATSOURANIS","Midfielder","Panathinaikos","GRE","Greece"
"Stelios MALEZAS","22","192","MALEZAS","11 Mar 1985","Stylianos","MALEZAS","Defender","PAOK","GRE","Greece"
"Athanasios PRITTAS","23","185","PRITTAS","09 Jan 1979","Athanasios","PRITTAS","Midfielder","Aris Thessaloniki","GRE","Greece"
"Ricardo CANALES","1","180","CANALES LANZA","30 May 1982","Ricardo Gabriel","CANALES","Goalkeeper","Motagua","HON","Honduras"
"Osman CHAVEZ","2","187","CHAVEZ GUITY","29 Jul 1984","Osman Danilo","CHAVEZ","Defender","Platense","HON","Honduras"
"Maynor FIGUEROA","3","182","FIGUEROA ROCHEZ","02 May 1983","Maynor Alexis","FIGUEROA","Defender","Wigan","ENG","Honduras"
"Jhony PALACIOS","4","182","PALACIOS CACHO","20 Dec 1986","Jhony Eulogio","J. PALACIOS","Defender","Olimpia Tegucigalpa","HON","Honduras"
"Victor BERNARDEZ","5","187","BERNARDEZ BLANCO","24 May 1982","Victor Salvador","BERNARDEZ","Defender","Anderlecht","BEL","Honduras"
"Hendry THOMAS","6","180","THOMAS SUAZO","23 Feb 1985","Hendry Bernardo","THOMAS","Midfielder","Wigan","ENG","Honduras"
"Ramon NUNEZ","7","169","NUNEZ","14 Nov 1985","Ramon Fernando","NUEZ","Midfielder","Olimpia Tegucigalpa","HON","Honduras"
"Wilson PALACIOS","8","176","PALACIOS SUAZO","29 Jul 1984","Wilson Roberto","W. PALACIOS","Midfielder","Tottenham Hotspur","ENG","Honduras"
"Carlos PAVON","9","180","PLUMMER PAVON","09 Oct 1973","Carlos Alberto","PAVON","Forward","Real Espana","HON","Honduras"
"Julio Cesar DE LEON","10","170","DE LEON DAILEY","13 Sep 1979","Julio Cesar","LEON","Midfielder","Torino","ITA","Honduras"
"David SUAZO","11","183","SUAZO VELASQUEZ","05 Nov 1979","Oscar David","SUAZO","Forward","Genoa","ITA","Honduras"
"George WELCOME","12","192","WELCOME COLLINS","09 Mar 1985","George Wilson","WELCOME","Forward","Motagua","HON","Honduras"
"Roger ESPINOZA","13","178","ESPINOZA RAMIREZ","25 Oct 1986","Roger Anibal","ESPINOZA","Forward","Kansas City Wizards","USA","Honduras"
"Oscar GARCIA","14","176","GARCIA RAMIREZ","04 Sep 1984","Oscar Boniek","GARCIA","Defender","Olimpia Tegucigalpa","HON","Honduras"
"Walter MARTINEZ","15","166","MARTINEZ RAMOS","24 Mar 1982","Walter Julian","MARTINEZ","Forward","Marathon","HON","Honduras"
"Mauricio SABILLON","16","180","SABILLON PEA","11 Nov 1978","Mauricio Alberto","SABILLON","Defender","Hangzhou Greentown","CHN","Honduras"
"Edgar ALVAREZ","17","170","ALVAREZ REYES","18 Jan 1980","Edgar Anthony","ALVAREZ","Midfielder","Bari","ITA","Honduras"
"Noel VALLADARES","18","179","VALLADARES BONILLA","03 May 1977","Noel Eduardo","VALLADARES","Goalkeeper","Olimpia Tegucigalpa","HON","Honduras"
"Danilo TURCIOS","19","166","TURCIOS FUNEZ","08 May 1978","Elvis Danilo","TURCIOS","Midfielder","Olimpia Tegucigalpa","HON","Honduras"
"Amado GUEVARA","20","176","GUEVARA","02 May 1976","Amado","GUEVARRA","Midfielder","Motagua","HON","Honduras"
"Emilio IZAGUIRRE","21","178","IZAGUIRRE GIRON","10 May 1986","Emilio Arturo","IZAGUIRRE","Defender","Motagua","HON","Honduras"
"Donis ESCOBER","22","180","ESCOBER IZAGUIRRE","03 Feb 1981","Donis Salatiel","ESCOBER","Goalkeeper","Olimpia Tegucigalpa","HON","Honduras"
"Sergio MENDOZA","23","177","MENDOZA ESCOBAR","23 May 1981","Sergio Giovany","MENDOZA","Defender","Motagua","HON","Honduras"
"Gianluigi BUFFON","1","190","BUFFON","28 Jan 1978","Gianluigi","BUFFON","Goalkeeper","Juventus","ITA","Italy"
"Christian MAGGIO","2","184","MAGGIO","11 Feb 1982","Christian","MAGGIO","Defender","Napoli","ITA","Italy"
"Domenico CRISCITO","3","175","CRISCITO","30 Dec 1986","Domenico","CRISCITO","Defender","Genoa","ITA","Italy"
"Giorgio CHIELLINI","4","192","CHIELLINI","14 Aug 1984","Giorgio","CHIELLINI","Defender","Juventus","ITA","Italy"
"Fabio CANNAVARO","5","175","CANNAVARO","13 Sep 1973","Fabio","CANNAVARO","Defender","Juventus","ITA","Italy"
"Daniele DE ROSSI","6","182","DE ROSSI","24 Jul 1983","Daniele","DE ROSSI","Midfielder","AS Roma","ITA","Italy"
"Simone PEPE","7","179","PEPE","30 Aug 1983","Simone","PEPE","Midfielder","Udinese","ITA","Italy"
"Gennaro GATTUSO","8","177","GATTUSO","09 Jan 1978","Gennaro Ivan","GATTUSO","Midfielder","AC Milan","ITA","Italy"
"Vincenzo IAQUINTA","9","186","IAQUINTA","21 Nov 1979","Vincenzo","IAQUINTA","Forward","Juventus","ITA","Italy"
"Antonio DI NATALE","10","170","DI NATALE","13 Oct 1977","Antonio","DI NATALE","Forward","Udinese","ITA","Italy"
"Alberto GILARDINO","11","184","GILARDINO","05 Jul 1982","Alberto","GILARDINO","Forward","Fiorentina","ITA","Italy"
"Federico MARCHETTI","12","188","MARCHETTI","07 Feb 1983","Federico","MARCHETTI","Goalkeeper","Cagliari","ITA","Italy"
"Salvatore BOCCHETTI","13","178","BOCCHETTI","30 Nov 1986","Salvatore","BOCCHETTI","Defender","Genoa","ITA","Italy"
"Morgan DE SANCTIS","14","190","DE SANCTIS","26 Mar 1977","Morgan","DE SANCTIS","Goalkeeper","Napoli","ITA","Italy"
"Claudio MARCHISIO","15","179","MARCHISIO","19 Jan 1986","Claudio","MARCHISIO","Midfielder","Juventus","ITA","Italy"
"Mauro CAMORANESI","16","174","CAMORANESI","04 Oct 1976","Mauro German","CAMORANESI","Midfielder","Juventus","ITA","Italy"
"Angelo PALOMBO","17","177","PALOMBO","25 Sep 1981","Angelo","PALOMBO","Midfielder","Sampdoria","ITA","Italy"
"Fabio QUAGLIARELLA","18","180","QUAGLIARELLA","31 Jan 1983","Fabio","QUAGLIARELLA","Forward","Napoli","ITA","Italy"
"Gianluca ZAMBROTTA","19","181","ZAMBROTTA","19 Feb 1977","Gianluca","ZAMBROTTA","Defender","AC Milan","ITA","Italy"
"Giampaolo PAZZINI","20","180","PAZZINI","02 Aug 1984","Giampaolo","PAZZINI","Forward","Sampdoria","ITA","Italy"
"Andrea PIRLO","21","177","PIRLO","19 May 1979","Andrea","PIRLO","Midfielder","AC Milan","ITA","Italy"
"Riccardo MONTOLIVO","22","181","MONTOLIVO","18 Jan 1985","Riccardo","MONTOLIVO","Midfielder","Fiorentina","ITA","Italy"
"Leonardo BONUCCI","23","190","BONUCCI","01 May 1987","Leonardo","BONUCCI","Defender","Bari","ITA","Italy"
"Seigo NARAZAKI","1","187","NARAZAKI","15 Apr 1976","Seigo","NARAZAKI","Goalkeeper","Nagoya Grampus Eight","JPN","Japan"
"Yuki ABE","2","177","ABE","06 Sep 1981","Yuki","ABE","Midfielder","Urawa Reds","JPN","Japan"
"Yuichi KOMANO","3","172","KOMANO","25 Jul 1981","Yuichi","KOMANO","Defender","Jubilo Iwata","JPN","Japan"
"Marcus Tulio TANAKA","4","185","TANAKA","24 Apr 1981","Marcus Tulio Lyuji Murzani","TULIO","Defender","Nagoya Grampus Eight","JPN","Japan"
"Yuto NAGATOMO","5","170","NAGATOMO","12 Sep 1986","Yuto","NAGATOMO","Defender","FC Tokyo","JPN","Japan"
"Atsuto UCHIDA","6","176","UCHIDA","27 Mar 1988","Atsuto","UCHIDA","Defender","Kashima Antlers","JPN","Japan"
"Yasuhito ENDO","7","178","ENDO","28 Jan 1980","Yasuhito","ENDO","Midfielder","Gamba Osaka","JPN","Japan"
"Daisuke MATSUI","8","175","MATSUI","11 May 1981","Daisuke","MATSUI","Midfielder","Grenoble","FRA","Japan"
"Shinji OKAZAKI","9","174","OKAZAKI","16 Apr 1986","Shinji","OKAZAKI","Forward","Shimizu S-Pulse","JPN","Japan"
"Shunsuke NAKAMURA","10","178","NAKAMURA","24 Jun 1978","Shunsuke","NAKAMURA","Midfielder","Yokohama F Marinos","JPN","Japan"
"Keiji TAMADA","11","173","TAMADA","11 Apr 1980","Keiji","TAMADA","Forward","Nagoya Grampus Eight","JPN","Japan"
"Kisho YANO","12","185","YANO","05 Apr 1984","Kisho","YANO","Forward","Albirex Niigata","JPN","Japan"
"Daiki IWAMASA","13","187","IWAMASA","30 Jan 1982","Daiki","IWAMASA","Defender","Kashima Antlers","JPN","Japan"
"Kengo NAKAMURA","14","175","NAKAMURA","31 Oct 1980","Kengo","NAKAMURA","Midfielder","Kawasaki Frontale","JPN","Japan"
"Yasuyuki KONNO","15","178","KONNO","25 Jan 1983","Yasuyuki","KONNO","Defender","FC Tokyo","JPN","Japan"
"Yoshito OKUBO","16","170","OKUBO","09 Jun 1982","Yoshito","OKUBO","Forward","Vissel Kobe","JPN","Japan"
"Makoto HASEBE","17","177","HASEBE","18 Jan 1984","Makoto","HASEBE","Midfielder","Wolfsburg","GER","Japan"
"Keisuke HONDA","18","182","HONDA","13 Jun 1986","Keisuke","HONDA","Midfielder","CSKA Moscow","RUS","Japan"
"Takayuki MORIMOTO","19","180","MORIMOTO","07 May 1988","Takayuki","MORIMOTO","Forward","Catania","ITA","Japan"
"Junichi INAMOTO","20","181","INAMOTO","18 Sep 1979","Junichi","INAMOTO","Midfielder","Kawasaki Frontale","JPN","Japan"
"Eiji KAWASHIMA","21","185","KAWASHIMA","20 Mar 1983","Eiji","KAWASHIMA","Goalkeeper","Kawasaki Frontale","JPN","Japan"
"Yuji NAKAZAWA","22","187","NAKAZAWA","25 Feb 1978","Yuji","NAKAZAWA","Defender","Yokohama F Marinos","JPN","Japan"
"Yoshikatsu KAWAGUCHI","23","180","KAWAGUCHI","15 Aug 1975","Yoshikatsu","KAWAGUCHI","Goalkeeper","Jubilo Iwata","JPN","Japan"
"RI Myong Guk","1","187","RI","09 Sep 1986","Myong Guk","R. MYONG GUK","Goalkeeper","Pyongyang City","PRK","Korea DPR"
"CHA Jong Hyok","2","178","CHA","25 Sep 1985","Jong Hyok","C. JONG HYOK","Defender","Amrokgang","PRK","Korea DPR"
"RI Jun Il","3","178","RI","24 Aug 1987","Jun Il","R. JUN IL","Defender","Sobaeksu","PRK","Korea DPR"
"PAK Nam Chol","4","172","PAK","02 Jul 1985","Nam Chol","P. NAM CHOL","Midfielder","April 25","PRK","Korea DPR"
"RI Kwang Chon","5","183","RI","04 Sep 1985","Kwang Chon","R. KWANG CHON","Defender","April 25","PRK","Korea DPR"
"KIM Kum Il","6","170","KIM","10 Oct 1987","Kum Il","K. KUM IL","Midfielder","April 25","PRK","Korea DPR"
"AN Chol Hyok","7","178","AN","27 Jun 1987","Chol Hyok","A. CHOL HYOK","Forward","Rimyongsu","PRK","Korea DPR"
"JI Yun Nam","8","172","JI","20 Nov 1976","Yun Nam","J. YUN NAM","Defender","April 25","PRK","Korea DPR"
"JONG Tae Se","9","181","JONG","02 Mar 1984","Tae Se","J. TAE SE","Defender","Kawasaki Frontale","JPN","Korea DPR"
"HONG Yong Jo","10","174","HONG","22 May 1982","Yong Jo","H. YONG JO","Forward","FK Rostov","RUS","Korea DPR"
"MUN In Guk","11","167","MUN","29 Sep 1978","In Guk","M. IN GUK","Midfielder","April 25","PRK","Korea DPR"
"CHOE Kum Chol","12","178","CHOE","09 Feb 1987","Kum Chol","C. KUM CHOL","Forward","April 25","PRK","Korea DPR"
"PAK Chol Jin","13","184","PAK","05 Sep 1985","Chol Jin","P. CHOL JIN","Defender","Amrokgang","PRK","Korea DPR"
"PAK Nam Chol","14","183","PAK","03 Oct 1988","Nam Chol","P. NAM CHOL","Defender","Amrokgang","PRK","Korea DPR"
"KIM Yong Jun","15","182","KIM","19 Jul 1983","Yong Jun","K. YONG JUN","Midfielder","Pyongyang City","PRK","Korea DPR"
"NAM Song Chol","16","178","NAM","07 May 1982","Song Chol","N. SONG CHOL","Defender","April 25","PRK","Korea DPR"
"AN Yong Hak","17","182","AN","25 Oct 1978","Yong Hak","A. YONG HAK","Midfielder","Omiya Ardija","JPN","Korea DPR"
"KIM Myong Gil","18","181","KIM","16 Oct 1984","Myong Gil","K. MYONG GIL","Goalkeeper","Amrokgang","PRK","Korea DPR"
"RI Chol Myong","19","173","RI","18 Feb 1988","Chol Myong","R. CHOL MYONG","Midfielder","Pyongyang City","PRK","Korea DPR"
"KIM Myong Won","20","180","KIM","15 Jul 1983","Myong Won","K. MYONG WON","Goalkeeper","Amrokgang","PRK","Korea DPR"
"RI Kwang Hyok","21","178","RI","17 Aug 1987","Kwang Hyok","R. KWANG HYOK","Defender","Kyonggongop","PRK","Korea DPR"
"KIM Kyong Il","22","174","KIM","11 Dec 1988","Kyong Il","K. KYONG IL","Midfielder","Rimyongsu","PRK","Korea DPR"
"PAK Sung Hyok","23","175","PAK","30 May 1990","Sung Hyok","P. SUNG HYOK","Midfielder","Sobaeksu","PRK","Korea DPR"
"LEE Woon Jae","1","182","LEE","26 Apr 1973","Woon Jae","WOONJAE","Goalkeeper","Suwon Bluewings","KOR","Korea Republic"
"OH Beom Seok","2","181","OH","29 Jul 1984","Beom Seok","BEOMSEOK","Defender","Ulsan Hyundai","KOR","Korea Republic"
"KIM Hyung Il","3","187","KIM","27 Apr 1984","Hyung Il","HYUNGIL","Defender","Pohang Steelers","KOR","Korea Republic"
"CHO Yong Hyung","4","182","CHO","03 Nov 1983","Yong Hyung","YONGHYUNG","Defender","Jeju Utd.","KOR","Korea Republic"
"KIM Nam Il","5","180","KIM","14 Mar 1977","Nam Il","NAMIL","Midfielder","Tom Tomsk","RUS","Korea Republic"
"KIM Bo Kyung","6","178","KIM","06 Oct 1989","Bo Kyung","BOKYUNG","Midfielder","Oita Trinita","JPN","Korea Republic"
"PARK Ji Sung","7","178","PARK","25 Feb 1981","Ji Sung","JISUNG","Midfielder","Manchester Utd.","ENG","Korea Republic"
"KIM Jung Woo","8","183","KIM","09 May 1982","Jung Woo","JUNGWOO","Midfielder","Gwangju Sangmu","KOR","Korea Republic"
"AHN Jung Hwan","9","177","AHN","27 Jan 1976","Jung Hwan","JUNGHWAN","Forward","Dalian Shide","CHN","Korea Republic"
"PARK Chu Young","10","183","PARK","10 Jul 1985","Chu Young","CHUYOUNG","Forward","Monaco","FRA","Korea Republic"
"LEE Seung Yeoul","11","183","LEE","06 Mar 1989","Seung Yeoul","SEUNGYEOUL","Forward","FC Seoul","KOR","Korea Republic"
"LEE Young Pyo","12","177","LEE","23 Apr 1977","Young Pyo","YOUNGPYO","Defender","Al Hilal","KSA","Korea Republic"
"KIM Jae Sung","13","180","KIM","03 Oct 1983","Jae Sung","JAESUNG","Midfielder","Pohang Steelers","KOR","Korea Republic"
"LEE Jung Soo","14","185","LEE","08 Jan 1980","Jung Soo","JUNGSOO","Defender","Kashima Antlers","JPN","Korea Republic"
"KIM Dong Jin","15","184","KIM","29 Jan 1982","Dong Jin","DONGJIN","Defender","Ulsan Hyundai","KOR","Korea Republic"
"KI Sung Yueng","16","187","KI","24 Jan 1989","Sung Yueng","SUNGYUENG","Midfielder","Celtic","SCO","Korea Republic"
"LEE Chung Yong","17","180","LEE","02 Jul 1988","Chung Yong","CHUNGYONG","Midfielder","Bolton Wanderers","ENG","Korea Republic"
"JUNG Sung Ryong","18","190","JUNG","04 Jan 1985","Sung Ryong","SUNGRYONG","Goalkeeper","Seongnam Ilhwa Chunma","KOR","Korea Republic"
"YEOM Ki Hun","19","182","YEOM","30 Mar 1983","Ki Hun","KIHUN","Midfielder","Suwon Bluewings","KOR","Korea Republic"
"LEE Dong Gook","20","187","LEE","29 Apr 1979","Dong Gook","DONGGOOK","Forward","Jeonbuk Motors","KOR","Korea Republic"
"KIM Young Kwang","21","184","KIM","28 Jun 1983","Young Kwang","YOUNGKWANG","Goalkeeper","Ulsan Hyundai","KOR","Korea Republic"
"CHA Du Ri","22","181","CHA","25 Jul 1980","Du Ri","DURI","Defender","SC Freiburg","GER","Korea Republic"
"KANG Min Soo","23","186","KANG","14 Feb 1986","Min Soo","MINSOO","Defender","Suwon Bluewings","KOR","Korea Republic"
"Oscar PEREZ","1","174","PEREZ ROJAS","01 Feb 1973","Oscar","O PEREZ","Goalkeeper","Jaguares","MEX","Mexico"
"Francisco RODRIGUEZ","2","191","RODRIGUEZ PINEDO","20 Oct 1981","Francisco Javier","F RODRIGUEZ","Defender","PSV Eindhoven","NED","Mexico"
"Carlos SALCIDO","3","176","SALCIDO FLORES","02 Apr 1980","Carlos Arnoldo","C SALCIDO","Defender","PSV Eindhoven","NED","Mexico"
"Rafael MARQUEZ","4","182","MRQUEZ ALVAREZ","13 Feb 1979","Rafael","R MARQUEZ","Defender","Barcelona","ESP","Mexico"
"Ricardo OSORIO","5","173","OSORIO MENDOZA","30 Mar 1980","Ricardo","R OSORIO","Defender","VfB Stuttgart","GER","Mexico"
"Gerardo TORRADO","6","174","TORRADO DIEZ DE BONILLA","30 Apr 1979","Gerardo","G TORRADO","Midfielder","Cruz Azul","MEX","Mexico"
"Pablo BARRERA","7","172","BARRERA ACOSTA","21 Jun 1987","Pablo Edson","P BARRERA","Forward","Pumas UNAM","MEX","Mexico"
"Israel CASTRO","8","175","CASTRO MARCIAS","20 Dec 1980","Israel","I CASTRO","Midfielder","Pumas UNAM","MEX","Mexico"
"Guillermo FRANCO","9","182","FRANCO FARQUARSON","03 Nov 1976","Guillermo Luis","G FRANCO","Forward","West Ham Utd.","ENG","Mexico"
"Cuauhtemoc BLANCO","10","177","BLANCO BRAVO","17 Jan 1973","Cuauhtemoc","C BLANCO","Forward","Veracruz","MEX","Mexico"
"Carlos VELA","11","179","VELA GARRIDO","01 Mar 1989","Carlos Alberto","C VELA","Forward","Arsenal","ENG","Mexico"
"Paul AGUILAR","12","178","AGUILAR ROJAS","06 Mar 1986","Paul Nicolas","P AGUILAR","Defender","Pachuca","MEX","Mexico"
"Guillermo OCHOA","13","183","OCHOA MAGAA","13 Jul 1985","Francisco Guillermo","G OCHOA","Goalkeeper","America","MEX","Mexico"
"Javier HERNANDEZ","14","175","HERNANDEZ BALCAZAR","01 Jun 1988","Javier","J HERNANDEZ","Forward","Chivas","MEX","Mexico"
"Hector MORENO","15","184","MORENO HERRERA","17 Jan 1988","Hector Alfredo","H MORENO","Defender","AZ Alkmaar","NED","Mexico"
"Efrain JUAREZ","16","175","JUAREZ VALDEZ","22 Feb 1988","Efrain","E JUAREZ","Defender","Pumas UNAM","MEX","Mexico"
"Giovani DOS SANTOS","17","175","DOS SANTOS RAMIREZ","11 May 1989","Giovani","G DOS SANTOS","Forward","Galatasaray","TUR","Mexico"
"Andres GUARDADO","18","169","GUARDADO HERNANDEZ","28 Sep 1986","Jos Andrs","A GUARDADO","Midfielder","Deportivo La Coruna","ESP","Mexico"
"Jonny MAGALLON","19","178","MAGALLON OLIVA","21 Nov 1981","Jose Jonny","J MAGALLON","Defender","Chivas","MEX","Mexico"
"Jorge TORRES","20","182","TORRES NILO","16 Jan 1988","Jorge Emmanuel","J TORRES","Midfielder","Atlas","MEX","Mexico"
"Adolfo BAUTISTA","21","185","BAUTISTA HERRERA","15 May 1979","Adolfo","A BAUTISTA","Forward","Chivas","MEX","Mexico"
"Alberto MEDINA","22","172","MEDINA BRISENO","29 May 1983","Alberto","A MEDINA","Forward","Chivas","MEX","Mexico"
"Luis MICHEL","23","183","MICHEL VERGARA","21 Jul 1979","Luis Ernesto","L MICHEL","Goalkeeper","Chivas","MEX","Mexico"
"Maarten STEKELENBURG","1","197","STEKELENBURG","22 Sep 1982","Maarten","STEKELENBURG","Goalkeeper","Ajax","NED","Netherlands"
"Gregory VAN DER WIEL","2","180","VAN DER WIEL","03 Feb 1988","Gregory Kurtley","VAN DER WIEL","Defender","Ajax","NED","Netherlands"
"John HEITINGA","3","182","HEITINGA","15 Nov 1983","John Gijsbert Alan","HEITINGA","Defender","Everton","ENG","Netherlands"
"Joris MATHIJSEN","4","182","MATHIJSEN","05 Apr 1980","Joris","MATHIJSEN","Defender","Hamburger SV","GER","Netherlands"
"Giovanni VAN BRONCKHORST","5","176","VAN BRONCKHORST","05 Feb 1975","Giovanni Christiaan","V. BRONCKHORST","Defender","Feyenoord","NED","Netherlands"
"Mark VAN BOMMEL","6","187","VAN BOMMEL","22 Apr 1977","Mark Peter Gertruda Andreas","V. BOMMEL","Midfielder","Bayern Munich","GER","Netherlands"
"Dirk KUYT","7","183","KUIJT","22 Jul 1980","Dirk","KUYT","Forward","Liverpool","ENG","Netherlands"
"Nigel DE JONG","8","174","DE JONG","30 Nov 1984","Nigel","DE JONG","Midfielder","Manchester City","ENG","Netherlands"
"Robin VAN PERSIE","9","184","VAN PERSIE","06 Aug 1983","Robin","V. PERSIE","Forward","Arsenal","ENG","Netherlands"
"Wesley SNEIJDER","10","170","SNEIJDER","09 Jun 1984","Wesley","SNEIJDER","Midfielder","Inter","ITA","Netherlands"
"Arjen ROBBEN","11","180","ROBBEN","23 Jan 1984","Arjen","ROBBEN","Forward","Bayern Munich","GER","Netherlands"
"Khalid BOULAHROUZ","12","184","BOULAHROUZ","28 Dec 1981","Khalid","BOULAHROUZ","Defender","VfB Stuttgart","GER","Netherlands"
"Andre OOIJER","13","184","OOIJER","11 Jul 1974","Andre Antonius Maria","OOIJER","Defender","PSV Eindhoven","NED","Netherlands"
"Demy DE ZEEUW","14","174","DE ZEEUW","26 May 1983","Demy Patrick Ren","DE ZEEUW","Midfielder","Ajax","NED","Netherlands"
"Edson BRAAFHEID","15","174","BRAAFHEID","08 Apr 1983","Edson Ren","BRAAFHEID","Defender","Celtic","SCO","Netherlands"
"Michel VORM","16","182","VORM","20 Oct 1983","Michel","VORM","Goalkeeper","Utrecht","NED","Netherlands"
"Eljero ELIA","17","177","ELIA","13 Feb 1987","Eljero George Rinaldo","ELIA","Forward","Hamburger SV","GER","Netherlands"
"Stijn SCHAARS","18","178","SCHAARS","11 Jan 1984","Stephanus Johannes","SCHAARS","Midfielder","AZ Alkmaar","NED","Netherlands"
"Ryan BABEL","19","185","BABEL","19 Dec 1986","Ryan Guno","BABEL","Forward","Liverpool","ENG","Netherlands"
"Ibrahim AFELLAY","20","184","AFELLAY","02 Apr 1986","Ibrahim","AFELLAY","Midfielder","PSV Eindhoven","NED","Netherlands"
"Klaas Jan HUNTELAAR","21","185","HUNTELAAR","12 Aug 1983","Dirk Klaas Jan","HUNTELAAR","Forward","AC Milan","ITA","Netherlands"
"Sander BOSCHKER","22","185","BOSCHKER","20 Oct 1970","Sander Bernard Jozef","BOSCHKER","Goalkeeper","Twente Enschede","NED","Netherlands"
"Rafael VAN DER VAART","23","178","VAN DER VAART","11 Feb 1983","Rafael Ferdinand","VAN DER VAART","Midfielder","Real Madrid","ESP","Netherlands"
"Mark PASTON","1","195","PASTON","13 Dec 1976","Mark Nelson","PASTON","Goalkeeper","Wellington Phoenix","NZL","New Zealand"
"Ben SIGMUND","2","187","SIGMUND","03 Feb 1981","Benjamin Robert","SIGMUND","Defender","Wellington Phoenix","NZL","New Zealand"
"Tony LOCHHEAD","3","183","LOCHHEAD","12 Jan 1982","Tony James","LOCHHEAD","Defender","Wellington Phoenix","NZL","New Zealand"
"Winston REID","4","190","REID","03 Jul 1988","Winston Wiremu","REID","Defender","Midtjylland","DEN","New Zealand"
"Ivan VICELICH","5","193","VICELICH","03 Sep 1976","Ivan Robert","VICELICH","Defender","Auckland City","NZL","New Zealand"
"Ryan NELSEN","6","185","NELSEN","18 Oct 1977","Ryan William","NELSEN","Defender","Blackburn Rovers","ENG","New Zealand"
"Simon ELLIOTT","7","180","ELLIOTT","10 Jun 1974","Simon John","ELLIOTT","Midfielder","No club affiliation","UNK","New Zealand"
"Tim BROWN","8","185","BROWN","06 Mar 1981","Timothy Oliver","BROWN","Midfielder","Wellington Phoenix","NZL","New Zealand"
"Shane SMELTZ","9","184","SMELTZ","29 Sep 1981","Shane Edward","SMELTZ","Forward","Gold Coast United","AUS","New Zealand"
"Chris KILLEN","10","188","KILLEN","08 Oct 1981","Christopher John","KILLEN","Forward","Middlesbrough","ENG","New Zealand"
"Leo BERTOS","11","177","BERTOS","20 Dec 1981","Leonidas Christos","BERTOS","Midfielder","Wellington Phoenix","NZL","New Zealand"
"Glen MOSS","12","188","MOSS","19 Jan 1983","Glen Robert","MOSS","Goalkeeper","Melbourne Victory","AUS","New Zealand"
"Andy BARRON","13","178","BARRON","24 Dec 1980","Andrew","BARRON","Midfielder","Team Wellington","NZL","New Zealand"
"Rory FALLON","14","191","FALLON","20 Mar 1982","Rory Micheal","FALLON","Forward","Plymouth Argyle","ENG","New Zealand"
"Michael McGLINCHEY","15","173","MC GLINCHEY","07 Jan 1987","Michael Ryan","MCGLINCHEY","Midfielder","Motherwell","SCO","New Zealand"
"Aaron CLAPHAM","16","172","CLAPHAM","15 Jan 1987","Aaron Daniel","CLAPHAM","Midfielder","Canterbury Utd.","NZL","New Zealand"
"Dave MULLIGAN","17","173","MULLIGAN","24 Mar 1982","David James","MULLIGAN","Midfielder","No club affiliation","UNK","New Zealand"
"Andy BOYENS","18","192","BOYENS","18 Sep 1983","Andrew Victor","BOYENS","Defender","New York Red Bulls","USA","New Zealand"
"Tommy SMITH","19","187","SMITH","31 Mar 1990","Thomas Jefferson","SMITH","Defender","Ipswich Town","ENG","New Zealand"
"Chris WOOD","20","191","WOOD","07 Dec 1991","Christopher Grant","WOOD","Forward","West Bromwich Albion","ENG","New Zealand"
"Jeremy CHRISTIE","21","180","CHRISTIE","22 May 1983","Jeremy John","CHRISTIE","Midfielder","Tampa Bay","USA","New Zealand"
"Jeremy BROCKIE","22","182","BROCKIE","07 Oct 1987","Jeremy Russell","BROCKIE","Forward","Newcastle United Jets","AUS","New Zealand"
"James BANNATYNE","23","195","BANNATYNE","30 Jun 1975","James Alexander","BANNATYNE","Goalkeeper","Team Wellington","NZL","New Zealand"
"Vincent ENYEAMA","1","185","ENYEAMA","29 Aug 1982","Vincent","ENYEAMA","Goalkeeper","Hapoel Tel-Aviv","ISR","Nigeria"
"Joseph YOBO","2","185","YOBO","06 Sep 1980","Joseph","YOBO","Defender","Everton","ENG","Nigeria"
"Taye TAIWO","3","188","ISMAILA TAIWO","16 Apr 1985","Taye","TAIWO","Defender","Marseille","FRA","Nigeria"
"Nwankwo KANU","4","197","KANU","01 Aug 1976","Nwankwo","KANU","Midfielder","Portsmouth","ENG","Nigeria"
"Rabiu AFOLABI","5","183","AFOLABI","18 Apr 1980","Rabiu","AFOLABI","Defender","Red Bull Salzburg","AUT","Nigeria"
"Danny SHITTU","6","190","SHITTU","02 Sep 1980","Daniel Olusola","SHITTU","Defender","Bolton Wanderers","ENG","Nigeria"
"John UTAKA","7","179","UTAKA","08 Jan 1982","John Chukwudi","UTAKA","Forward","Portsmouth","ENG","Nigeria"
"Yakubu AIYEGBENI","8","188","AIYEGBENI","22 Nov 1982","Yakubu","YAKUBU","Forward","Everton","ENG","Nigeria"
"Obafemi MARTINS","9","170","MARTINS","28 Oct 1984","Obafemi Akinwunmi","MARTINS","Forward","Wolfsburg","GER","Nigeria"
"John Obi MIKEL","10","191","MIKEL","22 Apr 1987","John Obi","MIKEL","Midfielder","Chelsea","ENG","Nigeria"
"Peter ODEMWINGIE","11","181","ODEMWINGIE","15 Jul 1981","Peter Osaze","ODEMWINGIE","Forward","Lokomotiv Moscow","RUS","Nigeria"
"Kalu UCHE","12","171","UCHE","15 Nov 1982","Kalu","UCHE","Midfielder","Almeria","ESP","Nigeria"
"Yussuf AYILA","13","179","AYILA","04 Nov 1984","Yussuf Atanda","AYILA","Midfielder","Dynamo Kyiv","UKR","Nigeria"
"Sani KAITA","14","180","KAITA","02 May 1986","Sani Haruna","KAITA","Midfielder","Alania Vladikavkaz","RUS","Nigeria"
"Lukman HARUNA","15","177","HARUNA","04 Dec 1990","Lukman","HARUNA","Midfielder","Monaco","FRA","Nigeria"
"Austin EJIDE","16","186","EJIDE","08 Apr 1984","Austine Amamchukwu","EJIDE","Goalkeeper","Hapoel Petah Tikva","ISR","Nigeria"
"Chidi ODIAH","17","181","ODIAH","17 Dec 1983","Chidi","ODIAH","Defender","CSKA Moscow","RUS","Nigeria"
